word,high_frequency,low_frequency,difference
jee,0.7486238532,0.09174311927,0.6568807339
haridwar,0.1908256881,0,0.1908256881
ideas,0.2146788991,0.02935779817,0.1853211009
iit,0.176146789,0.01100917431,0.1651376147
shayari,0.1651376147,0,0.1651376147
week,0.2128440367,0.07889908257,0.1339449541
assamese,0.1064220183,0.001834862385,0.104587156
aspirant,0.1706422018,0.08256880734,0.0880733945
thumbnail,0.1174311927,0.03119266055,0.08623853211
life,0.8275229358,0.7541284404,0.07339449541
family,0.08990825688,0.02018348624,0.06972477064
ganga,0.06972477064,0.001834862385,0.06788990826
music,0.1174311927,0.05321100917,0.06422018349
neet,0.09541284404,0.03302752294,0.0623853211
live,0.09357798165,0.03302752294,0.06055045872
status,0.0623853211,0.007339449541,0.05504587156
love,0.1247706422,0.07155963303,0.05321100917
faceless,0.0495412844,0,0.0495412844
sad,0.05321100917,0.003669724771,0.0495412844
small,0.2018348624,0.1541284404,0.04770642202
uttarakhand,0.04587155963,0.001834862385,0.04403669725
hours,0.06788990826,0.02568807339,0.04220183486
chemistry,0.04587155963,0.005504587156,0.04036697248
work,0.0752293578,0.03486238532,0.04036697248
aarti,0.03853211009,0,0.03853211009
real,0.1779816514,0.1394495413,0.03853211009
bangla,0.04587155963,0.009174311927,0.03669724771
har,0.05688073394,0.02018348624,0.03669724771
news,0.04770642202,0.01100917431,0.03669724771
pomodoro,0.04403669725,0.007339449541,0.03669724771
update,0.03853211009,0.003669724771,0.03486238532
result,0.04036697248,0.007339449541,0.03302752294
session,0.04220183486,0.01100917431,0.03119266055
story,0.0495412844,0.01834862385,0.03119266055
lucknow,0.03119266055,0.001834862385,0.02935779817
name,0.03669724771,0.007339449541,0.02935779817
time,0.09357798165,0.06422018349,0.02935779817
bhi,0.05321100917,0.02568807339,0.02752293578
emotional,0.02935779817,0.001834862385,0.02752293578
free,0.05321100917,0.02568807339,0.02752293578
mahindra,0.02752293578,0,0.02752293578
school,0.05321100917,0.02568807339,0.02752293578
board,0.03669724771,0.01100917431,0.02568807339
bombay,0.02568807339,0,0.02568807339
com,0.03486238532,0.009174311927,0.02568807339
hindi,0.09724770642,0.07155963303,0.02568807339
reality,0.03119266055,0.005504587156,0.02568807339
university,0.03119266055,0.005504587156,0.02568807339
urdu,0.02568807339,0,0.02568807339
back,0.0495412844,0.02568807339,0.02385321101
boards,0.04036697248,0.01651376147,0.02385321101
full,0.0752293578,0.05137614679,0.02385321101
podi,0.02385321101,0,0.02385321101
village,0.06422018349,0.04036697248,0.02385321101
why,0.03669724771,0.0128440367,0.02385321101
bihu,0.02201834862,0,0.02201834862
exam,0.1064220183,0.08440366972,0.02201834862
focus,0.0623853211,0.04036697248,0.02201834862
happy,0.02752293578,0.005504587156,0.02201834862
iitjee,0.02201834862,0,0.02201834862
indori,0.02201834862,0,0.02201834862
instagram,0.06972477064,0.04770642202,0.02201834862
pakistan,0.02201834862,0,0.02201834862
pauri,0.02201834862,0,0.02201834862
prashant,0.02201834862,0,0.02201834862
rahat,0.02201834862,0,0.02201834862
show,0.03302752294,0.01100917431,0.02201834862
tranding,0.02568807339,0.003669724771,0.02201834862
dayinmylife,0.05137614679,0.03119266055,0.02018348624
ders,0.02201834862,0.001834862385,0.02018348624
facebook,0.02568807339,0.005504587156,0.02018348624
focused,0.02935779817,0.009174311927,0.02018348624
hit,0.02935779817,0.009174311927,0.02018348624
jain,0.02018348624,0,0.02018348624
link,0.02752293578,0.007339449541,0.02018348624
long,0.03486238532,0.01467889908,0.02018348624
mains,0.03302752294,0.0128440367,0.02018348624
mbbs,0.02201834862,0.001834862385,0.02018348624
movie,0.02568807339,0.005504587156,0.02018348624
novel,0.02018348624,0,0.02018348624
nyc,0.02018348624,0,0.02018348624
off,0.02385321101,0.003669724771,0.02018348624
recipe,0.02201834862,0.001834862385,0.02018348624
social,0.02568807339,0.005504587156,0.02018348624
tak,0.02752293578,0.007339449541,0.02018348624
xuv,0.02018348624,0,0.02018348624
barish,0.01834862385,0,0.01834862385
big,0.03302752294,0.01467889908,0.01834862385
button,0.02201834862,0.003669724771,0.01834862385
coaching,0.01834862385,0,0.01834862385
code,0.02201834862,0.003669724771,0.01834862385
dance,0.02935779817,0.01100917431,0.01834862385
deep,0.02018348624,0.001834862385,0.01834862385
hope,0.04036697248,0.02201834862,0.01834862385
keshav,0.01834862385,0,0.01834862385
last,0.02385321101,0.005504587156,0.01834862385
little,0.03302752294,0.01467889908,0.01834862385
merve,0.01834862385,0,0.01834862385
nahi,0.03302752294,0.01467889908,0.01834862385
shashi,0.01834862385,0,0.01834862385
sir,0.02385321101,0.005504587156,0.01834862385
songs,0.01834862385,0,0.01834862385
student,0.1798165138,0.1614678899,0.01834862385
tourism,0.01834862385,0,0.01834862385
assam,0.01651376147,0,0.01651376147
bangladesh,0.02018348624,0.003669724771,0.01651376147
beginner,0.05688073394,0.04036697248,0.01651376147
cbse,0.05504587156,0.03853211009,0.01651376147
coffee,0.02201834862,0.005504587156,0.01651376147
coming,0.02935779817,0.0128440367,0.01651376147
creation,0.02385321101,0.007339449541,0.01651376147
dropper,0.01834862385,0.001834862385,0.01651376147
face,0.02201834862,0.005504587156,0.01651376147
familyvlog,0.02752293578,0.01100917431,0.01651376147
guys,0.0495412844,0.03302752294,0.01651376147
high,0.02018348624,0.003669724771,0.01651376147
iitian,0.01834862385,0.001834862385,0.01651376147
media,0.02018348624,0.003669724771,0.01651376147
only,0.02752293578,0.01100917431,0.01651376147
play,0.01651376147,0,0.01651376147
rain,0.01834862385,0.001834862385,0.01651376147
setup,0.03119266055,0.01467889908,0.01651376147
soon,0.02201834862,0.005504587156,0.01651376147
spiritual,0.01651376147,0,0.01651376147
start,0.08990825688,0.07339449541,0.01651376147
thodi,0.01834862385,0.001834862385,0.01651376147
tiktok,0.04403669725,0.02752293578,0.01651376147
writing,0.01651376147,0,0.01651376147
alakh,0.01467889908,0,0.01467889908
baby,0.01834862385,0.003669724771,0.01467889908
being,0.02935779817,0.01467889908,0.01467889908
break,0.02568807339,0.01100917431,0.01467889908
change,0.01651376147,0.001834862385,0.01467889908
channels,0.02201834862,0.007339449541,0.01467889908
consistency,0.04036697248,0.02568807339,0.01467889908
diaries,0.01834862385,0.003669724771,0.01467889908
fest,0.01467889908,0,0.01467889908
gmail,0.02018348624,0.005504587156,0.01467889908
guide,0.02385321101,0.009174311927,0.01467889908
haseenshavlog,0.01467889908,0,0.01467889908
hey,0.03119266055,0.01651376147,0.01467889908
inshot,0.01651376147,0.001834862385,0.01467889908
jainil,0.01467889908,0,0.01467889908
let,0.0495412844,0.03486238532,0.01467889908
mola,0.01467889908,0,0.01467889908
now,0.02935779817,0.01467889908,0.01467889908
office,0.03119266055,0.01651376147,0.01467889908
official,0.02568807339,0.01100917431,0.01467889908
pal,0.01834862385,0.003669724771,0.01467889908
sample,0.01467889908,0,0.01467889908
semester,0.01651376147,0.001834862385,0.01467889908
silver,0.01467889908,0,0.01467889908
stay,0.06055045872,0.04587155963,0.01467889908
struggle,0.03119266055,0.01651376147,0.01467889908
used,0.02385321101,0.009174311927,0.01467889908
way,0.02568807339,0.01100917431,0.01467889908
alone,0.02201834862,0.009174311927,0.0128440367
art,0.03302752294,0.02018348624,0.0128440367
automobile,0.01467889908,0.001834862385,0.0128440367
blogs,0.01834862385,0.005504587156,0.0128440367
building,0.02385321101,0.01100917431,0.0128440367
christian,0.0128440367,0,0.0128440367
dhaka,0.0128440367,0,0.0128440367
easter,0.01467889908,0.001834862385,0.0128440367
everyone,0.03669724771,0.02385321101,0.0128440367
find,0.02201834862,0.009174311927,0.0128440367
funny,0.1467889908,0.1339449541,0.0128440367
group,0.01467889908,0.001834862385,0.0128440367
grow,0.05137614679,0.03853211009,0.0128440367
here,0.04220183486,0.02935779817,0.0128440367
home,0.04220183486,0.02935779817,0.0128440367
jelena,0.0128440367,0,0.0128440367
kanha,0.0128440367,0,0.0128440367
know,0.02752293578,0.01467889908,0.0128440367
krishna,0.01834862385,0.005504587156,0.0128440367
late,0.02018348624,0.007339449541,0.0128440367
lunch,0.0128440367,0,0.0128440367
memories,0.0128440367,0,0.0128440367
mosam,0.0128440367,0,0.0128440367
mrbeastchallenges,0.0128440367,0,0.0128440367
old,0.01651376147,0.003669724771,0.0128440367
painting,0.01834862385,0.005504587156,0.0128440367
potato,0.0128440367,0,0.0128440367
pounds,0.0128440367,0,0.0128440367
problem,0.0128440367,0,0.0128440367
push,0.0128440367,0,0.0128440367
sometimes,0.01467889908,0.001834862385,0.0128440367
spring,0.01467889908,0.001834862385,0.0128440367
still,0.02201834862,0.009174311927,0.0128440367
subscribers,0.02568807339,0.0128440367,0.0128440367
tik,0.0128440367,0,0.0128440367
tok,0.0128440367,0,0.0128440367
topics,0.0128440367,0,0.0128440367
try,0.02568807339,0.0128440367,0.0128440367
uddan,0.0128440367,0,0.0128440367
who,0.02752293578,0.01467889908,0.0128440367
yks,0.0128440367,0,0.0128440367
yoruz,0.0128440367,0,0.0128440367
youtuberlife,0.0128440367,0,0.0128440367
youtubestruggle,0.0128440367,0,0.0128440367
adventures,0.01100917431,0,0.01100917431
anything,0.01100917431,0,0.01100917431
bangladeshi,0.01100917431,0,0.01100917431
bansal,0.01100917431,0,0.01100917431
behind,0.02018348624,0.009174311927,0.01100917431
bhajan,0.0128440367,0.001834862385,0.01100917431
birlikte,0.01100917431,0,0.01100917431
business,0.01651376147,0.005504587156,0.01100917431
camera,0.01651376147,0.005504587156,0.01100917431
check,0.01834862385,0.007339449541,0.01100917431
craft,0.01100917431,0,0.01100917431
dailyroutine,0.06972477064,0.05871559633,0.01100917431
daughter,0.01100917431,0,0.01100917431
dhairya,0.01100917431,0,0.01100917431
different,0.01100917431,0,0.01100917431
during,0.02018348624,0.009174311927,0.01100917431
end,0.02752293578,0.01651376147,0.01100917431
engineering,0.02201834862,0.01100917431,0.01100917431
exams,0.02201834862,0.01100917431,0.01100917431
fibre,0.01100917431,0,0.01100917431
growth,0.06422018349,0.05321100917,0.01100917431
hair,0.0128440367,0.001834862385,0.01100917431
hustle,0.02018348624,0.009174311927,0.01100917431
itna,0.01467889908,0.003669724771,0.01100917431
lifewithoutfilter,0.01100917431,0,0.01100917431
luxury,0.01100917431,0,0.01100917431
maldives,0.01100917431,0,0.01100917431
marathivlog,0.01100917431,0,0.01100917431
much,0.02935779817,0.01834862385,0.01100917431
newvlog,0.01467889908,0.003669724771,0.01100917431
night,0.05321100917,0.04220183486,0.01100917431
paper,0.01467889908,0.003669724771,0.01100917431
par,0.04403669725,0.03302752294,0.01100917431
people,0.02018348624,0.009174311927,0.01100917431
problems,0.01100917431,0,0.01100917431
prod,0.01100917431,0,0.01100917431
reelitfeelit,0.01651376147,0.005504587156,0.01100917431
sandhyana,0.01100917431,0,0.01100917431
saturday,0.01100917431,0,0.01100917431
sbi,0.01100917431,0,0.01100917431
screen,0.01100917431,0,0.01100917431
sessions,0.01467889908,0.003669724771,0.01100917431
shiv,0.01467889908,0.003669724771,0.01100917431
sick,0.01100917431,0,0.01100917431
song,0.05137614679,0.04036697248,0.01100917431
studio,0.01100917431,0,0.01100917431
superhit,0.01100917431,0,0.01100917431
support,0.1816513761,0.1706422018,0.01100917431
than,0.0128440367,0.001834862385,0.01100917431
together,0.04036697248,0.02935779817,0.01100917431
trendingshorts,0.0495412844,0.03853211009,0.01100917431
vihangam,0.01100917431,0,0.01100917431
adhd,0.009174311927,0,0.009174311927
aestheic,0.0128440367,0.003669724771,0.009174311927
after,0.04220183486,0.03302752294,0.009174311927
akshay,0.009174311927,0,0.009174311927
animation,0.01651376147,0.007339449541,0.009174311927
april,0.0128440367,0.003669724771,0.009174311927
aspirants,0.04403669725,0.03486238532,0.009174311927
autosias,0.009174311927,0,0.009174311927
banaen,0.01100917431,0.001834862385,0.009174311927
bansalinstitute,0.009174311927,0,0.009174311927
been,0.009174311927,0,0.009174311927
beginning,0.02201834862,0.0128440367,0.009174311927
between,0.01100917431,0.001834862385,0.009174311927
blogger,0.01834862385,0.009174311927,0.009174311927
blogging,0.01100917431,0.001834862385,0.009174311927
bride,0.009174311927,0,0.009174311927
calorie,0.009174311927,0,0.009174311927
caves,0.009174311927,0,0.009174311927
chandrima,0.009174311927,0,0.009174311927
changes,0.009174311927,0,0.009174311927
chapters,0.009174311927,0,0.009174311927
chhota,0.01100917431,0.001834862385,0.009174311927
chicken,0.01100917431,0.001834862385,0.009174311927
choose,0.009174311927,0,0.009174311927
chronic,0.009174311927,0,0.009174311927
church,0.009174311927,0,0.009174311927
cinematic,0.01834862385,0.009174311927,0.009174311927
cooking,0.05137614679,0.04220183486,0.009174311927
dailyhomecleaningroutine,0.009174311927,0,0.009174311927
dailyvlogs,0.01100917431,0.001834862385,0.009174311927
dear,0.009174311927,0,0.009174311927
description,0.01467889908,0.005504587156,0.009174311927
diml,0.009174311927,0,0.009174311927
dinner,0.009174311927,0,0.009174311927
enjoying,0.0128440367,0.003669724771,0.009174311927
enough,0.009174311927,0,0.009174311927
entry,0.01100917431,0.001834862385,0.009174311927
everything,0.02385321101,0.01467889908,0.009174311927
explorepage,0.03302752294,0.02385321101,0.009174311927
feeling,0.0128440367,0.003669724771,0.009174311927
give,0.02201834862,0.0128440367,0.009174311927
golpo,0.009174311927,0,0.009174311927
green,0.009174311927,0,0.009174311927
growonyoutube,0.01100917431,0.001834862385,0.009174311927
heart,0.01100917431,0.001834862385,0.009174311927
helps,0.01100917431,0.001834862385,0.009174311927
honest,0.0128440367,0.003669724771,0.009174311927
islamic,0.0128440367,0.003669724771,0.009174311927
jeeaspirant,0.01100917431,0.001834862385,0.009174311927
jesus,0.02018348624,0.01100917431,0.009174311927
join,0.02935779817,0.02018348624,0.009174311927
jonathan,0.009174311927,0,0.009174311927
jubin,0.009174311927,0,0.009174311927
kabhi,0.02385321101,0.01467889908,0.009174311927
linkedin,0.009174311927,0,0.009174311927
lyunaff,0.009174311927,0,0.009174311927
mahir,0.009174311927,0,0.009174311927
med,0.009174311927,0,0.009174311927
mehnat,0.009174311927,0,0.009174311927
minutes,0.01100917431,0.001834862385,0.009174311927
miss,0.01467889908,0.005504587156,0.009174311927
modi,0.009174311927,0,0.009174311927
mom,0.02018348624,0.01100917431,0.009174311927
motivated,0.01100917431,0.001834862385,0.009174311927
neckband,0.009174311927,0,0.009174311927
own,0.01834862385,0.009174311927,0.009174311927
pixar,0.009174311927,0,0.009174311927
prank,0.01100917431,0.001834862385,0.009174311927
professional,0.01651376147,0.007339449541,0.009174311927
protein,0.01651376147,0.007339449541,0.009174311927
quality,0.01834862385,0.009174311927,0.009174311927
quran,0.01100917431,0.001834862385,0.009174311927
ready,0.02018348624,0.01100917431,0.009174311927
river,0.0128440367,0.003669724771,0.009174311927
role,0.009174311927,0,0.009174311927
room,0.01651376147,0.007339449541,0.009174311927
shaam,0.009174311927,0,0.009174311927
singh,0.009174311927,0,0.009174311927
smallcreator,0.02018348624,0.01100917431,0.009174311927
snan,0.009174311927,0,0.009174311927
sound,0.02018348624,0.01100917431,0.009174311927
starts,0.009174311927,0,0.009174311927
staying,0.01100917431,0.001834862385,0.009174311927
storytelling,0.02018348624,0.01100917431,0.009174311927
template,0.009174311927,0,0.009174311927
then,0.01834862385,0.009174311927,0.009174311927
timetable,0.01100917431,0.001834862385,0.009174311927
title,0.009174311927,0,0.009174311927
training,0.009174311927,0,0.009174311927
truly,0.009174311927,0,0.009174311927
vrindavan,0.009174311927,0,0.009174311927
weekinmylife,0.0128440367,0.003669724771,0.009174311927
whether,0.01651376147,0.007339449541,0.009174311927
white,0.01100917431,0.001834862385,0.009174311927
without,0.02568807339,0.01651376147,0.009174311927
working,0.01651376147,0.007339449541,0.009174311927
write,0.0128440367,0.003669724771,0.009174311927
years,0.01100917431,0.001834862385,0.009174311927
youtubegrowth,0.01651376147,0.007339449541,0.009174311927
youtubers,0.02568807339,0.01651376147,0.009174311927
ago,0.007339449541,0,0.007339449541
air,0.009174311927,0.001834862385,0.007339449541
algorithm,0.01100917431,0.003669724771,0.007339449541
ambience,0.009174311927,0.001834862385,0.007339449541
anaya,0.007339449541,0,0.007339449541
ancient,0.009174311927,0.001834862385,0.007339449541
artist,0.0128440367,0.005504587156,0.007339449541
artwork,0.007339449541,0,0.007339449541
bageriya,0.007339449541,0,0.007339449541
basic,0.009174311927,0.001834862385,0.007339449541
beach,0.009174311927,0.001834862385,0.007339449541
bestyoutuber,0.007339449541,0,0.007339449541
bewafa,0.007339449541,0,0.007339449541
beyond,0.007339449541,0,0.007339449541
bhulungi,0.007339449541,0,0.007339449541
biet,0.007339449541,0,0.007339449541
black,0.01467889908,0.007339449541,0.007339449541
bug,0.007339449541,0,0.007339449541
campus,0.02018348624,0.0128440367,0.007339449541
cash,0.007339449541,0,0.007339449541
celebration,0.009174311927,0.001834862385,0.007339449541
chat,0.01467889908,0.007339449541,0.007339449541
cheese,0.007339449541,0,0.007339449541
clat,0.007339449541,0,0.007339449541
click,0.009174311927,0.001834862385,0.007339449541
clip,0.007339449541,0,0.007339449541
clips,0.0128440367,0.005504587156,0.007339449541
collegefun,0.009174311927,0.001834862385,0.007339449541
competition,0.007339449541,0,0.007339449541
court,0.007339449541,0,0.007339449541
crazy,0.009174311927,0.001834862385,0.007339449541
crochet,0.007339449541,0,0.007339449541
dard,0.007339449541,0,0.007339449541
der,0.007339449541,0,0.007339449541
desi,0.04036697248,0.03302752294,0.007339449541
didn,0.0128440367,0.005504587156,0.007339449541
dip,0.007339449541,0,0.007339449541
discount,0.007339449541,0,0.007339449541
dji,0.007339449541,0,0.007339449541
documenting,0.007339449541,0,0.007339449541
drone,0.007339449541,0,0.007339449541
earth,0.009174311927,0.001834862385,0.007339449541
easy,0.03853211009,0.03119266055,0.007339449541
emotions,0.007339449541,0,0.007339449541
enjoyed,0.01467889908,0.007339449541,0.007339449541
estudo,0.007339449541,0,0.007339449541
extra,0.007339449541,0,0.007339449541
faith,0.007339449541,0,0.007339449541
festival,0.009174311927,0.001834862385,0.007339449541
few,0.007339449541,0,0.007339449541
fit,0.009174311927,0.001834862385,0.007339449541
form,0.009174311927,0.001834862385,0.007339449541
freedom,0.007339449541,0,0.007339449541
fry,0.007339449541,0,0.007339449541
funnyshorts,0.0128440367,0.005504587156,0.007339449541
gear,0.009174311927,0.001834862385,0.007339449541
god,0.01651376147,0.009174311927,0.007339449541
goo,0.007339449541,0,0.007339449541
grenade,0.007339449541,0,0.007339449541
habit,0.007339449541,0,0.007339449541
holy,0.007339449541,0,0.007339449541
homecleaning,0.007339449541,0,0.007339449541
housewives,0.007339449541,0,0.007339449541
hsc,0.007339449541,0,0.007339449541
ihr,0.007339449541,0,0.007339449541
iitpreparation,0.007339449541,0,0.007339449541
islamicquotes,0.007339449541,0,0.007339449541
japan,0.007339449541,0,0.007339449541
japanese,0.009174311927,0.001834862385,0.007339449541
jass,0.007339449541,0,0.007339449541
jeeadvanced,0.007339449541,0,0.007339449541
jeeclass,0.007339449541,0,0.007339449541
jeemains,0.007339449541,0,0.007339449541
john,0.007339449541,0,0.007339449541
kitchen,0.01100917431,0.003669724771,0.007339449541
knitting,0.007339449541,0,0.007339449541
kornofulirkonna,0.007339449541,0,0.007339449541
kpss,0.007339449541,0,0.007339449541
language,0.01100917431,0.003669724771,0.007339449541
law,0.007339449541,0,0.007339449541
lgs,0.007339449541,0,0.007339449541
links,0.007339449541,0,0.007339449541
living,0.02568807339,0.01834862385,0.007339449541
looks,0.009174311927,0.001834862385,0.007339449541
magh,0.007339449541,0,0.007339449541
maiya,0.007339449541,0,0.007339449541
marathi,0.01100917431,0.003669724771,0.007339449541
masehela,0.007339449541,0,0.007339449541
milk,0.007339449541,0,0.007339449541
milta,0.009174311927,0.001834862385,0.007339449541
min,0.009174311927,0.001834862385,0.007339449541
mistakes,0.007339449541,0,0.007339449541
modification,0.007339449541,0,0.007339449541
modified,0.007339449541,0,0.007339449541
monday,0.01100917431,0.003669724771,0.007339449541
mosham,0.007339449541,0,0.007339449541
mrbeast,0.007339449541,0,0.007339449541
need,0.01834862385,0.01100917431,0.007339449541
never,0.01467889908,0.007339449541,0.007339449541
nothing,0.007339449541,0,0.007339449541
once,0.007339449541,0,0.007339449541
online,0.04220183486,0.03486238532,0.007339449541
ootd,0.007339449541,0,0.007339449541
opening,0.007339449541,0,0.007339449541
osmo,0.007339449541,0,0.007339449541
pain,0.007339449541,0,0.007339449541
parents,0.007339449541,0,0.007339449541
percentile,0.007339449541,0,0.007339449541
photo,0.007339449541,0,0.007339449541
pocket,0.007339449541,0,0.007339449541
rainy,0.01100917431,0.003669724771,0.007339449541
ram,0.01100917431,0.003669724771,0.007339449541
ramanvlogs,0.007339449541,0,0.007339449541
raulane,0.007339449541,0,0.007339449541
reallife,0.0128440367,0.005504587156,0.007339449541
reps,0.007339449541,0,0.007339449541
roadmap,0.007339449541,0,0.007339449541
rupam,0.007339449541,0,0.007339449541
saat,0.007339449541,0,0.007339449541
sagar,0.007339449541,0,0.007339449541
scoring,0.007339449541,0,0.007339449541
season,0.007339449541,0,0.007339449541
shortsbreak,0.007339449541,0,0.007339449541
shot,0.009174311927,0.001834862385,0.007339449541
showing,0.0128440367,0.005504587156,0.007339449541
sony,0.007339449541,0,0.007339449541
sounds,0.007339449541,0,0.007339449541
space,0.009174311927,0.001834862385,0.007339449541
spiral,0.007339449541,0,0.007339449541
stationary,0.007339449541,0,0.007339449541
step,0.04587155963,0.03853211009,0.007339449541
stopped,0.007339449541,0,0.007339449541
storybynoor,0.007339449541,0,0.007339449541
streaming,0.009174311927,0.001834862385,0.007339449541
subah,0.01467889908,0.007339449541,0.007339449541
subscribetomychannel,0.007339449541,0,0.007339449541
success,0.02385321101,0.01651376147,0.007339449541
system,0.007339449541,0,0.007339449541
tajweed,0.007339449541,0,0.007339449541
talk,0.0128440367,0.005504587156,0.007339449541
tblw,0.007339449541,0,0.007339449541
tere,0.007339449541,0,0.007339449541
these,0.01834862385,0.01100917431,0.007339449541
through,0.02018348624,0.0128440367,0.007339449541
thumbnails,0.007339449541,0,0.007339449541
travelling,0.007339449541,0,0.007339449541
typical,0.007339449541,0,0.007339449541
ulta,0.007339449541,0,0.007339449541
uni,0.0128440367,0.005504587156,0.007339449541
united,0.007339449541,0,0.007339449541
ups,0.007339449541,0,0.007339449541
vairalvideo,0.007339449541,0,0.007339449541
viralreels,0.01651376147,0.009174311927,0.007339449541
visuals,0.01100917431,0.003669724771,0.007339449541
vloger,0.009174311927,0.001834862385,0.007339449541
wajah,0.007339449541,0,0.007339449541
wasn,0.007339449541,0,0.007339449541
wasted,0.007339449541,0,0.007339449541
weeklyvlog,0.007339449541,0,0.007339449541
whatsapp,0.009174311927,0.001834862385,0.007339449541
yaari,0.007339449541,0,0.007339449541
yay,0.007339449541,0,0.007339449541
youtuberchannel,0.007339449541,0,0.007339449541
zia,0.007339449541,0,0.007339449541
achi,0.007339449541,0.001834862385,0.005504587156
acting,0.005504587156,0,0.005504587156
admission,0.005504587156,0,0.005504587156
advanced,0.007339449541,0.001834862385,0.005504587156
african,0.005504587156,0,0.005504587156
again,0.007339449541,0.001834862385,0.005504587156
ali,0.005504587156,0,0.005504587156
ama,0.005504587156,0,0.005504587156
android,0.005504587156,0,0.005504587156
another,0.01467889908,0.009174311927,0.005504587156
apartment,0.005504587156,0,0.005504587156
attractions,0.005504587156,0,0.005504587156
automotive,0.005504587156,0,0.005504587156
background,0.01100917431,0.005504587156,0.005504587156
bad,0.009174311927,0.003669724771,0.005504587156
baghara,0.005504587156,0,0.005504587156
bana,0.009174311927,0.003669724771,0.005504587156
banane,0.005504587156,0,0.005504587156
bank,0.005504587156,0,0.005504587156
beliakunyoutube,0.005504587156,0,0.005504587156
bhaluk,0.005504587156,0,0.005504587156
bholenath,0.009174311927,0.003669724771,0.005504587156
bhoot,0.005504587156,0,0.005504587156
bites,0.005504587156,0,0.005504587156
bjt,0.005504587156,0,0.005504587156
blackheartontop,0.005504587156,0,0.005504587156
book,0.01100917431,0.005504587156,0.005504587156
boyfriend,0.005504587156,0,0.005504587156
branding,0.005504587156,0,0.005504587156
build,0.01651376147,0.01100917431,0.005504587156
campuslife,0.007339449541,0.001834862385,0.005504587156
canal,0.005504587156,0,0.005504587156
canva,0.005504587156,0,0.005504587156
captures,0.005504587156,0,0.005504587156
cartoon,0.007339449541,0.001834862385,0.005504587156
cat,0.009174311927,0.003669724771,0.005504587156
challenges,0.007339449541,0.001834862385,0.005504587156
chaos,0.007339449541,0.001834862385,0.005504587156
chest,0.005504587156,0,0.005504587156
chip,0.005504587156,0,0.005504587156
choi,0.01100917431,0.005504587156,0.005504587156
chorus,0.005504587156,0,0.005504587156
classes,0.01100917431,0.005504587156,0.005504587156
clear,0.005504587156,0,0.005504587156
collab,0.005504587156,0,0.005504587156
commission,0.005504587156,0,0.005504587156
copy,0.009174311927,0.003669724771,0.005504587156
corporate,0.005504587156,0,0.005504587156
count,0.009174311927,0.003669724771,0.005504587156
cover,0.005504587156,0,0.005504587156
covers,0.005504587156,0,0.005504587156
cow,0.005504587156,0,0.005504587156
cracking,0.007339449541,0.001834862385,0.005504587156
created,0.0128440367,0.007339449541,0.005504587156
creatormotivation,0.005504587156,0,0.005504587156
currently,0.007339449541,0.001834862385,0.005504587156
dangerous,0.005504587156,0,0.005504587156
darshan,0.007339449541,0.001834862385,0.005504587156
date,0.005504587156,0,0.005504587156
david,0.005504587156,0,0.005504587156
deals,0.005504587156,0,0.005504587156
deficit,0.005504587156,0,0.005504587156
denver,0.005504587156,0,0.005504587156
desifood,0.005504587156,0,0.005504587156
designer,0.005504587156,0,0.005504587156
die,0.005504587156,0,0.005504587156
digital,0.01100917431,0.005504587156,0.005504587156
dimpu,0.005504587156,0,0.005504587156
din,0.04036697248,0.03486238532,0.005504587156
dirang,0.005504587156,0,0.005504587156
diy,0.01651376147,0.01100917431,0.005504587156
drinking,0.005504587156,0,0.005504587156
edge,0.005504587156,0,0.005504587156
email,0.007339449541,0.001834862385,0.005504587156
encouragement,0.005504587156,0,0.005504587156
environment,0.005504587156,0,0.005504587156
extensions,0.005504587156,0,0.005504587156
fake,0.007339449541,0.001834862385,0.005504587156
familylove,0.005504587156,0,0.005504587156
far,0.005504587156,0,0.005504587156
film,0.0128440367,0.007339449541,0.005504587156
filter,0.009174311927,0.003669724771,0.005504587156
final,0.0128440367,0.007339449541,0.005504587156
finals,0.005504587156,0,0.005504587156
fire,0.01467889908,0.009174311927,0.005504587156
flag,0.005504587156,0,0.005504587156
flood,0.005504587156,0,0.005504587156
flying,0.005504587156,0,0.005504587156
football,0.0128440367,0.007339449541,0.005504587156
ghat,0.005504587156,0,0.005504587156
gomaa,0.005504587156,0,0.005504587156
gospel,0.005504587156,0,0.005504587156
grind,0.0128440367,0.007339449541,0.005504587156
gta,0.005504587156,0,0.005504587156
gucci,0.005504587156,0,0.005504587156
guerlain,0.005504587156,0,0.005504587156
handmade,0.007339449541,0.001834862385,0.005504587156
happiness,0.005504587156,0,0.005504587156
hdr,0.005504587156,0,0.005504587156
herm,0.005504587156,0,0.005504587156
hier,0.005504587156,0,0.005504587156
highschool,0.005504587156,0,0.005504587156
him,0.005504587156,0,0.005504587156
hoje,0.005504587156,0,0.005504587156
hone,0.005504587156,0,0.005504587156
hoti,0.005504587156,0,0.005504587156
hour,0.0128440367,0.007339449541,0.005504587156
hustlehard,0.005504587156,0,0.005504587156
illness,0.005504587156,0,0.005504587156
indiacreator,0.005504587156,0,0.005504587156
innovation,0.005504587156,0,0.005504587156
instagramgrowth,0.005504587156,0,0.005504587156
introvideo,0.005504587156,0,0.005504587156
items,0.005504587156,0,0.005504587156
jcb,0.005504587156,0,0.005504587156
jigsaw,0.005504587156,0,0.005504587156
kash,0.005504587156,0,0.005504587156
keeps,0.005504587156,0,0.005504587156
kesa,0.005504587156,0,0.005504587156
knife,0.005504587156,0,0.005504587156
knowledge,0.005504587156,0,0.005504587156
lately,0.005504587156,0,0.005504587156
laugh,0.007339449541,0.001834862385,0.005504587156
least,0.005504587156,0,0.005504587156
left,0.005504587156,0,0.005504587156
light,0.009174311927,0.003669724771,0.005504587156
lighting,0.005504587156,0,0.005504587156
lol,0.005504587156,0,0.005504587156
looking,0.009174311927,0.003669724771,0.005504587156
lost,0.007339449541,0.001834862385,0.005504587156
lot,0.01100917431,0.005504587156,0.005504587156
lukrembo,0.005504587156,0,0.005504587156
mag,0.005504587156,0,0.005504587156
maharashtrianvlogs,0.005504587156,0,0.005504587156
mak,0.005504587156,0,0.005504587156
mall,0.009174311927,0.003669724771,0.005504587156
man,0.009174311927,0.003669724771,0.005504587156
marathon,0.005504587156,0,0.005504587156
masjid,0.005504587156,0,0.005504587156
matcha,0.005504587156,0,0.005504587156
may,0.0128440367,0.007339449541,0.005504587156
mess,0.005504587156,0,0.005504587156
metro,0.005504587156,0,0.005504587156
michelle,0.01100917431,0.005504587156,0.005504587156
missing,0.005504587156,0,0.005504587156
mission,0.005504587156,0,0.005504587156
mistake,0.005504587156,0,0.005504587156
modifications,0.005504587156,0,0.005504587156
molalarda,0.005504587156,0,0.005504587156
mother,0.005504587156,0,0.005504587156
motivational,0.03669724771,0.03119266055,0.005504587156
motivationalvideo,0.005504587156,0,0.005504587156
mrindianhackers,0.005504587156,0,0.005504587156
museum,0.005504587156,0,0.005504587156
must,0.007339449541,0.001834862385,0.005504587156
mychannel,0.005504587156,0,0.005504587156
naruto,0.005504587156,0,0.005504587156
naya,0.009174311927,0.003669724771,0.005504587156
nevergiveup,0.007339449541,0.001834862385,0.005504587156
nottingham,0.005504587156,0,0.005504587156
organic,0.005504587156,0,0.005504587156
pakistani,0.005504587156,0,0.005504587156
paletka,0.005504587156,0,0.005504587156
past,0.005504587156,0,0.005504587156
pepper,0.005504587156,0,0.005504587156
phane,0.005504587156,0,0.005504587156
photoshoot,0.005504587156,0,0.005504587156
picnic,0.005504587156,0,0.005504587156
plays,0.007339449541,0.001834862385,0.005504587156
podk,0.005504587156,0,0.005504587156
polly,0.005504587156,0,0.005504587156
poora,0.007339449541,0.001834862385,0.005504587156
possible,0.005504587156,0,0.005504587156
pra,0.005504587156,0,0.005504587156
preppy,0.02018348624,0.01467889908,0.005504587156
press,0.007339449541,0.001834862385,0.005504587156
principal,0.005504587156,0,0.005504587156
punjabi,0.009174311927,0.003669724771,0.005504587156
que,0.005504587156,0,0.005504587156
quiet,0.005504587156,0,0.005504587156
random,0.0128440367,0.007339449541,0.005504587156
rdr,0.005504587156,0,0.005504587156
reactionvideo,0.005504587156,0,0.005504587156
read,0.005504587156,0,0.005504587156
reading,0.007339449541,0.001834862385,0.005504587156
realisticvlog,0.005504587156,0,0.005504587156
reelsindia,0.0128440367,0.007339449541,0.005504587156
regarding,0.005504587156,0,0.005504587156
repeat,0.005504587156,0,0.005504587156
results,0.005504587156,0,0.005504587156
ritu,0.007339449541,0.001834862385,0.005504587156
romance,0.005504587156,0,0.005504587156
romantic,0.005504587156,0,0.005504587156
rose,0.005504587156,0,0.005504587156
roti,0.005504587156,0,0.005504587156
safe,0.005504587156,0,0.005504587156
sanyabhakti,0.005504587156,0,0.005504587156
save,0.005504587156,0,0.005504587156
say,0.009174311927,0.003669724771,0.005504587156
scenes,0.01100917431,0.005504587156,0.005504587156
sets,0.005504587156,0,0.005504587156
settings,0.005504587156,0,0.005504587156
shein,0.005504587156,0,0.005504587156
shotgun,0.005504587156,0,0.005504587156
shushubobo,0.005504587156,0,0.005504587156
sidman,0.005504587156,0,0.005504587156
simplelife,0.0128440367,0.007339449541,0.005504587156
skiing,0.005504587156,0,0.005504587156
solo,0.007339449541,0.001834862385,0.005504587156
something,0.01467889908,0.009174311927,0.005504587156
special,0.02018348624,0.01467889908,0.005504587156
squat,0.005504587156,0,0.005504587156
states,0.005504587156,0,0.005504587156
steps,0.005504587156,0,0.005504587156
straight,0.005504587156,0,0.005504587156
strawberry,0.005504587156,0,0.005504587156
streams,0.005504587156,0,0.005504587156
strength,0.005504587156,0,0.005504587156
stress,0.007339449541,0.001834862385,0.005504587156
style,0.02385321101,0.01834862385,0.005504587156
sub,0.0128440367,0.007339449541,0.005504587156
subs,0.009174311927,0.003669724771,0.005504587156
subscribemychannel,0.007339449541,0.001834862385,0.005504587156
super,0.007339449541,0.001834862385,0.005504587156
surgery,0.005504587156,0,0.005504587156
tagontop,0.005504587156,0,0.005504587156
takes,0.007339449541,0.001834862385,0.005504587156
taking,0.007339449541,0.001834862385,0.005504587156
tandoor,0.005504587156,0,0.005504587156
tasty,0.005504587156,0,0.005504587156
technology,0.009174311927,0.003669724771,0.005504587156
telegram,0.007339449541,0.001834862385,0.005504587156
theppifamily,0.005504587156,0,0.005504587156
think,0.01100917431,0.005504587156,0.005504587156
thought,0.007339449541,0.001834862385,0.005504587156
titles,0.005504587156,0,0.005504587156
toontamasha,0.005504587156,0,0.005504587156
travelvlog,0.01100917431,0.005504587156,0.005504587156
tripod,0.005504587156,0,0.005504587156
turn,0.009174311927,0.003669724771,0.005504587156
und,0.005504587156,0,0.005504587156
updated,0.007339449541,0.001834862385,0.005504587156
upgrade,0.005504587156,0,0.005504587156
uppbeat,0.005504587156,0,0.005504587156
using,0.01467889908,0.009174311927,0.005504587156
vintage,0.005504587156,0,0.005504587156
viralaesthetic,0.005504587156,0,0.005504587156
vloggers,0.005504587156,0,0.005504587156
weeks,0.009174311927,0.003669724771,0.005504587156
while,0.0128440367,0.007339449541,0.005504587156
win,0.005504587156,0,0.005504587156
yaar,0.005504587156,0,0.005504587156
youtubecommunity,0.005504587156,0,0.005504587156
youtubegaming,0.005504587156,0,0.005504587156
youtubelife,0.005504587156,0,0.005504587156
youtuberslife,0.005504587156,0,0.005504587156
youtubeshort,0.01100917431,0.005504587156,0.005504587156
youtubesubscribers,0.005504587156,0,0.005504587156
yurman,0.005504587156,0,0.005504587156
aadesh,0.003669724771,0,0.003669724771
aawaj,0.003669724771,0,0.003669724771
aayega,0.003669724771,0,0.003669724771
absolute,0.003669724771,0,0.003669724771
acms,0.003669724771,0,0.003669724771
across,0.003669724771,0,0.003669724771
acs,0.003669724771,0,0.003669724771
actors,0.003669724771,0,0.003669724771
actual,0.003669724771,0,0.003669724771
addition,0.003669724771,0,0.003669724771
aditey,0.003669724771,0,0.003669724771
ads,0.003669724771,0,0.003669724771
advance,0.003669724771,0,0.003669724771
advantage,0.003669724771,0,0.003669724771
advice,0.003669724771,0,0.003669724771
advocatelife,0.003669724771,0,0.003669724771
africa,0.003669724771,0,0.003669724771
afternoon,0.003669724771,0,0.003669724771
ags,0.003669724771,0,0.003669724771
ahad,0.003669724771,0,0.003669724771
aim,0.003669724771,0,0.003669724771
airplane,0.003669724771,0,0.003669724771
aishwarya,0.003669724771,0,0.003669724771
alhamdulillah,0.003669724771,0,0.003669724771
allah,0.003669724771,0,0.003669724771
allenkota,0.003669724771,0,0.003669724771
already,0.009174311927,0.005504587156,0.003669724771
amc,0.003669724771,0,0.003669724771
america,0.003669724771,0,0.003669724771
answer,0.007339449541,0.003669724771,0.003669724771
anyone,0.007339449541,0.003669724771,0.003669724771
arlington,0.003669724771,0,0.003669724771
arsenal,0.003669724771,0,0.003669724771
arunachal,0.003669724771,0,0.003669724771
asad,0.003669724771,0,0.003669724771
ashish,0.003669724771,0,0.003669724771
ashwil,0.003669724771,0,0.003669724771
asli,0.003669724771,0,0.003669724771
assamculture,0.003669724771,0,0.003669724771
asset,0.003669724771,0,0.003669724771
assistance,0.003669724771,0,0.003669724771
ate,0.005504587156,0.001834862385,0.003669724771
attempt,0.005504587156,0.001834862385,0.003669724771
audio,0.01834862385,0.01467889908,0.003669724771
automated,0.003669724771,0,0.003669724771
avrudu,0.003669724771,0,0.003669724771
award,0.005504587156,0.001834862385,0.003669724771
baan,0.003669724771,0,0.003669724771
baatein,0.003669724771,0,0.003669724771
baaton,0.003669724771,0,0.003669724771
baba,0.003669724771,0,0.003669724771
backlogs,0.003669724771,0,0.003669724771
baddie,0.005504587156,0.001834862385,0.003669724771
badhaye,0.003669724771,0,0.003669724771
badi,0.003669724771,0,0.003669724771
badlega,0.003669724771,0,0.003669724771
bahu,0.005504587156,0.001834862385,0.003669724771
bajrang,0.003669724771,0,0.003669724771
balaghat,0.003669724771,0,0.003669724771
balancedeating,0.003669724771,0,0.003669724771
banda,0.003669724771,0,0.003669724771
bankingjourney,0.003669724771,0,0.003669724771
bansalcollegelucknow,0.003669724771,0,0.003669724771
bansalinstituteengineeringandtechnologylucknow,0.003669724771,0,0.003669724771
barely,0.003669724771,0,0.003669724771
baruah,0.003669724771,0,0.003669724771
bas,0.01100917431,0.007339449541,0.003669724771
bataye,0.003669724771,0,0.003669724771
batch,0.003669724771,0,0.003669724771
battingskills,0.003669724771,0,0.003669724771
beats,0.003669724771,0,0.003669724771
beauty,0.02201834862,0.01834862385,0.003669724771
become,0.01100917431,0.007339449541,0.003669724771
believe,0.005504587156,0.001834862385,0.003669724771
bell,0.01100917431,0.007339449541,0.003669724771
beraber,0.003669724771,0,0.003669724771
betal,0.003669724771,0,0.003669724771
bewafai,0.003669724771,0,0.003669724771
bhaji,0.003669724771,0,0.003669724771
bhanwarvlog,0.003669724771,0,0.003669724771
bhut,0.003669724771,0,0.003669724771
bible,0.003669724771,0,0.003669724771
bietlucknow,0.003669724771,0,0.003669724771
bigger,0.003669724771,0,0.003669724771
biggest,0.003669724771,0,0.003669724771
biharifood,0.003669724771,0,0.003669724771
bili,0.003669724771,0,0.003669724771
bin,0.003669724771,0,0.003669724771
bina,0.005504587156,0.001834862385,0.003669724771
birbirimize,0.003669724771,0,0.003669724771
birding,0.003669724771,0,0.003669724771
blend,0.003669724771,0,0.003669724771
bloomingdale,0.003669724771,0,0.003669724771
blowup,0.005504587156,0.001834862385,0.003669724771
bnany,0.003669724771,0,0.003669724771
boardexams,0.003669724771,0,0.003669724771
boarding,0.003669724771,0,0.003669724771
boardsexam,0.003669724771,0,0.003669724771
bollywood,0.003669724771,0,0.003669724771
bombey,0.003669724771,0,0.003669724771
bonding,0.003669724771,0,0.003669724771
booking,0.003669724771,0,0.003669724771
born,0.005504587156,0.001834862385,0.003669724771
boundaries,0.003669724771,0,0.003669724771
boutique,0.003669724771,0,0.003669724771
bracelet,0.003669724771,0,0.003669724771
bridetobe,0.003669724771,0,0.003669724771
bring,0.0128440367,0.009174311927,0.003669724771
brothers,0.003669724771,0,0.003669724771
browser,0.003669724771,0,0.003669724771
brunch,0.003669724771,0,0.003669724771
btechresult,0.003669724771,0,0.003669724771
btsarmy,0.003669724771,0,0.003669724771
buffalo,0.003669724771,0,0.003669724771
bullymaguire,0.003669724771,0,0.003669724771
burada,0.003669724771,0,0.003669724771
burn,0.003669724771,0,0.003669724771
businesses,0.003669724771,0,0.003669724771
busy,0.007339449541,0.003669724771,0.003669724771
cafe,0.003669724771,0,0.003669724771
cake,0.007339449541,0.003669724771,0.003669724771
call,0.007339449541,0.003669724771,0.003669724771
called,0.003669724771,0,0.003669724771
calling,0.003669724771,0,0.003669724771
calls,0.003669724771,0,0.003669724771
captaincomedy,0.003669724771,0,0.003669724771
car,0.01467889908,0.01100917431,0.003669724771
carmodification,0.003669724771,0,0.003669724771
case,0.003669724771,0,0.003669724771
castle,0.003669724771,0,0.003669724771
cbseboards,0.003669724771,0,0.003669724771
cbseexam,0.003669724771,0,0.003669724771
chair,0.003669724771,0,0.003669724771
chanel,0.003669724771,0,0.003669724771
chasing,0.003669724771,0,0.003669724771
chennal,0.003669724771,0,0.003669724771
chhoti,0.007339449541,0.003669724771,0.003669724771
chips,0.003669724771,0,0.003669724771
chocolate,0.003669724771,0,0.003669724771
chuki,0.003669724771,0,0.003669724771
chular,0.003669724771,0,0.003669724771
cinema,0.003669724771,0,0.003669724771
cinematography,0.003669724771,0,0.003669724771
cla,0.003669724771,0,0.003669724771
clarity,0.003669724771,0,0.003669724771
clearly,0.003669724771,0,0.003669724771
clicking,0.003669724771,0,0.003669724771
client,0.003669724771,0,0.003669724771
close,0.003669724771,0,0.003669724771
collegeadmissions,0.003669724771,0,0.003669724771
collegedays,0.003669724771,0,0.003669724771
collegeexam,0.003669724771,0,0.003669724771
collegefootball,0.003669724771,0,0.003669724771
collegelife,0.03302752294,0.02935779817,0.003669724771
collegemusic,0.003669724771,0,0.003669724771
collegesports,0.003669724771,0,0.003669724771
collegevlog,0.01467889908,0.01100917431,0.003669724771
collegreopening,0.003669724771,0,0.003669724771
colorgrading,0.003669724771,0,0.003669724771
comedyfilms,0.003669724771,0,0.003669724771
commando,0.003669724771,0,0.003669724771
completed,0.005504587156,0.001834862385,0.003669724771
compusbiaries,0.003669724771,0,0.003669724771
cone,0.003669724771,0,0.003669724771
conmigo,0.003669724771,0,0.003669724771
connect,0.005504587156,0.001834862385,0.003669724771
contact,0.007339449541,0.003669724771,0.003669724771
contentcreation,0.003669724771,0,0.003669724771
contentcreator,0.03486238532,0.03119266055,0.003669724771
cook,0.003669724771,0,0.003669724771
cookingchannel,0.003669724771,0,0.003669724771
cookout,0.003669724771,0,0.003669724771
copying,0.003669724771,0,0.003669724771
core,0.003669724771,0,0.003669724771
couldn,0.003669724771,0,0.003669724771
couples,0.003669724771,0,0.003669724771
course,0.009174311927,0.005504587156,0.003669724771
courts,0.003669724771,0,0.003669724771
coverage,0.003669724771,0,0.003669724771
covered,0.003669724771,0,0.003669724771
cream,0.005504587156,0.001834862385,0.003669724771
creativity,0.003669724771,0,0.003669724771
creatorcommunity,0.003669724771,0,0.003669724771
creatorjourney,0.003669724771,0,0.003669724771
creatorlife,0.007339449541,0.003669724771,0.003669724771
cricket,0.01100917431,0.007339449541,0.003669724771
cybersecurity,0.003669724771,0,0.003669724771
dahil,0.003669724771,0,0.003669724771
dailylifevlog,0.005504587156,0.001834862385,0.003669724771
dailyplan,0.003669724771,0,0.003669724771
danimation,0.003669724771,0,0.003669724771
data,0.003669724771,0,0.003669724771
datenight,0.003669724771,0,0.003669724771
daychallenge,0.003669724771,0,0.003669724771
decision,0.003669724771,0,0.003669724771
decor,0.003669724771,0,0.003669724771
decorating,0.003669724771,0,0.003669724771
dedicated,0.005504587156,0.001834862385,0.003669724771
degi,0.003669724771,0,0.003669724771
derin,0.003669724771,0,0.003669724771
deshifood,0.003669724771,0,0.003669724771
designing,0.003669724771,0,0.003669724771
desivibes,0.003669724771,0,0.003669724771
destination,0.003669724771,0,0.003669724771
devotional,0.005504587156,0.001834862385,0.003669724771
dhamakedar,0.003669724771,0,0.003669724771
difficult,0.003669724771,0,0.003669724771
digestion,0.003669724771,0,0.003669724771
discipline,0.02752293578,0.02385321101,0.003669724771
discord,0.0128440367,0.009174311927,0.003669724771
discounts,0.003669724771,0,0.003669724771
disrespect,0.003669724771,0,0.003669724771
distractions,0.005504587156,0.001834862385,0.003669724771
dive,0.003669724771,0,0.003669724771
djironin,0.003669724771,0,0.003669724771
djisdk,0.003669724771,0,0.003669724771
doctors,0.003669724771,0,0.003669724771
document,0.003669724771,0,0.003669724771
dolly,0.003669724771,0,0.003669724771
don,0.06788990826,0.06422018349,0.003669724771
done,0.005504587156,0.001834862385,0.003669724771
dopahar,0.003669724771,0,0.003669724771
dost,0.007339449541,0.003669724771,0.003669724771
dosti,0.003669724771,0,0.003669724771
dosto,0.009174311927,0.005504587156,0.003669724771
double,0.003669724771,0,0.003669724771
downs,0.003669724771,0,0.003669724771
drawing,0.009174311927,0.005504587156,0.003669724771
dropped,0.003669724771,0,0.003669724771
dropperlife,0.003669724771,0,0.003669724771
droppersjee,0.003669724771,0,0.003669724771
duniya,0.003669724771,0,0.003669724771
dushyant,0.003669724771,0,0.003669724771
dutch,0.003669724771,0,0.003669724771
dzie,0.003669724771,0,0.003669724771
eatinaday,0.003669724771,0,0.003669724771
education,0.005504587156,0.001834862385,0.003669724771
educator,0.003669724771,0,0.003669724771
eeshaholic,0.003669724771,0,0.003669724771
eid,0.003669724771,0,0.003669724771
emotionalvideo,0.003669724771,0,0.003669724771
emotionalvlog,0.003669724771,0,0.003669724771
espa,0.003669724771,0,0.003669724771
especially,0.005504587156,0.001834862385,0.003669724771
estudar,0.003669724771,0,0.003669724771
estudiar,0.003669724771,0,0.003669724771
estudos,0.003669724771,0,0.003669724771
even,0.0128440367,0.009174311927,0.003669724771
exact,0.003669724771,0,0.003669724771
exactly,0.005504587156,0.001834862385,0.003669724771
examples,0.003669724771,0,0.003669724771
expensive,0.003669724771,0,0.003669724771
experiencing,0.003669724771,0,0.003669724771
faces,0.003669724771,0,0.003669724771
factory,0.003669724771,0,0.003669724771
fail,0.003669724771,0,0.003669724771
failed,0.003669724771,0,0.003669724771
familyfitness,0.003669724771,0,0.003669724771
fantasy,0.003669724771,0,0.003669724771
faq,0.003669724771,0,0.003669724771
fear,0.003669724771,0,0.003669724771
feat,0.003669724771,0,0.003669724771
feel,0.01467889908,0.01100917431,0.003669724771
fetbeni,0.009174311927,0.005504587156,0.003669724771
fewer,0.003669724771,0,0.003669724771
fighting,0.003669724771,0,0.003669724771
filmb,0.003669724771,0,0.003669724771
filterchallange,0.003669724771,0,0.003669724771
findet,0.003669724771,0,0.003669724771
finland,0.003669724771,0,0.003669724771
fireplace,0.003669724771,0,0.003669724771
flight,0.005504587156,0.001834862385,0.003669724771
focuschallenge,0.003669724771,0,0.003669724771
fojan,0.003669724771,0,0.003669724771
foodblog,0.003669724771,0,0.003669724771
foods,0.005504587156,0.001834862385,0.003669724771
footballreels,0.003669724771,0,0.003669724771
freaks,0.003669724771,0,0.003669724771
freelance,0.003669724771,0,0.003669724771
freshers,0.007339449541,0.003669724771,0.003669724771
fylp,0.003669724771,0,0.003669724771
gained,0.003669724771,0,0.003669724771
gamingcommunity,0.003669724771,0,0.003669724771
gamtng,0.003669724771,0,0.003669724771
gang,0.003669724771,0,0.003669724771
gem,0.003669724771,0,0.003669724771
generous,0.003669724771,0,0.003669724771
girlie,0.003669724771,0,0.003669724771
girls,0.009174311927,0.005504587156,0.003669724771
gives,0.005504587156,0.001834862385,0.003669724771
glad,0.003669724771,0,0.003669724771
goat,0.005504587156,0.001834862385,0.003669724771
goldminesgreatindiancomedy,0.003669724771,0,0.003669724771
gorbandrajasthanisong,0.003669724771,0,0.003669724771
grace,0.003669724771,0,0.003669724771
grad,0.003669724771,0,0.003669724771
grand,0.003669724771,0,0.003669724771
greek,0.003669724771,0,0.003669724771
ground,0.003669724771,0,0.003669724771
growyourchannel,0.003669724771,0,0.003669724771
guaide,0.003669724771,0,0.003669724771
gut,0.003669724771,0,0.003669724771
guwahati,0.003669724771,0,0.003669724771
handgun,0.003669724771,0,0.003669724771
handle,0.003669724771,0,0.003669724771
handling,0.003669724771,0,0.003669724771
hangout,0.003669724771,0,0.003669724771
hangs,0.003669724771,0,0.003669724771
hansi,0.003669724771,0,0.003669724771
happen,0.003669724771,0,0.003669724771
hardchallenge,0.003669724771,0,0.003669724771
haridwarvlog,0.003669724771,0,0.003669724771
haryana,0.003669724771,0,0.003669724771
haryanvicomedy,0.003669724771,0,0.003669724771
hassu,0.003669724771,0,0.003669724771
having,0.003669724771,0,0.003669724771
hay,0.003669724771,0,0.003669724771
haz,0.003669724771,0,0.003669724771
head,0.003669724771,0,0.003669724771
heat,0.003669724771,0,0.003669724771
help,0.03302752294,0.02935779817,0.003669724771
highcell,0.003669724771,0,0.003669724771
highprotein,0.003669724771,0,0.003669724771
highproteinmeals,0.003669724771,0,0.003669724771
hii,0.003669724771,0,0.003669724771
himachal,0.003669724771,0,0.003669724771
himmat,0.003669724771,0,0.003669724771
hindireels,0.003669724771,0,0.003669724771
homemadefood,0.003669724771,0,0.003669724771
homeworkout,0.003669724771,0,0.003669724771
homily,0.003669724771,0,0.003669724771
hopefully,0.003669724771,0,0.003669724771
hotmail,0.003669724771,0,0.003669724771
housewaife,0.003669724771,0,0.003669724771
huge,0.005504587156,0.001834862385,0.003669724771
hustlemode,0.003669724771,0,0.003669724771
hyderabad,0.007339449541,0.003669724771,0.003669724771
ibps,0.003669724771,0,0.003669724771
ich,0.003669724771,0,0.003669724771
idea,0.01100917431,0.007339449541,0.003669724771
ignore,0.009174311927,0.005504587156,0.003669724771
iitaspirant,0.003669724771,0,0.003669724771
iitjeeaspirant,0.003669724771,0,0.003669724771
illit,0.003669724771,0,0.003669724771
illustrator,0.003669724771,0,0.003669724771
importation,0.003669724771,0,0.003669724771
improvement,0.003669724771,0,0.003669724771
incredible,0.003669724771,0,0.003669724771
inde,0.003669724771,0,0.003669724771
indianfamily,0.003669724771,0,0.003669724771
injured,0.003669724771,0,0.003669724771
injury,0.003669724771,0,0.003669724771
inmy,0.003669724771,0,0.003669724771
inspiring,0.003669724771,0,0.003669724771
instantly,0.005504587156,0.001834862385,0.003669724771
instavideo,0.003669724771,0,0.003669724771
instayoutube,0.003669724771,0,0.003669724771
instead,0.005504587156,0.001834862385,0.003669724771
intermediate,0.003669724771,0,0.003669724771
introduce,0.003669724771,0,0.003669724771
ioqm,0.003669724771,0,0.003669724771
ishq,0.003669724771,0,0.003669724771
islamicvideo,0.003669724771,0,0.003669724771
isliye,0.003669724771,0,0.003669724771
jaate,0.003669724771,0,0.003669724771
jahan,0.003669724771,0,0.003669724771
jai,0.003669724771,0,0.003669724771
jali,0.003669724771,0,0.003669724771
jamamasjid,0.003669724771,0,0.003669724771
jamane,0.003669724771,0,0.003669724771
jeebooks,0.003669724771,0,0.003669724771
jeechemistry,0.003669724771,0,0.003669724771
jeedailyvlog,0.003669724771,0,0.003669724771
jeedayinlife,0.003669724771,0,0.003669724771
jeedropper,0.003669724771,0,0.003669724771
jeeforbeginners,0.003669724771,0,0.003669724771
jeemain,0.003669724771,0,0.003669724771
jeemainsprep,0.003669724771,0,0.003669724771
jeemaths,0.003669724771,0,0.003669724771
jeemotivation,0.003669724771,0,0.003669724771
jeeplanner,0.003669724771,0,0.003669724771
jeepreparation,0.007339449541,0.003669724771,0.003669724771
jeeresult,0.003669724771,0,0.003669724771
jeeroutine,0.003669724771,0,0.003669724771
jeestrategy,0.003669724771,0,0.003669724771
jeestudyplan,0.003669724771,0,0.003669724771
jeestudyroutine,0.003669724771,0,0.003669724771
jeestudyvlog,0.003669724771,0,0.003669724771
jeestudywithme,0.003669724771,0,0.003669724771
jeetimetable,0.003669724771,0,0.003669724771
jelenaracicxo,0.003669724771,0,0.003669724771
jenil,0.003669724771,0,0.003669724771
jina,0.003669724771,0,0.003669724771
journeys,0.003669724771,0,0.003669724771
joy,0.005504587156,0.001834862385,0.003669724771
juliaribasbahia,0.003669724771,0,0.003669724771
justashwil,0.003669724771,0,0.003669724771
kahin,0.003669724771,0,0.003669724771
kal,0.003669724771,0,0.003669724771
kapil,0.003669724771,0,0.003669724771
karly,0.003669724771,0,0.003669724771
karnafuli,0.003669724771,0,0.003669724771
karta,0.01100917431,0.007339449541,0.003669724771
kat,0.003669724771,0,0.003669724771
kedits,0.003669724771,0,0.003669724771
keshavshashivlogs,0.003669724771,0,0.003669724771
kharagpur,0.003669724771,0,0.003669724771
khet,0.005504587156,0.001834862385,0.003669724771
kill,0.003669724771,0,0.003669724771
killer,0.003669724771,0,0.003669724771
kinnaur,0.003669724771,0,0.003669724771
kirad,0.003669724771,0,0.003669724771
known,0.003669724771,0,0.003669724771
konna,0.003669724771,0,0.003669724771
konto,0.003669724771,0,0.003669724771
kotafactorylife,0.003669724771,0,0.003669724771
kotavlog,0.003669724771,0,0.003669724771
krish,0.003669724771,0,0.003669724771
kukreja,0.003669724771,0,0.003669724771
kulland,0.003669724771,0,0.003669724771
kumar,0.003669724771,0,0.003669724771
lagte,0.003669724771,0,0.003669724771
lakdi,0.003669724771,0,0.003669724771
lake,0.003669724771,0,0.003669724771
lakshya,0.003669724771,0,0.003669724771
latestrajasthanisong,0.003669724771,0,0.003669724771
lawyer,0.003669724771,0,0.003669724771
lbs,0.003669724771,0,0.003669724771
leading,0.003669724771,0,0.003669724771
learn,0.01651376147,0.0128440367,0.003669724771
lebal,0.003669724771,0,0.003669724771
lectures,0.003669724771,0,0.003669724771
leela,0.003669724771,0,0.003669724771
lemonade,0.003669724771,0,0.003669724771
lethalcompany,0.003669724771,0,0.003669724771
lethalcompanygame,0.003669724771,0,0.003669724771
lethalcompanymoments,0.003669724771,0,0.003669724771
levels,0.005504587156,0.001834862385,0.003669724771
license,0.007339449541,0.003669724771,0.003669724771
licensed,0.005504587156,0.001834862385,0.003669724771
lifted,0.003669724771,0,0.003669724771
likeandsubscribe,0.003669724771,0,0.003669724771
listening,0.003669724771,0,0.003669724771
livcomedy,0.003669724771,0,0.003669724771
livestudy,0.003669724771,0,0.003669724771
loader,0.003669724771,0,0.003669724771
location,0.005504587156,0.001834862385,0.003669724771
lool,0.003669724771,0,0.003669724771
losangeles,0.003669724771,0,0.003669724771
lovelyrushh,0.003669724771,0,0.003669724771
lover,0.007339449541,0.003669724771,0.003669724771
lucknowcity,0.003669724771,0,0.003669724771
lucknowmetro,0.003669724771,0,0.003669724771
lucknowvlog,0.003669724771,0,0.003669724771
lyrics,0.003669724771,0,0.003669724771
major,0.003669724771,0,0.003669724771
management,0.003669724771,0,0.003669724771
manga,0.003669724771,0,0.003669724771
manzil,0.003669724771,0,0.003669724771
marwadi,0.003669724771,0,0.003669724771
marwadisong,0.003669724771,0,0.003669724771
marwadisongs,0.003669724771,0,0.003669724771
masan,0.003669724771,0,0.003669724771
massobeats,0.003669724771,0,0.003669724771
match,0.003669724771,0,0.003669724771
max,0.003669724771,0,0.003669724771
maximum,0.003669724771,0,0.003669724771
mcq,0.003669724771,0,0.003669724771
mealideas,0.003669724771,0,0.003669724771
means,0.01467889908,0.01100917431,0.003669724771
mechanic,0.003669724771,0,0.003669724771
medico,0.003669724771,0,0.003669724771
medicosstuff,0.003669724771,0,0.003669724771
mee,0.003669724771,0,0.003669724771
meetings,0.003669724771,0,0.003669724771
mentioned,0.003669724771,0,0.003669724771
metzmusic,0.003669724771,0,0.003669724771
mewrajasthanisong,0.003669724771,0,0.003669724771
mezun,0.003669724771,0,0.003669724771
mic,0.003669724771,0,0.003669724771
michell,0.003669724771,0,0.003669724771
mid,0.003669724771,0,0.003669724771
milengi,0.003669724771,0,0.003669724771
mind,0.005504587156,0.001834862385,0.003669724771
mine,0.005504587156,0.001834862385,0.003669724771
miniature,0.003669724771,0,0.003669724771
mins,0.003669724771,0,0.003669724771
mock,0.003669724771,0,0.003669724771
modern,0.003669724771,0,0.003669724771
momentum,0.003669724771,0,0.003669724771
monetization,0.003669724771,0,0.003669724771
monetized,0.003669724771,0,0.003669724771
moot,0.003669724771,0,0.003669724771
moral,0.003669724771,0,0.003669724771
morecollege,0.003669724771,0,0.003669724771
motivate,0.005504587156,0.001834862385,0.003669724771
motivatio,0.003669724771,0,0.003669724771
motivationdaily,0.009174311927,0.005504587156,0.003669724771
motive,0.003669724771,0,0.003669724771
motovolgger,0.003669724771,0,0.003669724771
mrb,0.003669724771,0,0.003669724771
mridul,0.003669724771,0,0.003669724771
mycollege,0.003669724771,0,0.003669724771
mycollegejourney,0.003669724771,0,0.003669724771
myfamily,0.003669724771,0,0.003669724771
myfamilycomedy,0.003669724771,0,0.003669724771
namah,0.003669724771,0,0.003669724771
namaz,0.005504587156,0.001834862385,0.003669724771
nandini,0.003669724771,0,0.003669724771
nari,0.003669724771,0,0.003669724771
narishakti,0.003669724771,0,0.003669724771
national,0.003669724771,0,0.003669724771
ncertforjee,0.003669724771,0,0.003669724771
nda,0.003669724771,0,0.003669724771
neetlivestudy,0.003669724771,0,0.003669724771
neetstudyplan,0.003669724771,0,0.003669724771
newyoutuber,0.03119266055,0.02752293578,0.003669724771
niche,0.007339449541,0.003669724771,0.003669724771
nightstudy,0.003669724771,0,0.003669724771
nipu,0.003669724771,0,0.003669724771
nitin,0.003669724771,0,0.003669724771
nnminations,0.003669724771,0,0.003669724771
nosso,0.003669724771,0,0.003669724771
notice,0.003669724771,0,0.003669724771
nowadays,0.003669724771,0,0.003669724771
nowo,0.003669724771,0,0.003669724771
nsrider,0.003669724771,0,0.003669724771
obsessed,0.003669724771,0,0.003669724771
odak,0.003669724771,0,0.003669724771
offline,0.003669724771,0,0.003669724771
ogl,0.003669724771,0,0.003669724771
ollegeclips,0.003669724771,0,0.003669724771
olympiad,0.003669724771,0,0.003669724771
onions,0.003669724771,0,0.003669724771
operator,0.003669724771,0,0.003669724771
order,0.003669724771,0,0.003669724771
orders,0.003669724771,0,0.003669724771
org,0.003669724771,0,0.003669724771
original,0.01100917431,0.007339449541,0.003669724771
osmopocket,0.003669724771,0,0.003669724771
outro,0.003669724771,0,0.003669724771
overall,0.003669724771,0,0.003669724771
overly,0.003669724771,0,0.003669724771
page,0.007339449541,0.003669724771,0.003669724771
paid,0.003669724771,0,0.003669724771
pakistanivlogger,0.003669724771,0,0.003669724771
palestine,0.003669724771,0,0.003669724771
pandashorts,0.003669724771,0,0.003669724771
pandey,0.003669724771,0,0.003669724771
pao,0.003669724771,0,0.003669724771
parashthakralvlogs,0.003669724771,0,0.003669724771
parsh,0.003669724771,0,0.003669724771
payla,0.003669724771,0,0.003669724771
pdf,0.003669724771,0,0.003669724771
pellichupullu,0.003669724771,0,0.003669724771
perplexity,0.003669724771,0,0.003669724771
perspective,0.003669724771,0,0.003669724771
physicswallah,0.005504587156,0.001834862385,0.003669724771
picture,0.003669724771,0,0.003669724771
player,0.003669724771,0,0.003669724771
playful,0.003669724771,0,0.003669724771
pmmodi,0.003669724771,0,0.003669724771
polish,0.003669724771,0,0.003669724771
popularrajasthanisong,0.003669724771,0,0.003669724771
post,0.01100917431,0.007339449541,0.003669724771
powerful,0.005504587156,0.001834862385,0.003669724771
pradesh,0.005504587156,0.001834862385,0.003669724771
pragativermaaavlogs,0.003669724771,0,0.003669724771
prasaran,0.003669724771,0,0.003669724771
pray,0.003669724771,0,0.003669724771
prayer,0.003669724771,0,0.003669724771
precision,0.003669724771,0,0.003669724771
pressure,0.005504587156,0.001834862385,0.003669724771
pretend,0.003669724771,0,0.003669724771
prime,0.003669724771,0,0.003669724771
prisekkaru,0.003669724771,0,0.003669724771
pro,0.01834862385,0.01467889908,0.003669724771
production,0.003669724771,0,0.003669724771
program,0.003669724771,0,0.003669724771
progress,0.01100917431,0.007339449541,0.003669724771
provided,0.003669724771,0,0.003669724771
provides,0.003669724771,0,0.003669724771
przegl,0.003669724771,0,0.003669724771
psc,0.005504587156,0.001834862385,0.003669724771
psicologia,0.003669724771,0,0.003669724771
pubgmobile,0.003669724771,0,0.003669724771
pujavlog,0.003669724771,0,0.003669724771
pulsarride,0.003669724771,0,0.003669724771
pure,0.01100917431,0.007339449541,0.003669724771
pursuing,0.003669724771,0,0.003669724771
pushpendra,0.003669724771,0,0.003669724771
pwarjuna,0.003669724771,0,0.003669724771
pwbattle,0.003669724771,0,0.003669724771
pwmanzil,0.003669724771,0,0.003669724771
pwstudent,0.003669724771,0,0.003669724771
quick,0.005504587156,0.001834862385,0.003669724771
quieres,0.003669724771,0,0.003669724771
quit,0.005504587156,0.001834862385,0.003669724771
raaj,0.003669724771,0,0.003669724771
raat,0.005504587156,0.001834862385,0.003669724771
rajasthanidancesong,0.003669724771,0,0.003669724771
rajasthanifolksong,0.003669724771,0,0.003669724771
rajasthanigana,0.003669724771,0,0.003669724771
rajasthanigeet,0.003669724771,0,0.003669724771
rajasthanihitsong,0.003669724771,0,0.003669724771
rajasthanilovesong,0.003669724771,0,0.003669724771
rajasthaninewsong,0.003669724771,0,0.003669724771
rajasthanisong,0.003669724771,0,0.003669724771
rajasthanivideosong,0.003669724771,0,0.003669724771
raman,0.003669724771,0,0.003669724771
rank,0.003669724771,0,0.003669724771
rats,0.003669724771,0,0.003669724771
raw,0.003669724771,0,0.003669724771
readings,0.003669724771,0,0.003669724771
realfoolsshorts,0.003669724771,0,0.003669724771
realism,0.003669724771,0,0.003669724771
realisticwhatieatinaday,0.003669724771,0,0.003669724771
realtor,0.003669724771,0,0.003669724771
reason,0.003669724771,0,0.003669724771
received,0.003669724771,0,0.003669724771
recently,0.003669724771,0,0.003669724771
rechecking,0.003669724771,0,0.003669724771
recording,0.005504587156,0.001834862385,0.003669724771
red,0.005504587156,0.001834862385,0.003669724771
reddit,0.003669724771,0,0.003669724771
redemption,0.003669724771,0,0.003669724771
reelsviral,0.003669724771,0,0.003669724771
rehna,0.003669724771,0,0.003669724771
relax,0.003669724771,0,0.003669724771
reminder,0.003669724771,0,0.003669724771
reminds,0.003669724771,0,0.003669724771
remix,0.003669724771,0,0.003669724771
rental,0.003669724771,0,0.003669724771
res,0.003669724771,0,0.003669724771
reset,0.009174311927,0.005504587156,0.003669724771
resources,0.003669724771,0,0.003669724771
responsibilities,0.003669724771,0,0.003669724771
restoration,0.003669724771,0,0.003669724771
ring,0.003669724771,0,0.003669724771
rivals,0.003669724771,0,0.003669724771
roadto,0.003669724771,0,0.003669724771
roblox,0.02018348624,0.01651376147,0.003669724771
rock,0.005504587156,0.001834862385,0.003669724771
rohitslifeunfiltered,0.003669724771,0,0.003669724771
rohitunfiltered,0.003669724771,0,0.003669724771
roorkee,0.003669724771,0,0.003669724771
rse,0.003669724771,0,0.003669724771
ryan,0.003669724771,0,0.003669724771
ryantolmia,0.003669724771,0,0.003669724771
saas,0.003669724771,0,0.003669724771
sabzi,0.003669724771,0,0.003669724771
sadece,0.003669724771,0,0.003669724771
sajidchhotan,0.003669724771,0,0.003669724771
sajidsohna,0.003669724771,0,0.003669724771
sal,0.003669724771,0,0.003669724771
sana,0.003669724771,0,0.003669724771
sapna,0.003669724771,0,0.003669724771
saport,0.005504587156,0.001834862385,0.003669724771
sari,0.003669724771,0,0.003669724771
sasbahucomedy,0.003669724771,0,0.003669724771
sasbahukicomedy,0.003669724771,0,0.003669724771
sasbahustory,0.003669724771,0,0.003669724771
satendrarathourvlogs,0.003669724771,0,0.003669724771
sath,0.003669724771,0,0.003669724771
sattuvlogs,0.003669724771,0,0.003669724771
saves,0.003669724771,0,0.003669724771
scert,0.003669724771,0,0.003669724771
schedule,0.007339449541,0.003669724771,0.003669724771
scratch,0.003669724771,0,0.003669724771
scroll,0.003669724771,0,0.003669724771
seal,0.003669724771,0,0.003669724771
seamless,0.003669724771,0,0.003669724771
seasons,0.003669724771,0,0.003669724771
seconds,0.003669724771,0,0.003669724771
see,0.02935779817,0.02568807339,0.003669724771
seemamishrasong,0.003669724771,0,0.003669724771
seemamishrasongs,0.003669724771,0,0.003669724771
sekonic,0.003669724771,0,0.003669724771
selfgrowth,0.003669724771,0,0.003669724771
sem,0.003669724771,0,0.003669724771
sen,0.003669724771,0,0.003669724771
serial,0.003669724771,0,0.003669724771
set,0.003669724771,0,0.003669724771
seu,0.003669724771,0,0.003669724771
shakti,0.003669724771,0,0.003669724771
sharma,0.005504587156,0.001834862385,0.003669724771
sheezavibes,0.003669724771,0,0.003669724771
shekhawat,0.003669724771,0,0.003669724771
shemaroobollywoodcomedy,0.003669724771,0,0.003669724771
shivaya,0.003669724771,0,0.003669724771
shortsyoutube,0.003669724771,0,0.003669724771
siddhu,0.003669724771,0,0.003669724771
silverplaybutton,0.003669724771,0,0.003669724771
sind,0.003669724771,0,0.003669724771
sinhala,0.003669724771,0,0.003669724771
sistrology,0.003669724771,0,0.003669724771
sit,0.003669724771,0,0.003669724771
smallyoutubercommunity,0.003669724771,0,0.003669724771
smallyoutubersupport,0.003669724771,0,0.003669724771
sobre,0.003669724771,0,0.003669724771
socialmedia,0.003669724771,0,0.003669724771
solving,0.003669724771,0,0.003669724771
somewhere,0.003669724771,0,0.003669724771
son,0.003669724771,0,0.003669724771
soravjoshi,0.003669724771,0,0.003669724771
soul,0.003669724771,0,0.003669724771
soup,0.003669724771,0,0.003669724771
souravjvlogs,0.005504587156,0.001834862385,0.003669724771
spa,0.003669724771,0,0.003669724771
span,0.003669724771,0,0.003669724771
spread,0.003669724771,0,0.003669724771
statuss,0.003669724771,0,0.003669724771
stitch,0.003669724771,0,0.003669724771
stories,0.007339449541,0.003669724771,0.003669724771
stotram,0.003669724771,0,0.003669724771
stream,0.007339449541,0.003669724771,0.003669724771
structure,0.003669724771,0,0.003669724771
stuck,0.005504587156,0.001834862385,0.003669724771
studyroutineindia,0.003669724771,0,0.003669724771
studyvloghindi,0.003669724771,0,0.003669724771
studyvlogs,0.005504587156,0.001834862385,0.003669724771
stupidity,0.003669724771,0,0.003669724771
subforsub,0.003669724771,0,0.003669724771
subscribeforsubscribe,0.003669724771,0,0.003669724771
subsribe,0.003669724771,0,0.003669724771
successmindset,0.009174311927,0.005504587156,0.003669724771
sugar,0.003669724771,0,0.003669724771
sukoon,0.003669724771,0,0.003669724771
sunny,0.003669724771,0,0.003669724771
superhitrajasthanisong,0.003669724771,0,0.003669724771
supportme,0.009174311927,0.005504587156,0.003669724771
supposed,0.003669724771,0,0.003669724771
supremacy,0.003669724771,0,0.003669724771
suting,0.003669724771,0,0.003669724771
swxft,0.003669724771,0,0.003669724771
szpilki,0.003669724771,0,0.003669724771
tahajjuddua,0.003669724771,0,0.003669724771
tandav,0.003669724771,0,0.003669724771
tarih,0.003669724771,0,0.003669724771
tarika,0.005504587156,0.001834862385,0.003669724771
tawang,0.003669724771,0,0.003669724771
teachers,0.003669724771,0,0.003669724771
teamfx,0.003669724771,0,0.003669724771
tech,0.01100917431,0.007339449541,0.003669724771
technique,0.005504587156,0.001834862385,0.003669724771
tempalvlogs,0.003669724771,0,0.003669724771
temple,0.009174311927,0.005504587156,0.003669724771
temples,0.003669724771,0,0.003669724771
temu,0.003669724771,0,0.003669724771
tests,0.007339449541,0.003669724771,0.003669724771
theme,0.003669724771,0,0.003669724771
themridul,0.003669724771,0,0.003669724771
there,0.01467889908,0.01100917431,0.003669724771
thgrader,0.003669724771,0,0.003669724771
those,0.007339449541,0.003669724771,0.003669724771
threads,0.003669724771,0,0.003669724771
throwing,0.003669724771,0,0.003669724771
thumbnaildesign,0.003669724771,0,0.003669724771
ticket,0.003669724771,0,0.003669724771
tim,0.003669724771,0,0.003669724771
timestamps,0.003669724771,0,0.003669724771
tin,0.003669724771,0,0.003669724771
tishakalita,0.003669724771,0,0.003669724771
titel,0.003669724771,0,0.003669724771
toca,0.003669724771,0,0.003669724771
top,0.01651376147,0.0128440367,0.003669724771
tornado,0.003669724771,0,0.003669724771
tour,0.01467889908,0.01100917431,0.003669724771
trackerfy,0.003669724771,0,0.003669724771
tracks,0.003669724771,0,0.003669724771
trader,0.003669724771,0,0.003669724771
trendingviralvideo,0.003669724771,0,0.003669724771
trocar,0.003669724771,0,0.003669724771
true,0.009174311927,0.005504587156,0.003669724771
tuesday,0.003669724771,0,0.003669724771
tun,0.003669724771,0,0.003669724771
twist,0.009174311927,0.005504587156,0.003669724771
tyt,0.005504587156,0.001834862385,0.003669724771
unacademy,0.003669724771,0,0.003669724771
universitylife,0.007339449541,0.003669724771,0.003669724771
until,0.009174311927,0.005504587156,0.003669724771
unwind,0.003669724771,0,0.003669724771
upatsumbhsanket,0.003669724771,0,0.003669724771
updates,0.01100917431,0.007339449541,0.003669724771
uploaded,0.003669724771,0,0.003669724771
usa,0.003669724771,0,0.003669724771
uttrakhand,0.003669724771,0,0.003669724771
vaade,0.003669724771,0,0.003669724771
vairlvidoe,0.003669724771,0,0.003669724771
vairlvlogs,0.003669724771,0,0.003669724771
veenamusicrajasthan,0.003669724771,0,0.003669724771
veenasong,0.003669724771,0,0.003669724771
vem,0.003669724771,0,0.003669724771
ver,0.003669724771,0,0.003669724771
verimli,0.003669724771,0,0.003669724771
vertical,0.003669724771,0,0.003669724771
vibinginrealtime,0.003669724771,0,0.003669724771
viralcontent,0.005504587156,0.001834862385,0.003669724771
vision,0.003669724771,0,0.003669724771
visit,0.005504587156,0.001834862385,0.003669724771
vivo,0.003669724771,0,0.003669724771
viwe,0.003669724771,0,0.003669724771
vloging,0.003669724771,0,0.003669724771
voc,0.003669724771,0,0.003669724771
vog,0.003669724771,0,0.003669724771
volgers,0.003669724771,0,0.003669724771
wali,0.007339449541,0.003669724771,0.003669724771
walk,0.003669724771,0,0.003669724771
wallah,0.003669724771,0,0.003669724771
weather,0.003669724771,0,0.003669724771
web,0.003669724771,0,0.003669724771
weekend,0.003669724771,0,0.003669724771
weekly,0.01100917431,0.007339449541,0.003669724771
where,0.02568807339,0.02201834862,0.003669724771
whose,0.003669724771,0,0.003669724771
wieder,0.003669724771,0,0.003669724771
wieiadrealistic,0.003669724771,0,0.003669724771
wife,0.003669724771,0,0.003669724771
wise,0.003669724771,0,0.003669724771
workouts,0.003669724771,0,0.003669724771
writingvlog,0.003669724771,0,0.003669724771
xrproduction,0.003669724771,0,0.003669724771
yaha,0.003669724771,0,0.003669724771
yahi,0.003669724771,0,0.003669724771
yashoda,0.003669724771,0,0.003669724771
yogurt,0.003669724771,0,0.003669724771
york,0.005504587156,0.001834862385,0.003669724771
youtubechannel,0.007339449541,0.003669724771,0.003669724771
youtubeforbeginners,0.003669724771,0,0.003669724771
youtubelikes,0.003669724771,0,0.003669724771
youtubemarketing,0.003669724771,0,0.003669724771
youtubemusic,0.003669724771,0,0.003669724771
youtubesetup,0.003669724771,0,0.003669724771
youtubesho,0.003669724771,0,0.003669724771
youtubetips,0.009174311927,0.005504587156,0.003669724771
youtubevide,0.003669724771,0,0.003669724771
youtubevideo,0.01100917431,0.007339449541,0.003669724771
youtubevideos,0.005504587156,0.001834862385,0.003669724771
youtubeviews,0.003669724771,0,0.003669724771
ytgillu,0.003669724771,0,0.003669724771
ytobsessed,0.003669724771,0,0.003669724771
ytshort,0.005504587156,0.001834862385,0.003669724771
zenith,0.003669724771,0,0.003669724771
zon,0.003669724771,0,0.003669724771
aaj,0.05504587156,0.05321100917,0.001834862385
aakhri,0.001834862385,0,0.001834862385
aapko,0.03119266055,0.02935779817,0.001834862385
aate,0.001834862385,0,0.001834862385
aaye,0.01467889908,0.0128440367,0.001834862385
aazmayen,0.001834862385,0,0.001834862385
abandoned,0.001834862385,0,0.001834862385
abandonedplaces,0.001834862385,0,0.001834862385
abg,0.001834862385,0,0.001834862385
abilirsin,0.001834862385,0,0.001834862385
able,0.003669724771,0.001834862385,0.001834862385
abone,0.001834862385,0,0.001834862385
aboutyunstv,0.001834862385,0,0.001834862385
above,0.001834862385,0,0.001834862385
acca,0.001834862385,0,0.001834862385
accaexam,0.001834862385,0,0.001834862385
access,0.001834862385,0,0.001834862385
accompanied,0.001834862385,0,0.001834862385
accountability,0.001834862385,0,0.001834862385
accurate,0.001834862385,0,0.001834862385
acess,0.001834862385,0,0.001834862385
achhe,0.001834862385,0,0.001834862385
achievement,0.001834862385,0,0.001834862385
acolhedor,0.001834862385,0,0.001834862385
acomoda,0.001834862385,0,0.001834862385
acrylicpainting,0.001834862385,0,0.001834862385
activated,0.001834862385,0,0.001834862385
active,0.003669724771,0.001834862385,0.001834862385
activewear,0.001834862385,0,0.001834862385
activities,0.005504587156,0.003669724771,0.001834862385
actor,0.001834862385,0,0.001834862385
actress,0.001834862385,0,0.001834862385
acts,0.001834862385,0,0.001834862385
adab,0.001834862385,0,0.001834862385
add,0.009174311927,0.007339449541,0.001834862385
added,0.001834862385,0,0.001834862385
adding,0.001834862385,0,0.001834862385
adhdfriendly,0.001834862385,0,0.001834862385
adhdstudy,0.001834862385,0,0.001834862385
adjustments,0.001834862385,0,0.001834862385
adu,0.001834862385,0,0.001834862385
adult,0.001834862385,0,0.001834862385
adulting,0.001834862385,0,0.001834862385
adults,0.001834862385,0,0.001834862385
adventureindia,0.001834862385,0,0.001834862385
advocate,0.001834862385,0,0.001834862385
aerial,0.001834862385,0,0.001834862385
aesthethicvlog,0.001834862385,0,0.001834862385
aestheticaestetic,0.001834862385,0,0.001834862385
aestheticaesthetic,0.001834862385,0,0.001834862385
aestheticlog,0.001834862385,0,0.001834862385
aestheticstudysetup,0.001834862385,0,0.001834862385
aestic,0.001834862385,0,0.001834862385
aew,0.001834862385,0,0.001834862385
aewdynasty,0.001834862385,0,0.001834862385
affect,0.001834862385,0,0.001834862385
affection,0.001834862385,0,0.001834862385
afraid,0.001834862385,0,0.001834862385
africanbhaluk,0.001834862385,0,0.001834862385
afternoonroutine,0.001834862385,0,0.001834862385
afterunivlog,0.001834862385,0,0.001834862385
agagagaggaga,0.001834862385,0,0.001834862385
agar,0.03669724771,0.03486238532,0.001834862385
age,0.003669724771,0.001834862385,0.001834862385
agra,0.001834862385,0,0.001834862385
agshaz,0.001834862385,0,0.001834862385
ahh,0.001834862385,0,0.001834862385
ahora,0.001834862385,0,0.001834862385
aigenerated,0.001834862385,0,0.001834862385
aik,0.001834862385,0,0.001834862385
airevolution,0.001834862385,0,0.001834862385
aitihasik,0.001834862385,0,0.001834862385
aivlog,0.001834862385,0,0.001834862385
aktifolam,0.001834862385,0,0.001834862385
alabama,0.001834862385,0,0.001834862385
album,0.001834862385,0,0.001834862385
albumday,0.001834862385,0,0.001834862385
ales,0.001834862385,0,0.001834862385
aleste,0.001834862385,0,0.001834862385
alevels,0.001834862385,0,0.001834862385
alien,0.001834862385,0,0.001834862385
aligned,0.001834862385,0,0.001834862385
alina,0.001834862385,0,0.001834862385
alive,0.001834862385,0,0.001834862385
alle,0.001834862385,0,0.001834862385
allen,0.001834862385,0,0.001834862385
allotment,0.001834862385,0,0.001834862385
allt,0.001834862385,0,0.001834862385
almosthere,0.001834862385,0,0.001834862385
alot,0.001834862385,0,0.001834862385
alter,0.001834862385,0,0.001834862385
altogether,0.001834862385,0,0.001834862385
always,0.009174311927,0.007339449541,0.001834862385
amanyt,0.001834862385,0,0.001834862385
amar,0.001834862385,0,0.001834862385
amazingroblox,0.001834862385,0,0.001834862385
ameen,0.001834862385,0,0.001834862385
amigurumi,0.001834862385,0,0.001834862385
ammi,0.001834862385,0,0.001834862385
ammibeti,0.001834862385,0,0.001834862385
amrapali,0.001834862385,0,0.001834862385
analysis,0.001834862385,0,0.001834862385
analyzing,0.001834862385,0,0.001834862385
anastasia,0.001834862385,0,0.001834862385
anchor,0.001834862385,0,0.001834862385
ancientsecrets,0.001834862385,0,0.001834862385
ang,0.001834862385,0,0.001834862385
angel,0.001834862385,0,0.001834862385
angler,0.001834862385,0,0.001834862385
angles,0.001834862385,0,0.001834862385
animal,0.001834862385,0,0.001834862385
animated,0.001834862385,0,0.001834862385
animator,0.001834862385,0,0.001834862385
animeart,0.001834862385,0,0.001834862385
animehindiexplain,0.001834862385,0,0.001834862385
animehindiexplanation,0.001834862385,0,0.001834862385
anirudhacharya,0.001834862385,0,0.001834862385
anki,0.001834862385,0,0.001834862385
ankitaaaahx,0.001834862385,0,0.001834862385
anniversari,0.001834862385,0,0.001834862385
anniversary,0.001834862385,0,0.001834862385
anokhi,0.001834862385,0,0.001834862385
anonymous,0.001834862385,0,0.001834862385
anurag,0.003669724771,0.001834862385,0.001834862385
anxiety,0.001834862385,0,0.001834862385
anyvibe,0.001834862385,0,0.001834862385
apni,0.01100917431,0.009174311927,0.001834862385
apocalyptic,0.001834862385,0,0.001834862385
apoie,0.001834862385,0,0.001834862385
appa,0.001834862385,0,0.001834862385
application,0.001834862385,0,0.001834862385
applied,0.001834862385,0,0.001834862385
apps,0.005504587156,0.003669724771,0.001834862385
apr,0.001834862385,0,0.001834862385
aproveita,0.001834862385,0,0.001834862385
aqui,0.001834862385,0,0.001834862385
aquifelsfilmecke,0.001834862385,0,0.001834862385
arabia,0.001834862385,0,0.001834862385
arabic,0.001834862385,0,0.001834862385
architecture,0.001834862385,0,0.001834862385
area,0.001834862385,0,0.001834862385
aren,0.001834862385,0,0.001834862385
arena,0.001834862385,0,0.001834862385
arguments,0.001834862385,0,0.001834862385
ariko,0.001834862385,0,0.001834862385
arpitasbanglavlogs,0.001834862385,0,0.001834862385
arrival,0.001834862385,0,0.001834862385
arrived,0.001834862385,0,0.001834862385
arriving,0.001834862385,0,0.001834862385
arsh,0.001834862385,0,0.001834862385
artandcraft,0.001834862385,0,0.001834862385
artcommunity,0.001834862385,0,0.001834862385
articalloaway,0.001834862385,0,0.001834862385
artificialintelligence,0.001834862385,0,0.001834862385
artistjourney,0.001834862385,0,0.001834862385
artistvlog,0.001834862385,0,0.001834862385
artprocess,0.001834862385,0,0.001834862385
artvlog,0.001834862385,0,0.001834862385
artyoutuber,0.001834862385,0,0.001834862385
arunana,0.001834862385,0,0.001834862385
asaan,0.001834862385,0,0.001834862385
ase,0.001834862385,0,0.001834862385
asethicedits,0.001834862385,0,0.001834862385
asha,0.001834862385,0,0.001834862385
asian,0.001834862385,0,0.001834862385
asking,0.001834862385,0,0.001834862385
asool,0.001834862385,0,0.001834862385
aspect,0.001834862385,0,0.001834862385
aspirantstruggle,0.001834862385,0,0.001834862385
assalamualaikum,0.001834862385,0,0.001834862385
assamesecomedyvideo,0.001834862385,0,0.001834862385
assamesefunnyvlog,0.001834862385,0,0.001834862385
assameseminivlogs,0.001834862385,0,0.001834862385
assamesevideo,0.001834862385,0,0.001834862385
assamesevlogs,0.001834862385,0,0.001834862385
assampolice,0.001834862385,0,0.001834862385
assignments,0.003669724771,0.001834862385,0.001834862385
aten,0.001834862385,0,0.001834862385
atia,0.001834862385,0,0.001834862385
atlanta,0.001834862385,0,0.001834862385
atmosphere,0.003669724771,0.001834862385,0.001834862385
atpr,0.001834862385,0,0.001834862385
attended,0.001834862385,0,0.001834862385
attention,0.003669724771,0.001834862385,0.001834862385
auch,0.001834862385,0,0.001834862385
audience,0.005504587156,0.003669724771,0.001834862385
audiencegrowth,0.001834862385,0,0.001834862385
audiences,0.001834862385,0,0.001834862385
auf,0.001834862385,0,0.001834862385
author,0.001834862385,0,0.001834862385
authorlife,0.001834862385,0,0.001834862385
authortube,0.001834862385,0,0.001834862385
autograph,0.001834862385,0,0.001834862385
automate,0.001834862385,0,0.001834862385
automation,0.001834862385,0,0.001834862385
automobiles,0.001834862385,0,0.001834862385
avenue,0.003669724771,0.001834862385,0.001834862385
avinashworld,0.001834862385,0,0.001834862385
avocado,0.001834862385,0,0.001834862385
avoided,0.001834862385,0,0.001834862385
avruduvibes,0.001834862385,0,0.001834862385
awaaz,0.001834862385,0,0.001834862385
awakening,0.001834862385,0,0.001834862385
awards,0.001834862385,0,0.001834862385
aware,0.001834862385,0,0.001834862385
away,0.001834862385,0,0.001834862385
awinpang,0.001834862385,0,0.001834862385
ayn,0.001834862385,0,0.001834862385
aytmatematik,0.001834862385,0,0.001834862385
baaack,0.001834862385,0,0.001834862385
baanihans,0.001834862385,0,0.001834862385
babafoodrrc,0.001834862385,0,0.001834862385
babydoll,0.001834862385,0,0.001834862385
babykrishna,0.001834862385,0,0.001834862385
babyvlog,0.001834862385,0,0.001834862385
baccha,0.001834862385,0,0.001834862385
bach,0.001834862385,0,0.001834862385
bachane,0.001834862385,0,0.001834862385
bachon,0.001834862385,0,0.001834862385
backgroundmusicwithoutlimitations,0.001834862385,0,0.001834862385
backlog,0.01100917431,0.009174311927,0.001834862385
bacon,0.001834862385,0,0.001834862385
baddieboard,0.001834862385,0,0.001834862385
bade,0.003669724771,0.001834862385,0.001834862385
badlegi,0.001834862385,0,0.001834862385
baghararice,0.001834862385,0,0.001834862385
bags,0.001834862385,0,0.001834862385
bahar,0.001834862385,0,0.001834862385
bahuvlog,0.001834862385,0,0.001834862385
bairansong,0.001834862385,0,0.001834862385
baishya,0.001834862385,0,0.001834862385
baithu,0.001834862385,0,0.001834862385
bajrangbalipuja,0.001834862385,0,0.001834862385
bakchodi,0.001834862385,0,0.001834862385
bake,0.001834862385,0,0.001834862385
baking,0.001834862385,0,0.001834862385
balajidhaba,0.001834862385,0,0.001834862385
balanced,0.001834862385,0,0.001834862385
balanse,0.001834862385,0,0.001834862385
balcony,0.001834862385,0,0.001834862385
ban,0.003669724771,0.001834862385,0.001834862385
banabo,0.001834862385,0,0.001834862385
banaras,0.001834862385,0,0.001834862385
banate,0.007339449541,0.005504587156,0.001834862385
bandna,0.001834862385,0,0.001834862385
banglacooking,0.001834862385,0,0.001834862385
bangladeshrailway,0.001834862385,0,0.001834862385
banglarecipe,0.001834862385,0,0.001834862385
banglavlog,0.003669724771,0.001834862385,0.001834862385
banglawelcome,0.001834862385,0,0.001834862385
bankexam,0.001834862385,0,0.001834862385
bankexampreparation,0.001834862385,0,0.001834862385
bankexams,0.001834862385,0,0.001834862385
banking,0.001834862385,0,0.001834862385
banned,0.001834862385,0,0.001834862385
banner,0.001834862385,0,0.001834862385
bansalet,0.001834862385,0,0.001834862385
bansalinstituteengineeringandtechnogylucknow,0.001834862385,0,0.001834862385
baptized,0.001834862385,0,0.001834862385
barakah,0.001834862385,0,0.001834862385
barat,0.001834862385,0,0.001834862385
barbeque,0.001834862385,0,0.001834862385
bardock,0.001834862385,0,0.001834862385
barkha,0.001834862385,0,0.001834862385
bartan,0.001834862385,0,0.001834862385
bartending,0.001834862385,0,0.001834862385
base,0.001834862385,0,0.001834862385
basketball,0.001834862385,0,0.001834862385
batana,0.003669724771,0.001834862385,0.001834862385
battlegrounds,0.001834862385,0,0.001834862385
battlegroundsmobileindia,0.001834862385,0,0.001834862385
baza,0.001834862385,0,0.001834862385
bazen,0.001834862385,0,0.001834862385
bbq,0.001834862385,0,0.001834862385
bdtiktok,0.001834862385,0,0.001834862385
bean,0.001834862385,0,0.001834862385
beans,0.001834862385,0,0.001834862385
beast,0.003669724771,0.001834862385,0.001834862385
beatz,0.001834862385,0,0.001834862385
beatzbyjosto,0.001834862385,0,0.001834862385
becomes,0.001834862385,0,0.001834862385
befa,0.001834862385,0,0.001834862385
before,0.003669724771,0.001834862385,0.001834862385
begginers,0.001834862385,0,0.001834862385
beginnersguide,0.001834862385,0,0.001834862385
beginneryoutuber,0.001834862385,0,0.001834862385
behindthescenesart,0.001834862385,0,0.001834862385
behtareen,0.001834862385,0,0.001834862385
bei,0.001834862385,0,0.001834862385
beim,0.001834862385,0,0.001834862385
believers,0.001834862385,0,0.001834862385
beliyoutube,0.001834862385,0,0.001834862385
beliyoutubepremium,0.001834862385,0,0.001834862385
beme,0.001834862385,0,0.001834862385
ben,0.001834862385,0,0.001834862385
bench,0.001834862385,0,0.001834862385
beshakal,0.001834862385,0,0.001834862385
beti,0.001834862385,0,0.001834862385
better,0.009174311927,0.007339449541,0.001834862385
betty,0.001834862385,0,0.001834862385
bhagati,0.001834862385,0,0.001834862385
bhala,0.001834862385,0,0.001834862385
bhara,0.001834862385,0,0.001834862385
bharat,0.001834862385,0,0.001834862385
bhari,0.001834862385,0,0.001834862385
bhature,0.001834862385,0,0.001834862385
bhole,0.003669724771,0.001834862385,0.001834862385
bhopal,0.001834862385,0,0.001834862385
bhule,0.001834862385,0,0.001834862385
bhyankar,0.001834862385,0,0.001834862385
biblejournaling,0.001834862385,0,0.001834862385
biblestudy,0.001834862385,0,0.001834862385
bicycle,0.001834862385,0,0.001834862385
biggoals,0.001834862385,0,0.001834862385
bighit,0.001834862385,0,0.001834862385
bihuvibes,0.001834862385,0,0.001834862385
bikelover,0.001834862385,0,0.001834862385
biliyorum,0.001834862385,0,0.001834862385
bir,0.001834862385,0,0.001834862385
birbirimizi,0.001834862385,0,0.001834862385
birbirimizin,0.001834862385,0,0.001834862385
birdphotography,0.001834862385,0,0.001834862385
birds,0.001834862385,0,0.001834862385
birdwatching,0.001834862385,0,0.001834862385
birlikteyiz,0.001834862385,0,0.001834862385
biryhday,0.001834862385,0,0.001834862385
bitaye,0.001834862385,0,0.001834862385
bits,0.001834862385,0,0.001834862385
bitte,0.001834862385,0,0.001834862385
bittersweet,0.001834862385,0,0.001834862385
bitti,0.001834862385,0,0.001834862385
biz,0.001834862385,0,0.001834862385
bize,0.001834862385,0,0.001834862385
bizimle,0.001834862385,0,0.001834862385
bkffofficial,0.001834862385,0,0.001834862385
blackghoda,0.001834862385,0,0.001834862385
blackghost,0.001834862385,0,0.001834862385
blackpinkish,0.001834862385,0,0.001834862385
blackpool,0.001834862385,0,0.001834862385
blacpinkk,0.001834862385,0,0.001834862385
blairscan,0.001834862385,0,0.001834862385
blake,0.001834862385,0,0.001834862385
bloggerlifestyle,0.001834862385,0,0.001834862385
bloggingtips,0.001834862385,0,0.001834862385
blooming,0.001834862385,0,0.001834862385
bloomingdales,0.001834862385,0,0.001834862385
blowuplol,0.001834862385,0,0.001834862385
bluesky,0.001834862385,0,0.001834862385
bna,0.001834862385,0,0.001834862385
bnaya,0.001834862385,0,0.001834862385
bnd,0.001834862385,0,0.001834862385
bohag,0.001834862385,0,0.001834862385
bohat,0.001834862385,0,0.001834862385
bollywoodnews,0.001834862385,0,0.001834862385
bollywoodsongs,0.001834862385,0,0.001834862385
bolo,0.001834862385,0,0.001834862385
bome,0.001834862385,0,0.001834862385
bonneichi,0.001834862385,0,0.001834862385
botany,0.001834862385,0,0.001834862385
boudi,0.001834862385,0,0.001834862385
bouncy,0.001834862385,0,0.001834862385
boy,0.005504587156,0.003669724771,0.001834862385
boynextdoor,0.001834862385,0,0.001834862385
brandyourself,0.001834862385,0,0.001834862385
brasileira,0.001834862385,0,0.001834862385
breakdowns,0.001834862385,0,0.001834862385
breaking,0.001834862385,0,0.001834862385
breakingnews,0.001834862385,0,0.001834862385
breaks,0.005504587156,0.003669724771,0.001834862385
breakup,0.001834862385,0,0.001834862385
breathe,0.001834862385,0,0.001834862385
breathtaking,0.001834862385,0,0.001834862385
brideentry,0.001834862385,0,0.001834862385
brideseeingceremony,0.001834862385,0,0.001834862385
bridestyle,0.001834862385,0,0.001834862385
bridge,0.001834862385,0,0.001834862385
bright,0.001834862385,0,0.001834862385
bringing,0.001834862385,0,0.001834862385
brizy,0.001834862385,0,0.001834862385
broad,0.001834862385,0,0.001834862385
brokerlife,0.001834862385,0,0.001834862385
bronzer,0.001834862385,0,0.001834862385
brooklinen,0.001834862385,0,0.001834862385
brooklyn,0.001834862385,0,0.001834862385
brushing,0.001834862385,0,0.001834862385
btsedits,0.001834862385,0,0.001834862385
btsforever,0.001834862385,0,0.001834862385
bubbleskincare,0.001834862385,0,0.001834862385
buddhist,0.001834862385,0,0.001834862385
bugs,0.001834862385,0,0.001834862385
buhay,0.001834862385,0,0.001834862385
bull,0.001834862385,0,0.001834862385
bullet,0.001834862385,0,0.001834862385
bunch,0.001834862385,0,0.001834862385
bunny,0.001834862385,0,0.001834862385
buraday,0.001834862385,0,0.001834862385
burger,0.001834862385,0,0.001834862385
burgundy,0.001834862385,0,0.001834862385
bushmeat,0.001834862385,0,0.001834862385
businessmindset,0.001834862385,0,0.001834862385
bustle,0.001834862385,0,0.001834862385
busymomlife,0.001834862385,0,0.001834862385
butter,0.001834862385,0,0.001834862385
buttery,0.001834862385,0,0.001834862385
buty,0.001834862385,0,0.001834862385
bvqda,0.001834862385,0,0.001834862385
cabinet,0.001834862385,0,0.001834862385
cafestudy,0.001834862385,0,0.001834862385
caloriebanking,0.001834862385,0,0.001834862385
calories,0.007339449541,0.005504587156,0.001834862385
cameras,0.001834862385,0,0.001834862385
camp,0.001834862385,0,0.001834862385
canl,0.001834862385,0,0.001834862385
canli,0.001834862385,0,0.001834862385
cannot,0.001834862385,0,0.001834862385
capable,0.001834862385,0,0.001834862385
captured,0.003669724771,0.001834862385,0.001834862385
caramel,0.001834862385,0,0.001834862385
careertips,0.001834862385,0,0.001834862385
carenthusiast,0.001834862385,0,0.001834862385
carinformation,0.001834862385,0,0.001834862385
caring,0.001834862385,0,0.001834862385
carl,0.001834862385,0,0.001834862385
carmine,0.001834862385,0,0.001834862385
carreviews,0.001834862385,0,0.001834862385
carved,0.001834862385,0,0.001834862385
casa,0.001834862385,0,0.001834862385
catching,0.001834862385,0,0.001834862385
catholic,0.001834862385,0,0.001834862385
catholicfaith,0.001834862385,0,0.001834862385
caused,0.001834862385,0,0.001834862385
center,0.001834862385,0,0.001834862385
centuries,0.001834862385,0,0.001834862385
century,0.001834862385,0,0.001834862385
ceremony,0.001834862385,0,0.001834862385
cgi,0.001834862385,0,0.001834862385
chaine,0.001834862385,0,0.001834862385
chainstich,0.001834862385,0,0.001834862385
chakkar,0.001834862385,0,0.001834862385
chalisa,0.001834862385,0,0.001834862385
chaliye,0.001834862385,0,0.001834862385
challenged,0.001834862385,0,0.001834862385
challenging,0.001834862385,0,0.001834862385
chamo,0.001834862385,0,0.001834862385
chandrimauddan,0.001834862385,0,0.001834862385
changing,0.003669724771,0.001834862385,0.001834862385
charity,0.001834862385,0,0.001834862385
charlotte,0.001834862385,0,0.001834862385
chatgpt,0.003669724771,0.001834862385,0.001834862385
cheak,0.001834862385,0,0.001834862385
cheel,0.001834862385,0,0.001834862385
cheerios,0.001834862385,0,0.001834862385
cheesecake,0.001834862385,0,0.001834862385
chefathome,0.001834862385,0,0.001834862385
chefsunita,0.001834862385,0,0.001834862385
chesthunna,0.001834862385,0,0.001834862385
cheyyandi,0.001834862385,0,0.001834862385
chhupi,0.001834862385,0,0.001834862385
chickenfry,0.001834862385,0,0.001834862385
chickennuggets,0.001834862385,0,0.001834862385
chikanfry,0.001834862385,0,0.001834862385
chiken,0.001834862385,0,0.001834862385
chikulifevlogs,0.001834862385,0,0.001834862385
chillvibes,0.001834862385,0,0.001834862385
chimichurri,0.001834862385,0,0.001834862385
choice,0.001834862385,0,0.001834862385
chorna,0.001834862385,0,0.001834862385
chornay,0.001834862385,0,0.001834862385
chorte,0.001834862385,0,0.001834862385
christ,0.001834862385,0,0.001834862385
christianfaith,0.001834862385,0,0.001834862385
christianmotivation,0.001834862385,0,0.001834862385
christmas,0.001834862385,0,0.001834862385
chromoc,0.001834862385,0,0.001834862385
chularpar,0.001834862385,0,0.001834862385
chunky,0.001834862385,0,0.001834862385
chup,0.001834862385,0,0.001834862385
churchcamp,0.001834862385,0,0.001834862385
churi,0.001834862385,0,0.001834862385
cielesdiary,0.001834862385,0,0.001834862385
cinematicai,0.001834862385,0,0.001834862385
cinematics,0.003669724771,0.001834862385,0.001834862385
ciskam,0.001834862385,0,0.001834862385
citrus,0.001834862385,0,0.001834862385
citylife,0.001834862385,0,0.001834862385
claimed,0.001834862385,0,0.001834862385
claims,0.001834862385,0,0.001834862385
clay,0.001834862385,0,0.001834862385
clayart,0.001834862385,0,0.001834862385
cleaneating,0.001834862385,0,0.001834862385
cleangirl,0.001834862385,0,0.001834862385
clgfun,0.001834862385,0,0.001834862385
clickbait,0.001834862385,0,0.001834862385
clientmeeting,0.001834862385,0,0.001834862385
clients,0.001834862385,0,0.001834862385
climb,0.001834862385,0,0.001834862385
clinical,0.001834862385,0,0.001834862385
club,0.007339449541,0.005504587156,0.001834862385
coaster,0.001834862385,0,0.001834862385
coca,0.001834862385,0,0.001834862385
cocomo,0.001834862385,0,0.001834862385
codetbjelena,0.001834862385,0,0.001834862385
cola,0.001834862385,0,0.001834862385
colabora,0.001834862385,0,0.001834862385
coletivo,0.001834862385,0,0.001834862385
collection,0.005504587156,0.003669724771,0.001834862385
collective,0.001834862385,0,0.001834862385
collegeeventvlog,0.001834862385,0,0.001834862385
collegefood,0.001834862385,0,0.001834862385
collegelifememes,0.001834862385,0,0.001834862385
collegememories,0.001834862385,0,0.001834862385
collegepreparation,0.001834862385,0,0.001834862385
collegestudent,0.001834862385,0,0.001834862385
collegestyle,0.001834862385,0,0.001834862385
collegetrip,0.001834862385,0,0.001834862385
collegevlogs,0.001834862385,0,0.001834862385
cologne,0.001834862385,0,0.001834862385
colorado,0.001834862385,0,0.001834862385
coloradolife,0.001834862385,0,0.001834862385
colours,0.001834862385,0,0.001834862385
comady,0.001834862385,0,0.001834862385
comeback,0.005504587156,0.003669724771,0.001834862385
comedylovervlog,0.001834862385,0,0.001834862385
comedyreels,0.001834862385,0,0.001834862385
comedyvideo,0.001834862385,0,0.001834862385
comedyvlog,0.003669724771,0.001834862385,0.001834862385
comet,0.001834862385,0,0.001834862385
comfortable,0.001834862385,0,0.001834862385
comfy,0.001834862385,0,0.001834862385
comigo,0.001834862385,0,0.001834862385
commencialbikes,0.001834862385,0,0.001834862385
commentforsupport,0.001834862385,0,0.001834862385
commercial,0.001834862385,0,0.001834862385
common,0.001834862385,0,0.001834862385
communities,0.001834862385,0,0.001834862385
community,0.01834862385,0.01651376147,0.001834862385
complaint,0.001834862385,0,0.001834862385
complicity,0.001834862385,0,0.001834862385
computer,0.001834862385,0,0.001834862385
computers,0.001834862385,0,0.001834862385
comunidade,0.001834862385,0,0.001834862385
concerned,0.001834862385,0,0.001834862385
conclusion,0.001834862385,0,0.001834862385
concrete,0.001834862385,0,0.001834862385
confidence,0.001834862385,0,0.001834862385
confuses,0.001834862385,0,0.001834862385
conhecimento,0.001834862385,0,0.001834862385
connected,0.007339449541,0.005504587156,0.001834862385
connection,0.001834862385,0,0.001834862385
consciousness,0.001834862385,0,0.001834862385
consegue,0.001834862385,0,0.001834862385
conservation,0.001834862385,0,0.001834862385
considered,0.001834862385,0,0.001834862385
consistently,0.001834862385,0,0.001834862385
constructionlife,0.001834862385,0,0.001834862385
consultant,0.001834862385,0,0.001834862385
contentstrategy,0.001834862385,0,0.001834862385
contenttips,0.001834862385,0,0.001834862385
contentviral,0.001834862385,0,0.001834862385
continuing,0.001834862385,0,0.001834862385
contribute,0.001834862385,0,0.001834862385
controlled,0.001834862385,0,0.001834862385
conversar,0.001834862385,0,0.001834862385
convert,0.001834862385,0,0.001834862385
cooked,0.001834862385,0,0.001834862385
cookingshorts,0.001834862385,0,0.001834862385
cookingvlog,0.001834862385,0,0.001834862385
cookwithme,0.001834862385,0,0.001834862385
cool,0.005504587156,0.003669724771,0.001834862385
cooledit,0.001834862385,0,0.001834862385
coolin,0.001834862385,0,0.001834862385
corner,0.003669724771,0.001834862385,0.001834862385
cornerback,0.001834862385,0,0.001834862385
corpo,0.001834862385,0,0.001834862385
correcting,0.001834862385,0,0.001834862385
country,0.001834862385,0,0.001834862385
couplegoals,0.001834862385,0,0.001834862385
coursework,0.001834862385,0,0.001834862385
courtlife,0.001834862385,0,0.001834862385
courtroom,0.001834862385,0,0.001834862385
covenant,0.001834862385,0,0.001834862385
coxsbazartrain,0.001834862385,0,0.001834862385
cozygirl,0.001834862385,0,0.001834862385
cozylife,0.001834862385,0,0.001834862385
craftideas,0.001834862385,0,0.001834862385
crapdqkkhaytn,0.001834862385,0,0.001834862385
crash,0.001834862385,0,0.001834862385
crashed,0.001834862385,0,0.001834862385
crazier,0.001834862385,0,0.001834862385
crazycelebration,0.001834862385,0,0.001834862385
creami,0.001834862385,0,0.001834862385
creamy,0.001834862385,0,0.001834862385
creates,0.001834862385,0,0.001834862385
creativejourney,0.001834862385,0,0.001834862385
creativelifestyle,0.001834862385,0,0.001834862385
creatorgoals,0.001834862385,0,0.001834862385
creatorsupport,0.001834862385,0,0.001834862385
credits,0.009174311927,0.007339449541,0.001834862385
crescentlake,0.001834862385,0,0.001834862385
creta,0.001834862385,0,0.001834862385
criar,0.001834862385,0,0.001834862385
crisp,0.001834862385,0,0.001834862385
crochetbeginners,0.001834862385,0,0.001834862385
crocheting,0.001834862385,0,0.001834862385
crochetuk,0.001834862385,0,0.001834862385
cross,0.001834862385,0,0.001834862385
cuida,0.001834862385,0,0.001834862385
culturalvibes,0.001834862385,0,0.001834862385
culture,0.001834862385,0,0.001834862385
curly,0.001834862385,0,0.001834862385
curlyhair,0.001834862385,0,0.001834862385
curlyhairroutine,0.001834862385,0,0.001834862385
currys,0.001834862385,0,0.001834862385
curve,0.001834862385,0,0.001834862385
cutebaby,0.001834862385,0,0.001834862385
cutelook,0.001834862385,0,0.001834862385
cutemoments,0.001834862385,0,0.001834862385
cutenessoverloaded,0.001834862385,0,0.001834862385
cuz,0.001834862385,0,0.001834862385
cybercriminals,0.001834862385,0,0.001834862385
cybertroniansoldier,0.001834862385,0,0.001834862385
cycles,0.001834862385,0,0.001834862385
daalchawal,0.001834862385,0,0.001834862385
daftar,0.001834862385,0,0.001834862385
daha,0.001834862385,0,0.001834862385
dailroutinevlog,0.001834862385,0,0.001834862385
dailyencouragement,0.001834862385,0,0.001834862385
dailyhustle,0.001834862385,0,0.001834862385
dailymotivation,0.001834862385,0,0.001834862385
dailyreels,0.001834862385,0,0.001834862385
dailysketch,0.001834862385,0,0.001834862385
dailyvlogger,0.001834862385,0,0.001834862385
dailyvlogsminivlog,0.001834862385,0,0.001834862385
daisyxpatch,0.001834862385,0,0.001834862385
daki,0.001834862385,0,0.001834862385
dakika,0.001834862385,0,0.001834862385
dakikal,0.001834862385,0,0.001834862385
daliyaroutinevlog,0.001834862385,0,0.001834862385
dam,0.001834862385,0,0.001834862385
dandiya,0.001834862385,0,0.001834862385
dania,0.001834862385,0,0.001834862385
danie,0.001834862385,0,0.001834862385
dannon,0.001834862385,0,0.001834862385
das,0.001834862385,0,0.001834862385
dasprakash,0.001834862385,0,0.001834862385
dates,0.001834862385,0,0.001834862385
daun,0.001834862385,0,0.001834862385
davidyurman,0.001834862385,0,0.001834862385
davidyurmanunboxing,0.001834862385,0,0.001834862385
davinci,0.001834862385,0,0.001834862385
daydreamer,0.001834862385,0,0.001834862385
dayinthelife,0.005504587156,0.003669724771,0.001834862385
deadline,0.001834862385,0,0.001834862385
deadly,0.001834862385,0,0.001834862385
dealclosing,0.001834862385,0,0.001834862385
declare,0.001834862385,0,0.001834862385
decline,0.001834862385,0,0.001834862385
decompressing,0.001834862385,0,0.001834862385
decoration,0.001834862385,0,0.001834862385
dedication,0.003669724771,0.001834862385,0.001834862385
deeg,0.001834862385,0,0.001834862385
deen,0.001834862385,0,0.001834862385
deensquad,0.001834862385,0,0.001834862385
def,0.001834862385,0,0.001834862385
defined,0.001834862385,0,0.001834862385
definitely,0.003669724771,0.001834862385,0.001834862385
dekhane,0.001834862385,0,0.001834862385
dekhne,0.001834862385,0,0.001834862385
dekhte,0.001834862385,0,0.001834862385
dela,0.001834862385,0,0.001834862385
delete,0.001834862385,0,0.001834862385
deliberate,0.001834862385,0,0.001834862385
delicious,0.005504587156,0.003669724771,0.001834862385
delivery,0.001834862385,0,0.001834862385
demenin,0.001834862385,0,0.001834862385
dense,0.001834862385,0,0.001834862385
denverfood,0.001834862385,0,0.001834862385
denvervlog,0.001834862385,0,0.001834862385
deoksugung,0.001834862385,0,0.001834862385
department,0.001834862385,0,0.001834862385
depend,0.001834862385,0,0.001834862385
dependongod,0.001834862385,0,0.001834862385
depth,0.001834862385,0,0.001834862385
derfilm,0.001834862385,0,0.001834862385
derhessensammler,0.001834862385,0,0.001834862385
derinodak,0.001834862385,0,0.001834862385
dermoviepicker,0.001834862385,0,0.001834862385
dersvlog,0.001834862385,0,0.001834862385
dertle,0.001834862385,0,0.001834862385
desc,0.001834862385,0,0.001834862385
descript,0.001834862385,0,0.001834862385
desert,0.001834862385,0,0.001834862385
desiedits,0.001834862385,0,0.001834862385
desiwedding,0.001834862385,0,0.001834862385
despite,0.001834862385,0,0.001834862385
destruction,0.001834862385,0,0.001834862385
detail,0.001834862385,0,0.001834862385
details,0.003669724771,0.001834862385,0.001834862385
dete,0.001834862385,0,0.001834862385
dev,0.001834862385,0,0.001834862385
development,0.001834862385,0,0.001834862385
devi,0.001834862385,0,0.001834862385
devices,0.001834862385,0,0.001834862385
dhaba,0.001834862385,0,0.001834862385
dhakacity,0.001834862385,0,0.001834862385
dhamal,0.001834862385,0,0.001834862385
dhanyawaad,0.001834862385,0,0.001834862385
dhona,0.001834862385,0,0.001834862385
dhoop,0.001834862385,0,0.001834862385
dhule,0.001834862385,0,0.001834862385
dias,0.001834862385,0,0.001834862385
diesel,0.001834862385,0,0.001834862385
diesem,0.001834862385,0,0.001834862385
diet,0.003669724771,0.001834862385,0.001834862385
difference,0.001834862385,0,0.001834862385
differently,0.001834862385,0,0.001834862385
difficulties,0.001834862385,0,0.001834862385
digitalart,0.001834862385,0,0.001834862385
digitalmarketing,0.001834862385,0,0.001834862385
digitalmarketingindia,0.001834862385,0,0.001834862385
dikhawa,0.001834862385,0,0.001834862385
dikkatini,0.001834862385,0,0.001834862385
dil,0.003669724771,0.001834862385,0.001834862385
dilsejonathan,0.001834862385,0,0.001834862385
dim,0.001834862385,0,0.001834862385
dimension,0.001834862385,0,0.001834862385
dimplemalhanvlog,0.001834862385,0,0.001834862385
dimpus,0.001834862385,0,0.001834862385
dimpusvlog,0.001834862385,0,0.001834862385
dimpusvlogs,0.001834862385,0,0.001834862385
diner,0.001834862385,0,0.001834862385
dinnerideas,0.001834862385,0,0.001834862385
dio,0.001834862385,0,0.001834862385
diptyque,0.001834862385,0,0.001834862385
discover,0.003669724771,0.001834862385,0.001834862385
discuss,0.001834862385,0,0.001834862385
discusses,0.001834862385,0,0.001834862385
discussion,0.001834862385,0,0.001834862385
disiplinli,0.001834862385,0,0.001834862385
display,0.001834862385,0,0.001834862385
disserta,0.001834862385,0,0.001834862385
distance,0.001834862385,0,0.001834862385
distract,0.001834862385,0,0.001834862385
ditl,0.001834862385,0,0.001834862385
diverse,0.001834862385,0,0.001834862385
divider,0.001834862385,0,0.001834862385
divine,0.001834862385,0,0.001834862385
divinelove,0.001834862385,0,0.001834862385
divinerebuilding,0.001834862385,0,0.001834862385
divinity,0.001834862385,0,0.001834862385
diychannel,0.001834862385,0,0.001834862385
diz,0.001834862385,0,0.001834862385
dla,0.001834862385,0,0.001834862385
dmp,0.001834862385,0,0.001834862385
dmv,0.001834862385,0,0.001834862385
dne,0.001834862385,0,0.001834862385
documentary,0.001834862385,0,0.001834862385
dog,0.003669724771,0.001834862385,0.001834862385
doglife,0.001834862385,0,0.001834862385
dogs,0.001834862385,0,0.001834862385
dokunu,0.001834862385,0,0.001834862385
dolapo,0.001834862385,0,0.001834862385
dollartist,0.001834862385,0,0.001834862385
dome,0.001834862385,0,0.001834862385
dontt,0.001834862385,0,0.001834862385
door,0.001834862385,0,0.001834862385
doors,0.001834862385,0,0.001834862385
dorm,0.001834862385,0,0.001834862385
doubt,0.003669724771,0.001834862385,0.001834862385
dozabeatzz,0.001834862385,0,0.001834862385
drawings,0.001834862385,0,0.001834862385
drawingtutorial,0.001834862385,0,0.001834862385
drawingwithme,0.001834862385,0,0.001834862385
dreamer,0.001834862385,0,0.001834862385
dreaming,0.001834862385,0,0.001834862385
dreampop,0.001834862385,0,0.001834862385
drink,0.001834862385,0,0.001834862385
drivingpassion,0.001834862385,0,0.001834862385
drizzle,0.001834862385,0,0.001834862385
dropperneet,0.001834862385,0,0.001834862385
dua,0.001834862385,0,0.001834862385
dubey,0.001834862385,0,0.001834862385
duck,0.001834862385,0,0.001834862385
duckybhai,0.001834862385,0,0.001834862385
due,0.001834862385,0,0.001834862385
duke,0.001834862385,0,0.001834862385
dungar,0.001834862385,0,0.001834862385
dunstable,0.001834862385,0,0.001834862385
duolingo,0.001834862385,0,0.001834862385
dupamine,0.001834862385,0,0.001834862385
durability,0.001834862385,0,0.001834862385
duration,0.001834862385,0,0.001834862385
dushman,0.001834862385,0,0.001834862385
duties,0.001834862385,0,0.001834862385
duyurular,0.001834862385,0,0.001834862385
dyed,0.001834862385,0,0.001834862385
dzi,0.001834862385,0,0.001834862385
early,0.01651376147,0.01467889908,0.001834862385
earnonline,0.001834862385,0,0.001834862385
ease,0.001834862385,0,0.001834862385
easyrecipe,0.001834862385,0,0.001834862385
easyrecipes,0.001834862385,0,0.001834862385
easystudyhacks,0.001834862385,0,0.001834862385
easyyoutube,0.001834862385,0,0.001834862385
eats,0.001834862385,0,0.001834862385
ebony,0.001834862385,0,0.001834862385
ece,0.001834862385,0,0.001834862385
ecommercenigeria,0.001834862385,0,0.001834862385
economia,0.001834862385,0,0.001834862385
editbysupertech,0.001834862385,0,0.001834862385
editingtips,0.001834862385,0,0.001834862385
ediyoruz,0.001834862385,0,0.001834862385
eek,0.001834862385,0,0.001834862385
effect,0.001834862385,0,0.001834862385
eidmubarak,0.001834862385,0,0.001834862385
eidulfitr,0.001834862385,0,0.001834862385
eila,0.001834862385,0,0.001834862385
ekilde,0.001834862385,0,0.001834862385
electronics,0.001834862385,0,0.001834862385
elevated,0.001834862385,0,0.001834862385
elf,0.001834862385,0,0.001834862385
elfcosmetics,0.001834862385,0,0.001834862385
eliademic,0.001834862385,0,0.001834862385
elliptical,0.001834862385,0,0.001834862385
elsewhere,0.001834862385,0,0.001834862385
embrace,0.001834862385,0,0.001834862385
emo,0.001834862385,0,0.001834862385
emotionalshort,0.001834862385,0,0.001834862385
emotionalstory,0.001834862385,0,0.001834862385
empezamos,0.001834862385,0,0.001834862385
encontrar,0.001834862385,0,0.001834862385
encourage,0.001834862385,0,0.001834862385
ended,0.001834862385,0,0.001834862385
ending,0.001834862385,0,0.001834862385
endlich,0.001834862385,0,0.001834862385
endometriosis,0.001834862385,0,0.001834862385
engage,0.001834862385,0,0.001834862385
engagement,0.005504587156,0.003669724771,0.001834862385
engagementvibes,0.001834862385,0,0.001834862385
enmi,0.001834862385,0,0.001834862385
enquanto,0.001834862385,0,0.001834862385
enquiries,0.003669724771,0.001834862385,0.001834862385
ensures,0.001834862385,0,0.001834862385
entered,0.001834862385,0,0.001834862385
entertainmentusa,0.001834862385,0,0.001834862385
entertains,0.001834862385,0,0.001834862385
enthusiast,0.001834862385,0,0.001834862385
entire,0.001834862385,0,0.001834862385
entra,0.001834862385,0,0.001834862385
entrance,0.005504587156,0.003669724771,0.001834862385
entrepreneur,0.001834862385,0,0.001834862385
entrepreneurlife,0.001834862385,0,0.001834862385
entries,0.001834862385,0,0.001834862385
envolvem,0.001834862385,0,0.001834862385
epidemic,0.001834862385,0,0.001834862385
episodes,0.003669724771,0.001834862385,0.001834862385
equipment,0.001834862385,0,0.001834862385
errandswithme,0.001834862385,0,0.001834862385
erroneous,0.001834862385,0,0.001834862385
ertelenen,0.001834862385,0,0.001834862385
escr,0.001834862385,0,0.001834862385
escrevo,0.001834862385,0,0.001834862385
escrita,0.001834862385,0,0.001834862385
esportsindia,0.001834862385,0,0.001834862385
estate,0.001834862385,0,0.001834862385
este,0.001834862385,0,0.001834862385
estuda,0.001834862385,0,0.001834862385
estudando,0.001834862385,0,0.001834862385
eta,0.001834862385,0,0.001834862385
etc,0.001834862385,0,0.001834862385
ethiopian,0.001834862385,0,0.001834862385
etmek,0.001834862385,0,0.001834862385
euch,0.001834862385,0,0.001834862385
eveningroutine,0.001834862385,0,0.001834862385
evenings,0.001834862385,0,0.001834862385
eveningstudylive,0.001834862385,0,0.001834862385
everyday,0.0128440367,0.01100917431,0.001834862385
everydaylife,0.003669724771,0.001834862385,0.001834862385
eviction,0.001834862385,0,0.001834862385
evolving,0.001834862385,0,0.001834862385
examleak,0.001834862385,0,0.001834862385
examvlog,0.001834862385,0,0.001834862385
examweek,0.001834862385,0,0.001834862385
except,0.001834862385,0,0.001834862385
exception,0.001834862385,0,0.001834862385
exclusive,0.003669724771,0.001834862385,0.001834862385
exercise,0.001834862385,0,0.001834862385
exhale,0.001834862385,0,0.001834862385
exhibition,0.001834862385,0,0.001834862385
expert,0.001834862385,0,0.001834862385
explained,0.001834862385,0,0.001834862385
explanation,0.001834862385,0,0.001834862385
exploration,0.001834862385,0,0.001834862385
explorations,0.001834862385,0,0.001834862385
exploregrowth,0.001834862385,0,0.001834862385
exploremore,0.009174311927,0.007339449541,0.001834862385
explorepagereels,0.001834862385,0,0.001834862385
exposure,0.001834862385,0,0.001834862385
eyemakeuptutorial,0.001834862385,0,0.001834862385
eyk,0.001834862385,0,0.001834862385
facebookads,0.001834862385,0,0.001834862385
facelessyoutube,0.001834862385,0,0.001834862385
facility,0.001834862385,0,0.001834862385
facing,0.003669724771,0.001834862385,0.001834862385
fairycore,0.001834862385,0,0.001834862385
fairygarden,0.001834862385,0,0.001834862385
faithbasedcoaching,0.001834862385,0,0.001834862385
faithjourney,0.001834862385,0,0.001834862385
faithoverfear,0.001834862385,0,0.001834862385
faithoverwealth,0.001834862385,0,0.001834862385
faithshorts,0.001834862385,0,0.001834862385
falsas,0.001834862385,0,0.001834862385
families,0.001834862385,0,0.001834862385
familybonding,0.001834862385,0,0.001834862385
familydrama,0.001834862385,0,0.001834862385
familygoals,0.001834862385,0,0.001834862385
familymoments,0.001834862385,0,0.001834862385
famous,0.003669724771,0.001834862385,0.001834862385
fancy,0.003669724771,0.001834862385,0.001834862385
fanka,0.001834862385,0,0.001834862385
farrukhabad,0.001834862385,0,0.001834862385
fastest,0.001834862385,0,0.001834862385
fastgrowth,0.001834862385,0,0.001834862385
fastintro,0.001834862385,0,0.001834862385
father,0.001834862385,0,0.001834862385
fatima,0.001834862385,0,0.001834862385
fatmanurhn,0.001834862385,0,0.001834862385
fatmanuronluu,0.001834862385,0,0.001834862385
fatmanurrhnn,0.001834862385,0,0.001834862385
favorites,0.001834862385,0,0.001834862385
fay,0.001834862385,0,0.001834862385
fdccompany,0.001834862385,0,0.001834862385
features,0.003669724771,0.001834862385,0.001834862385
february,0.001834862385,0,0.001834862385
feira,0.001834862385,0,0.001834862385
fellas,0.001834862385,0,0.001834862385
felt,0.003669724771,0.001834862385,0.001834862385
festivals,0.003669724771,0.001834862385,0.001834862385
festivemoments,0.001834862385,0,0.001834862385
fibrefoods,0.001834862385,0,0.001834862385
field,0.001834862385,0,0.001834862385
fight,0.001834862385,0,0.001834862385
fikrim,0.001834862385,0,0.001834862385
file,0.001834862385,0,0.001834862385
filipinovlogger,0.001834862385,0,0.001834862385
filled,0.003669724771,0.001834862385,0.001834862385
filler,0.001834862385,0,0.001834862385
filme,0.001834862385,0,0.001834862385
filmie,0.001834862385,0,0.001834862385
filming,0.001834862385,0,0.001834862385
filmingonphone,0.001834862385,0,0.001834862385
filosofia,0.001834862385,0,0.001834862385
finalsemester,0.001834862385,0,0.001834862385
finalsvlog,0.001834862385,0,0.001834862385
finalsweek,0.001834862385,0,0.001834862385
finalyear,0.001834862385,0,0.001834862385
financial,0.001834862385,0,0.001834862385
finding,0.003669724771,0.001834862385,0.001834862385
finished,0.001834862385,0,0.001834862385
fireplaceasmr,0.001834862385,0,0.001834862385
firstgrade,0.001834862385,0,0.001834862385
firstpaycheck,0.001834862385,0,0.001834862385
fist,0.001834862385,0,0.001834862385
fix,0.003669724771,0.001834862385,0.001834862385
fixed,0.001834862385,0,0.001834862385
fixing,0.001834862385,0,0.001834862385
flagfootball,0.001834862385,0,0.001834862385
flareup,0.001834862385,0,0.001834862385
flat,0.001834862385,0,0.001834862385
flavorful,0.001834862385,0,0.001834862385
flew,0.001834862385,0,0.001834862385
flightvlog,0.001834862385,0,0.001834862385
flim,0.001834862385,0,0.001834862385
flowstate,0.001834862385,0,0.001834862385
fluffing,0.001834862385,0,0.001834862385
flush,0.001834862385,0,0.001834862385
fluss,0.001834862385,0,0.001834862385
flyingpole,0.001834862385,0,0.001834862385
fnmmemes,0.001834862385,0,0.001834862385
foco,0.001834862385,0,0.001834862385
focusing,0.001834862385,0,0.001834862385
focussession,0.001834862385,0,0.001834862385
fodie,0.001834862385,0,0.001834862385
followme,0.001834862385,0,0.001834862385
foodanddrink,0.001834862385,0,0.001834862385
foodcontent,0.001834862385,0,0.001834862385
foodinspo,0.001834862385,0,0.001834862385
foodpics,0.001834862385,0,0.001834862385
foodporn,0.001834862385,0,0.001834862385
foodtoeat,0.001834862385,0,0.001834862385
foodvideo,0.001834862385,0,0.001834862385
foodvideos,0.001834862385,0,0.001834862385
foodvlog,0.01651376147,0.01467889908,0.001834862385
footballer,0.001834862385,0,0.001834862385
footballshorts,0.001834862385,0,0.001834862385
fore,0.001834862385,0,0.001834862385
foreign,0.001834862385,0,0.001834862385
forever,0.001834862385,0,0.001834862385
forgiving,0.001834862385,0,0.001834862385
forms,0.001834862385,0,0.001834862385
fortalecer,0.001834862385,0,0.001834862385
fortnitememes,0.001834862385,0,0.001834862385
foryourpage,0.001834862385,0,0.001834862385
found,0.005504587156,0.003669724771,0.001834862385
four,0.001834862385,0,0.001834862385
fouzd,0.001834862385,0,0.001834862385
fps,0.001834862385,0,0.001834862385
frd,0.001834862385,0,0.001834862385
freakier,0.001834862385,0,0.001834862385
freaky,0.001834862385,0,0.001834862385
freecrochetpatterns,0.001834862385,0,0.001834862385
freefaircomenuti,0.001834862385,0,0.001834862385
freefaircomunaty,0.001834862385,0,0.001834862385
freekies,0.001834862385,0,0.001834862385
freelove,0.001834862385,0,0.001834862385
freesub,0.001834862385,0,0.001834862385
frequently,0.001834862385,0,0.001834862385
fridays,0.001834862385,0,0.001834862385
friec,0.001834862385,0,0.001834862385
friend,0.007339449541,0.005504587156,0.001834862385
friendly,0.007339449541,0.005504587156,0.001834862385
friends,0.03669724771,0.03486238532,0.001834862385
friendshipgoals,0.003669724771,0.001834862385,0.001834862385
frock,0.001834862385,0,0.001834862385
frog,0.001834862385,0,0.001834862385
front,0.001834862385,0,0.001834862385
fruitfulness,0.001834862385,0,0.001834862385
frustrating,0.001834862385,0,0.001834862385
frustration,0.001834862385,0,0.001834862385
fucking,0.001834862385,0,0.001834862385
fulldayofeating,0.001834862385,0,0.001834862385
function,0.003669724771,0.001834862385,0.001834862385
functions,0.001834862385,0,0.001834862385
funnyvideos,0.003669724771,0.001834862385,0.001834862385
funycomedy,0.001834862385,0,0.001834862385
fury,0.001834862385,0,0.001834862385
futureearth,0.001834862385,0,0.001834862385
futurehistory,0.001834862385,0,0.001834862385
futurism,0.001834862385,0,0.001834862385
fypage,0.001834862385,0,0.001834862385
fyppppp,0.001834862385,0,0.001834862385
fypppppp,0.001834862385,0,0.001834862385
gaavlife,0.001834862385,0,0.001834862385
gadgets,0.001834862385,0,0.001834862385
galera,0.001834862385,0,0.001834862385
gamepad,0.001834862385,0,0.001834862385
gamers,0.001834862385,0,0.001834862385
gaminghighlights,0.001834862385,0,0.001834862385
ganretive,0.001834862385,0,0.001834862385
gaonkizindagi,0.001834862385,0,0.001834862385
gastric,0.001834862385,0,0.001834862385
gayvlogger,0.001834862385,0,0.001834862385
gearing,0.001834862385,0,0.001834862385
gef,0.001834862385,0,0.001834862385
geliyor,0.001834862385,0,0.001834862385
gems,0.001834862385,0,0.001834862385
genius,0.001834862385,0,0.001834862385
gente,0.001834862385,0,0.001834862385
gentlestudy,0.001834862385,0,0.001834862385
gentrytimepieces,0.001834862385,0,0.001834862385
geralmente,0.001834862385,0,0.001834862385
geride,0.001834862385,0,0.001834862385
gesehen,0.001834862385,0,0.001834862385
getaway,0.001834862385,0,0.001834862385
getmoreviewsonyoutube,0.001834862385,0,0.001834862385
getreadywithme,0.001834862385,0,0.001834862385
gettable,0.001834862385,0,0.001834862385
gettoknowme,0.001834862385,0,0.001834862385
ghanaian,0.001834862385,0,0.001834862385
gharkikahani,0.001834862385,0,0.001834862385
gharparivar,0.001834862385,0,0.001834862385
gibi,0.001834862385,0,0.001834862385
gift,0.003669724771,0.001834862385,0.001834862385
gifthaul,0.001834862385,0,0.001834862385
gil,0.001834862385,0,0.001834862385
gimbal,0.001834862385,0,0.001834862385
ging,0.001834862385,0,0.001834862385
gir,0.001834862385,0,0.001834862385
giveaway,0.001834862385,0,0.001834862385
giving,0.005504587156,0.003669724771,0.001834862385
glichesleben,0.001834862385,0,0.001834862385
glimpse,0.005504587156,0.003669724771,0.001834862385
glimpses,0.001834862385,0,0.001834862385
global,0.003669724771,0.001834862385,0.001834862385
glowrecipe,0.001834862385,0,0.001834862385
gmx,0.001834862385,0,0.001834862385
godisnear,0.001834862385,0,0.001834862385
godstiming,0.001834862385,0,0.001834862385
godwin,0.001834862385,0,0.001834862385
gogh,0.001834862385,0,0.001834862385
gohar,0.001834862385,0,0.001834862385
gojol,0.001834862385,0,0.001834862385
goldilocks,0.001834862385,0,0.001834862385
gongu,0.001834862385,0,0.001834862385
googleadsense,0.001834862385,0,0.001834862385
goout,0.001834862385,0,0.001834862385
gorillatag,0.001834862385,0,0.001834862385
goru,0.001834862385,0,0.001834862385
gorubihu,0.001834862385,0,0.001834862385
gospelisthepower,0.001834862385,0,0.001834862385
gotv,0.001834862385,0,0.001834862385
graduate,0.001834862385,0,0.001834862385
gramerjibon,0.001834862385,0,0.001834862385
grams,0.001834862385,0,0.001834862385
grandtheftauto,0.001834862385,0,0.001834862385
graphic,0.001834862385,0,0.001834862385
grazingboard,0.001834862385,0,0.001834862385
grenaro,0.001834862385,0,0.001834862385
grilled,0.001834862385,0,0.001834862385
grinding,0.001834862385,0,0.001834862385
groomentry,0.001834862385,0,0.001834862385
groomstyle,0.001834862385,0,0.001834862385
groomtobe,0.001834862385,0,0.001834862385
groundreality,0.001834862385,0,0.001834862385
growing,0.001834862385,0,0.001834862385
growonyoutub,0.001834862385,0,0.001834862385
grows,0.001834862385,0,0.001834862385
growthmindset,0.001834862385,0,0.001834862385
grup,0.001834862385,0,0.001834862385
gtasanandreas,0.001834862385,0,0.001834862385
gua,0.001834862385,0,0.001834862385
guaranteed,0.001834862385,0,0.001834862385
guessing,0.001834862385,0,0.001834862385
guidance,0.003669724771,0.001834862385,0.001834862385
guided,0.001834862385,0,0.001834862385
guides,0.001834862385,0,0.001834862385
guiding,0.001834862385,0,0.001834862385
gururandhawa,0.001834862385,0,0.001834862385
guthealth,0.001834862385,0,0.001834862385
gutlover,0.001834862385,0,0.001834862385
guysss,0.001834862385,0,0.001834862385
guzarish,0.001834862385,0,0.001834862385
guzra,0.001834862385,0,0.001834862385
gyokeres,0.001834862385,0,0.001834862385
habe,0.001834862385,0,0.001834862385
hackers,0.001834862385,0,0.001834862385
hairan,0.001834862385,0,0.001834862385
hairjourney,0.001834862385,0,0.001834862385
hal,0.001834862385,0,0.001834862385
halara,0.001834862385,0,0.001834862385
halfway,0.001834862385,0,0.001834862385
hallo,0.001834862385,0,0.001834862385
ham,0.001834862385,0,0.001834862385
hamare,0.003669724771,0.001834862385,0.001834862385
haming,0.001834862385,0,0.001834862385
hanau,0.001834862385,0,0.001834862385
handful,0.001834862385,0,0.001834862385
handmadeplush,0.001834862385,0,0.001834862385
handover,0.001834862385,0,0.001834862385
hands,0.001834862385,0,0.001834862385
handsomegamer,0.001834862385,0,0.001834862385
hanging,0.001834862385,0,0.001834862385
hanime,0.001834862385,0,0.001834862385
hansendam,0.001834862385,0,0.001834862385
happened,0.001834862385,0,0.001834862385
happie,0.001834862385,0,0.001834862385
happiestmoments,0.001834862385,0,0.001834862385
happybohagbihu,0.001834862385,0,0.001834862385
happymoments,0.001834862385,0,0.001834862385
harder,0.001834862385,0,0.001834862385
hardworkworks,0.001834862385,0,0.001834862385
haridwarvlogs,0.001834862385,0,0.001834862385
haridwat,0.001834862385,0,0.001834862385
harmony,0.001834862385,0,0.001834862385
haro,0.001834862385,0,0.001834862385
hasaaye,0.001834862385,0,0.001834862385
hasaun,0.001834862385,0,0.001834862385
haseenshavlogaesthetic,0.001834862385,0,0.001834862385
hash,0.001834862385,0,0.001834862385
hasi,0.001834862385,0,0.001834862385
hasn,0.001834862385,0,0.001834862385
hassufit,0.001834862385,0,0.001834862385
hat,0.001834862385,0,0.001834862385
hatirlatmalar,0.001834862385,0,0.001834862385
hattet,0.001834862385,0,0.001834862385
haum,0.001834862385,0,0.001834862385
haves,0.001834862385,0,0.001834862385
haydi,0.001834862385,0,0.001834862385
hazelwood,0.001834862385,0,0.001834862385
headed,0.001834862385,0,0.001834862385
heal,0.001834862385,0,0.001834862385
healthybutrealistic,0.001834862385,0,0.001834862385
healthycooking,0.001834862385,0,0.001834862385
healthyeating,0.005504587156,0.003669724771,0.001834862385
healthyfoodideas,0.001834862385,0,0.001834862385
healthyrecipes,0.001834862385,0,0.001834862385
heartbeat,0.001834862385,0,0.001834862385
heartwarming,0.001834862385,0,0.001834862385
heavy,0.001834862385,0,0.001834862385
hedeflerini,0.001834862385,0,0.001834862385
helped,0.003669724771,0.001834862385,0.001834862385
helping,0.003669724771,0.001834862385,0.001834862385
hepsini,0.001834862385,0,0.001834862385
herkese,0.001834862385,0,0.001834862385
herself,0.001834862385,0,0.001834862385
heute,0.001834862385,0,0.001834862385
hha,0.001834862385,0,0.001834862385
hibu,0.001834862385,0,0.001834862385
hidden,0.007339449541,0.005504587156,0.001834862385
hiddengems,0.001834862385,0,0.001834862385
higher,0.001834862385,0,0.001834862385
highest,0.001834862385,0,0.001834862385
highfibre,0.001834862385,0,0.001834862385
hiiii,0.001834862385,0,0.001834862385
hiking,0.001834862385,0,0.001834862385
hills,0.001834862385,0,0.001834862385
hind,0.001834862385,0,0.001834862385
hindiexplanation,0.001834862385,0,0.001834862385
hindimotivation,0.001834862385,0,0.001834862385
hinschicken,0.001834862385,0,0.001834862385
hint,0.001834862385,0,0.001834862385
hiriketiya,0.001834862385,0,0.001834862385
historicalmystery,0.001834862385,0,0.001834862385
historylovers,0.001834862385,0,0.001834862385
hits,0.001834862385,0,0.001834862385
hitting,0.001834862385,0,0.001834862385
hoffe,0.001834862385,0,0.001834862385
holajanet,0.001834862385,0,0.001834862385
holajanetg,0.001834862385,0,0.001834862385
holi,0.001834862385,0,0.001834862385
holispecial,0.001834862385,0,0.001834862385
hollow,0.001834862385,0,0.001834862385
hollywood,0.001834862385,0,0.001834862385
holymosques,0.001834862385,0,0.001834862385
homelessness,0.001834862385,0,0.001834862385
homepage,0.001834862385,0,0.001834862385
homeroutines,0.001834862385,0,0.001834862385
honey,0.001834862385,0,0.001834862385
honeysingh,0.001834862385,0,0.001834862385
hong,0.001834862385,0,0.001834862385
hongkong,0.001834862385,0,0.001834862385
hoodie,0.001834862385,0,0.001834862385
hota,0.01100917431,0.009174311927,0.001834862385
hourstudy,0.001834862385,0,0.001834862385
hourstudywithme,0.001834862385,0,0.001834862385
housetour,0.001834862385,0,0.001834862385
housewifeyoutuber,0.001834862385,0,0.001834862385
howmuchyoutubepaidme,0.001834862385,0,0.001834862385
howtostartyoutubechannel,0.001834862385,0,0.001834862385
hsrathore,0.001834862385,0,0.001834862385
huay,0.001834862385,0,0.001834862385
human,0.003669724771,0.001834862385,0.001834862385
humanextinction,0.001834862385,0,0.001834862385
humanitiesstudent,0.001834862385,0,0.001834862385
humdum,0.001834862385,0,0.001834862385
humiliate,0.001834862385,0,0.001834862385
humor,0.001834862385,0,0.001834862385
hunt,0.001834862385,0,0.001834862385
hunting,0.001834862385,0,0.001834862385
huokfpfhn,0.001834862385,0,0.001834862385
hurt,0.001834862385,0,0.001834862385
hurting,0.001834862385,0,0.001834862385
husband,0.001834862385,0,0.001834862385
husbandwife,0.003669724771,0.001834862385,0.001834862385
hustlelife,0.001834862385,0,0.001834862385
hustler,0.001834862385,0,0.001834862385
huzuruyla,0.001834862385,0,0.001834862385
hyper,0.001834862385,0,0.001834862385
iced,0.001834862385,0,0.001834862385
ideal,0.001834862385,0,0.001834862385
ideia,0.001834862385,0,0.001834862385
idhika,0.001834862385,0,0.001834862385
idi,0.001834862385,0,0.001834862385
idiomas,0.001834862385,0,0.001834862385
idk,0.001834862385,0,0.001834862385
idlirecipe,0.001834862385,0,0.001834862385
idontworry,0.001834862385,0,0.001834862385
iindirimli,0.001834862385,0,0.001834862385
iki,0.001834862385,0,0.001834862385
ilk,0.001834862385,0,0.001834862385
ill,0.001834862385,0,0.001834862385
illustration,0.001834862385,0,0.001834862385
iloveme,0.001834862385,0,0.001834862385
image,0.001834862385,0,0.001834862385
images,0.001834862385,0,0.001834862385
imagination,0.003669724771,0.001834862385,0.001834862385
imamqasim,0.001834862385,0,0.001834862385
imizi,0.001834862385,0,0.001834862385
immediately,0.001834862385,0,0.001834862385
immense,0.001834862385,0,0.001834862385
immigration,0.001834862385,0,0.001834862385
imperfectstudy,0.001834862385,0,0.001834862385
import,0.001834862385,0,0.001834862385
impressions,0.001834862385,0,0.001834862385
improvements,0.001834862385,0,0.001834862385
inch,0.001834862385,0,0.001834862385
incline,0.001834862385,0,0.001834862385
incompetech,0.001834862385,0,0.001834862385
inconsistent,0.001834862385,0,0.001834862385
incredibly,0.001834862385,0,0.001834862385
independent,0.001834862385,0,0.001834862385
indianbride,0.001834862385,0,0.001834862385
indianculture,0.001834862385,0,0.001834862385
indiangirl,0.001834862385,0,0.001834862385
indiangroom,0.001834862385,0,0.001834862385
indianlawyer,0.001834862385,0,0.001834862385
indianlifestyle,0.001834862385,0,0.001834862385
indianmomindubai,0.001834862385,0,0.001834862385
indians,0.001834862385,0,0.001834862385
indianstudent,0.005504587156,0.003669724771,0.001834862385
indianwedding,0.001834862385,0,0.001834862385
indiaviral,0.001834862385,0,0.001834862385
indieanimation,0.001834862385,0,0.001834862385
indiepop,0.001834862385,0,0.001834862385
indirim,0.001834862385,0,0.001834862385
individuais,0.001834862385,0,0.001834862385
individually,0.001834862385,0,0.001834862385
influence,0.001834862385,0,0.001834862385
influencerindia,0.001834862385,0,0.001834862385
informational,0.001834862385,0,0.001834862385
infos,0.001834862385,0,0.001834862385
ingredients,0.001834862385,0,0.001834862385
inlove,0.001834862385,0,0.001834862385
inquiries,0.001834862385,0,0.001834862385
ins,0.001834862385,0,0.001834862385
inspirationdaily,0.001834862385,0,0.001834862385
insta,0.003669724771,0.001834862385,0.001834862385
instacreator,0.001834862385,0,0.001834862385
instadaily,0.001834862385,0,0.001834862385
instafood,0.001834862385,0,0.001834862385
instagramads,0.001834862385,0,0.001834862385
instagramer,0.001834862385,0,0.001834862385
instagramreels,0.001834862385,0,0.001834862385
instagramtips,0.001834862385,0,0.001834862385
instagrowth,0.001834862385,0,0.001834862385
install,0.001834862385,0,0.001834862385
instareels,0.003669724771,0.001834862385,0.001834862385
instareelsindia,0.001834862385,0,0.001834862385
instatrend,0.001834862385,0,0.001834862385
instaviral,0.001834862385,0,0.001834862385
institengineering,0.001834862385,0,0.001834862385
instrumentalz,0.001834862385,0,0.001834862385
integral,0.001834862385,0,0.001834862385
intensity,0.001834862385,0,0.001834862385
intentional,0.001834862385,0,0.001834862385
intentionally,0.001834862385,0,0.001834862385
interacting,0.001834862385,0,0.001834862385
interiority,0.001834862385,0,0.001834862385
introducing,0.003669724771,0.001834862385,0.001834862385
intros,0.001834862385,0,0.001834862385
introverts,0.001834862385,0,0.001834862385
investment,0.001834862385,0,0.001834862385
invisi,0.001834862385,0,0.001834862385
invisibility,0.001834862385,0,0.001834862385
invisible,0.001834862385,0,0.001834862385
invite,0.001834862385,0,0.001834862385
invited,0.001834862385,0,0.001834862385
invites,0.001834862385,0,0.001834862385
iphones,0.001834862385,0,0.001834862385
iraq,0.001834862385,0,0.001834862385
iroha,0.001834862385,0,0.001834862385
irresistible,0.001834862385,0,0.001834862385
islamiclearning,0.001834862385,0,0.001834862385
island,0.003669724771,0.001834862385,0.001834862385
isso,0.001834862385,0,0.001834862385
issue,0.001834862385,0,0.001834862385
issues,0.001834862385,0,0.001834862385
istedi,0.001834862385,0,0.001834862385
isteyenler,0.001834862385,0,0.001834862385
italian,0.001834862385,0,0.001834862385
itihas,0.001834862385,0,0.001834862385
iyi,0.001834862385,0,0.001834862385
iyisini,0.001834862385,0,0.001834862385
iyoruz,0.001834862385,0,0.001834862385
izina,0.001834862385,0,0.001834862385
jaani,0.001834862385,0,0.001834862385
jaaye,0.001834862385,0,0.001834862385
jab,0.003669724771,0.001834862385,0.001834862385
jaehyun,0.001834862385,0,0.001834862385
jafry,0.001834862385,0,0.001834862385
jagah,0.001834862385,0,0.001834862385
jainildesignlab,0.001834862385,0,0.001834862385
jainilgamingon,0.001834862385,0,0.001834862385
jaiswal,0.001834862385,0,0.001834862385
jama,0.005504587156,0.003669724771,0.001834862385
janay,0.001834862385,0,0.001834862385
janet,0.001834862385,0,0.001834862385
janye,0.001834862385,0,0.001834862385
jasra,0.001834862385,0,0.001834862385
jassbageriyamusic,0.001834862385,0,0.001834862385
jata,0.003669724771,0.001834862385,0.001834862385
jayant,0.001834862385,0,0.001834862385
jayega,0.001834862385,0,0.001834862385
jayiye,0.001834862385,0,0.001834862385
jazakallah,0.001834862385,0,0.001834862385
jeephysics,0.003669724771,0.001834862385,0.001834862385
jeestudytips,0.001834862385,0,0.001834862385
jeestudywithlive,0.001834862385,0,0.001834862385
jelenar,0.001834862385,0,0.001834862385
jeniishuu,0.001834862385,0,0.001834862385
jenna,0.001834862385,0,0.001834862385
jeremy,0.001834862385,0,0.001834862385
jeremysperspective,0.001834862385,0,0.001834862385
jet,0.001834862385,0,0.001834862385
jeula,0.001834862385,0,0.001834862385
jeuvonee,0.001834862385,0,0.001834862385
jewellery,0.001834862385,0,0.001834862385
jewelry,0.001834862385,0,0.001834862385
jhsr,0.001834862385,0,0.001834862385
jiha,0.001834862385,0,0.001834862385
jiske,0.001834862385,0,0.001834862385
jisoovlog,0.001834862385,0,0.001834862385
jiyu,0.001834862385,0,0.001834862385
joe,0.001834862385,0,0.001834862385
joinlive,0.001834862385,0,0.001834862385
jonathangaming,0.001834862385,0,0.001834862385
jongseob,0.001834862385,0,0.001834862385
joyfulmoments,0.001834862385,0,0.001834862385
jsc,0.001834862385,0,0.001834862385
jst,0.001834862385,0,0.001834862385
jualakunpubg,0.001834862385,0,0.001834862385
jualakunyoutube,0.001834862385,0,0.001834862385
jualakunyoutubemurah,0.001834862385,0,0.001834862385
jualanyoutube,0.001834862385,0,0.001834862385
jualanyoutubepremium,0.001834862385,0,0.001834862385
jualbeliakunyoutube,0.001834862385,0,0.001834862385
jualpubg,0.001834862385,0,0.001834862385
jualpubgmobile,0.001834862385,0,0.001834862385
jualyoutube,0.001834862385,0,0.001834862385
jualyoutubelike,0.001834862385,0,0.001834862385
jualyoutubelikes,0.001834862385,0,0.001834862385
jualyoutubepremium,0.001834862385,0,0.001834862385
jualyoutubepremiummurah,0.001834862385,0,0.001834862385
jualyoutubeviewers,0.001834862385,0,0.001834862385
jualyoutubeviewmurah,0.001834862385,0,0.001834862385
jualyoutubeviews,0.001834862385,0,0.001834862385
jubeen,0.001834862385,0,0.001834862385
jud,0.001834862385,0,0.001834862385
judge,0.001834862385,0,0.001834862385
judged,0.001834862385,0,0.001834862385
judging,0.001834862385,0,0.001834862385
juju,0.001834862385,0,0.001834862385
jujuswm,0.001834862385,0,0.001834862385
julia,0.001834862385,0,0.001834862385
junto,0.001834862385,0,0.001834862385
kabeh,0.001834862385,0,0.001834862385
kadhi,0.001834862385,0,0.001834862385
kahveni,0.001834862385,0,0.001834862385
kai,0.001834862385,0,0.001834862385
kale,0.001834862385,0,0.001834862385
kalpa,0.001834862385,0,0.001834862385
kamaye,0.001834862385,0,0.001834862385
kamera,0.001834862385,0,0.001834862385
kanala,0.001834862385,0,0.001834862385
kannada,0.001834862385,0,0.001834862385
kanpur,0.001834862385,0,0.001834862385
kanyakumari,0.001834862385,0,0.001834862385
kapataca,0.001834862385,0,0.001834862385
karachivlog,0.001834862385,0,0.001834862385
karaoke,0.001834862385,0,0.001834862385
karibe,0.001834862385,0,0.001834862385
karke,0.009174311927,0.007339449541,0.001834862385
karwan,0.001834862385,0,0.001834862385
kashyap,0.001834862385,0,0.001834862385
katra,0.001834862385,0,0.001834862385
katy,0.001834862385,0,0.001834862385
katyrose,0.001834862385,0,0.001834862385
kavita,0.001834862385,0,0.001834862385
kawaii,0.001834862385,0,0.001834862385
kaybetmeden,0.001834862385,0,0.001834862385
kdrama,0.001834862385,0,0.001834862385
ked,0.001834862385,0,0.001834862385
keeponkeepingon,0.001834862385,0,0.001834862385
kehte,0.001834862385,0,0.001834862385
kendi,0.001834862385,0,0.001834862385
kendim,0.001834862385,0,0.001834862385
kenyan,0.001834862385,0,0.001834862385
kept,0.003669724771,0.001834862385,0.001834862385
keralapsc,0.001834862385,0,0.001834862385
kesi,0.001834862385,0,0.001834862385
kevin,0.003669724771,0.001834862385,0.001834862385
key,0.001834862385,0,0.001834862385
keyword,0.003669724771,0.001834862385,0.001834862385
khabar,0.003669724771,0.001834862385,0.001834862385
khair,0.001834862385,0,0.001834862385
khatushyambhajan,0.001834862385,0,0.001834862385
khatusyambhajan,0.001834862385,0,0.001834862385
kho,0.001834862385,0,0.001834862385
khoj,0.001834862385,0,0.001834862385
khoobsurat,0.001834862385,0,0.001834862385
khud,0.001834862385,0,0.001834862385
kids,0.003669724771,0.001834862385,0.001834862385
kigiye,0.001834862385,0,0.001834862385
kiiikiii,0.001834862385,0,0.001834862385
kindly,0.003669724771,0.001834862385,0.001834862385
kindness,0.001834862385,0,0.001834862385
kinds,0.001834862385,0,0.001834862385
kis,0.001834862385,0,0.001834862385
kiss,0.001834862385,0,0.001834862385
kitaba,0.001834862385,0,0.001834862385
kitap,0.001834862385,0,0.001834862385
kitchenwithprasanna,0.001834862385,0,0.001834862385
kivabe,0.001834862385,0,0.001834862385
klasa,0.001834862385,0,0.001834862385
kmiw,0.001834862385,0,0.001834862385
knifed,0.001834862385,0,0.001834862385
knight,0.001834862385,0,0.001834862385
knows,0.001834862385,0,0.001834862385
kodlar,0.001834862385,0,0.001834862385
kodum,0.001834862385,0,0.001834862385
kolekcja,0.001834862385,0,0.001834862385
kolkatavlogger,0.001834862385,0,0.001834862385
komlapurrailwaystation,0.001834862385,0,0.001834862385
koniec,0.001834862385,0,0.001834862385
konoha,0.001834862385,0,0.001834862385
korar,0.001834862385,0,0.001834862385
korba,0.001834862385,0,0.001834862385
kore,0.001834862385,0,0.001834862385
korea,0.007339449541,0.005504587156,0.001834862385
koreanstudyvlog,0.001834862385,0,0.001834862385
kori,0.001834862385,0,0.001834862385
kornofuli,0.001834862385,0,0.001834862385
kornofulikornofulir,0.001834862385,0,0.001834862385
kota,0.003669724771,0.001834862385,0.001834862385
kotha,0.001834862385,0,0.001834862385
krem,0.001834862385,0,0.001834862385
ksubscribers,0.001834862385,0,0.001834862385
ktmlover,0.001834862385,0,0.001834862385
kuch,0.0128440367,0.01100917431,0.001834862385
kuj,0.001834862385,0,0.001834862385
kuldeeprock,0.001834862385,0,0.001834862385
kurallar,0.001834862385,0,0.001834862385
kuryoherwa,0.001834862385,0,0.001834862385
kyungmin,0.001834862385,0,0.001834862385
label,0.001834862385,0,0.001834862385
labilir,0.001834862385,0,0.001834862385
labour,0.001834862385,0,0.001834862385
lagaen,0.001834862385,0,0.001834862385
lagaye,0.001834862385,0,0.001834862385
lagega,0.001834862385,0,0.001834862385
lagile,0.001834862385,0,0.001834862385
lagta,0.005504587156,0.003669724771,0.001834862385
lagwai,0.001834862385,0,0.001834862385
lamba,0.001834862385,0,0.001834862385
landscape,0.001834862385,0,0.001834862385
lang,0.001834862385,0,0.001834862385
languages,0.001834862385,0,0.001834862385
lanka,0.001834862385,0,0.001834862385
larger,0.001834862385,0,0.001834862385
larry,0.001834862385,0,0.001834862385
lastexam,0.001834862385,0,0.001834862385
lastsemester,0.001834862385,0,0.001834862385
latenight,0.001834862385,0,0.001834862385
launch,0.001834862385,0,0.001834862385
lavender,0.001834862385,0,0.001834862385
lawyervlog,0.001834862385,0,0.001834862385
lazy,0.001834862385,0,0.001834862385
leaf,0.001834862385,0,0.001834862385
leafmehndi,0.001834862385,0,0.001834862385
learned,0.001834862385,0,0.001834862385
learning,0.01100917431,0.009174311927,0.001834862385
learningmadeeasy,0.001834862385,0,0.001834862385
learnwithme,0.003669724771,0.001834862385,0.001834862385
leehan,0.001834862385,0,0.001834862385
leesol,0.001834862385,0,0.001834862385
legalvlog,0.001834862385,0,0.001834862385
legecy,0.001834862385,0,0.001834862385
leggy,0.001834862385,0,0.001834862385
legitimate,0.001834862385,0,0.001834862385
leio,0.001834862385,0,0.001834862385
leisure,0.001834862385,0,0.001834862385
leke,0.001834862385,0,0.001834862385
lekshmi,0.001834862385,0,0.001834862385
lenny,0.001834862385,0,0.001834862385
leriniz,0.001834862385,0,0.001834862385
lesbian,0.001834862385,0,0.001834862385
less,0.003669724771,0.001834862385,0.001834862385
lesson,0.001834862385,0,0.001834862385
lessons,0.001834862385,0,0.001834862385
lethalcompanyclips,0.001834862385,0,0.001834862385
lethalcompanycompilation,0.001834862385,0,0.001834862385
lethalcompanycoop,0.001834862385,0,0.001834862385
lethalcompanyfunny,0.001834862385,0,0.001834862385
lethalcompanyfunnymoment,0.001834862385,0,0.001834862385
lethalcompanyfunnymoments,0.001834862385,0,0.001834862385
lethalcompanygameplay,0.001834862385,0,0.001834862385
letting,0.001834862385,0,0.001834862385
lettuce,0.001834862385,0,0.001834862385
level,0.005504587156,0.003669724771,0.001834862385
levelup,0.001834862385,0,0.001834862385
lexus,0.001834862385,0,0.001834862385
library,0.009174311927,0.007339449541,0.001834862385
licensing,0.001834862385,0,0.001834862385
lieben,0.001834862385,0,0.001834862385
lies,0.001834862385,0,0.001834862385
lifeafterhumans,0.001834862385,0,0.001834862385
lifeasanartist,0.001834862385,0,0.001834862385
lifelately,0.001834862385,0,0.001834862385
lifeobcampus,0.001834862385,0,0.001834862385
lifeofanartist,0.001834862385,0,0.001834862385
liga,0.001834862385,0,0.001834862385
lighter,0.001834862385,0,0.001834862385
lightwood,0.001834862385,0,0.001834862385
likhna,0.001834862385,0,0.001834862385
liking,0.003669724771,0.001834862385,0.001834862385
lily,0.001834862385,0,0.001834862385
linger,0.001834862385,0,0.001834862385
linki,0.001834862385,0,0.001834862385
linktree,0.001834862385,0,0.001834862385
listen,0.001834862385,0,0.001834862385
litt,0.001834862385,0,0.001834862385
livefun,0.001834862385,0,0.001834862385
livepix,0.001834862385,0,0.001834862385
lives,0.001834862385,0,0.001834862385
livesession,0.001834862385,0,0.001834862385
livestreams,0.001834862385,0,0.001834862385
livestudywithme,0.001834862385,0,0.001834862385
llt,0.001834862385,0,0.001834862385
lmk,0.001834862385,0,0.001834862385
loami,0.001834862385,0,0.001834862385
lobby,0.001834862385,0,0.001834862385
located,0.001834862385,0,0.001834862385
lock,0.001834862385,0,0.001834862385
locked,0.001834862385,0,0.001834862385
locking,0.001834862385,0,0.001834862385
lockingin,0.001834862385,0,0.001834862385
lodhiji,0.001834862385,0,0.001834862385
lomemymom,0.001834862385,0,0.001834862385
lonely,0.001834862385,0,0.001834862385
longbeach,0.001834862385,0,0.001834862385
longvideo,0.001834862385,0,0.001834862385
look,0.01651376147,0.01467889908,0.001834862385
lookism,0.001834862385,0,0.001834862385
loopvideo,0.001834862385,0,0.001834862385
lord,0.003669724771,0.001834862385,0.001834862385
lordshen,0.001834862385,0,0.001834862385
loren,0.001834862385,0,0.001834862385
losing,0.001834862385,0,0.001834862385
lov,0.001834862385,0,0.001834862385
loveall,0.001834862385,0,0.001834862385
loveandtradition,0.001834862385,0,0.001834862385
loveher,0.001834862385,0,0.001834862385
lovehim,0.001834862385,0,0.001834862385
lovelies,0.001834862385,0,0.001834862385
lovelyday,0.001834862385,0,0.001834862385
loveme,0.001834862385,0,0.001834862385
lovemybf,0.001834862385,0,0.001834862385
lovemydad,0.001834862385,0,0.001834862385
lovemygf,0.001834862385,0,0.001834862385
loves,0.003669724771,0.001834862385,0.001834862385
lovestatus,0.001834862385,0,0.001834862385
lovestorybegins,0.001834862385,0,0.001834862385
loveu,0.001834862385,0,0.001834862385
loveubro,0.001834862385,0,0.001834862385
loveudad,0.001834862385,0,0.001834862385
loveumom,0.001834862385,0,0.001834862385
loveusis,0.001834862385,0,0.001834862385
loveyoutoo,0.001834862385,0,0.001834862385
lovley,0.001834862385,0,0.001834862385
low,0.005504587156,0.003669724771,0.001834862385
luck,0.001834862385,0,0.001834862385
lunchvibes,0.001834862385,0,0.001834862385
mac,0.001834862385,0,0.001834862385
machines,0.001834862385,0,0.001834862385
macleod,0.003669724771,0.001834862385,0.001834862385
madang,0.001834862385,0,0.001834862385
madison,0.001834862385,0,0.001834862385
madness,0.001834862385,0,0.001834862385
maelys,0.001834862385,0,0.001834862385
magnetic,0.001834862385,0,0.001834862385
maharashtravlogger,0.001834862385,0,0.001834862385
mahaul,0.001834862385,0,0.001834862385
mahima,0.001834862385,0,0.001834862385
mainpuri,0.001834862385,0,0.001834862385
maintenance,0.001834862385,0,0.001834862385
majalis,0.001834862385,0,0.001834862385
makeover,0.005504587156,0.003669724771,0.001834862385
makes,0.001834862385,0,0.001834862385
makeupproducts,0.001834862385,0,0.001834862385
mali,0.001834862385,0,0.001834862385
malicious,0.001834862385,0,0.001834862385
malish,0.001834862385,0,0.001834862385
mammyvlogger,0.001834862385,0,0.001834862385
manaun,0.001834862385,0,0.001834862385
manchesterunited,0.001834862385,0,0.001834862385
mane,0.001834862385,0,0.001834862385
mangna,0.001834862385,0,0.001834862385
manh,0.001834862385,0,0.001834862385
manifestedit,0.001834862385,0,0.001834862385
manifesto,0.001834862385,0,0.001834862385
manik,0.001834862385,0,0.001834862385
manikmiaavenue,0.001834862385,0,0.001834862385
mantasha,0.001834862385,0,0.001834862385
mantra,0.001834862385,0,0.001834862385
many,0.009174311927,0.007339449541,0.001834862385
maqsad,0.001834862385,0,0.001834862385
mar,0.001834862385,0,0.001834862385
marathicontent,0.001834862385,0,0.001834862385
marathiinfluencer,0.001834862385,0,0.001834862385
marathireels,0.001834862385,0,0.001834862385
marathivlogger,0.001834862385,0,0.001834862385
maratonda,0.001834862385,0,0.001834862385
march,0.001834862385,0,0.001834862385
marho,0.001834862385,0,0.001834862385
marketplace,0.001834862385,0,0.001834862385
markets,0.001834862385,0,0.001834862385
marki,0.001834862385,0,0.001834862385
marks,0.001834862385,0,0.001834862385
marksecurity,0.001834862385,0,0.001834862385
marriagegoals,0.001834862385,0,0.001834862385
marriagemoments,0.001834862385,0,0.001834862385
marwadilifestyle,0.001834862385,0,0.001834862385
marwadivlog,0.001834862385,0,0.001834862385
masehelaarts,0.001834862385,0,0.001834862385
mass,0.001834862385,0,0.001834862385
massive,0.001834862385,0,0.001834862385
massobeat,0.001834862385,0,0.001834862385
mastering,0.001834862385,0,0.001834862385
masterpiece,0.001834862385,0,0.001834862385
masti,0.01467889908,0.0128440367,0.001834862385
matchday,0.001834862385,0,0.001834862385
matchmadeinheaven,0.001834862385,0,0.001834862385
materialhandling,0.001834862385,0,0.001834862385
matlab,0.001834862385,0,0.001834862385
matters,0.005504587156,0.003669724771,0.001834862385
maya,0.001834862385,0,0.001834862385
maza,0.001834862385,0,0.001834862385
mba,0.001834862385,0,0.001834862385
mcdonald,0.001834862385,0,0.001834862385
mcinvoid,0.001834862385,0,0.001834862385
mealinspo,0.001834862385,0,0.001834862385
mealprepideas,0.001834862385,0,0.001834862385
meals,0.007339449541,0.005504587156,0.001834862385
meaningful,0.001834862385,0,0.001834862385
mechanical,0.001834862385,0,0.001834862385
mechanicalbull,0.001834862385,0,0.001834862385
medias,0.001834862385,0,0.001834862385
medicalschool,0.001834862385,0,0.001834862385
medicine,0.001834862385,0,0.001834862385
medicolife,0.001834862385,0,0.001834862385
medschool,0.001834862385,0,0.001834862385
meencurry,0.001834862385,0,0.001834862385
meesh,0.001834862385,0,0.001834862385
mehndinight,0.001834862385,0,0.001834862385
meji,0.001834862385,0,0.001834862385
mek,0.001834862385,0,0.001834862385
melaniemartinezcrybaby,0.001834862385,0,0.001834862385
melbourne,0.001834862385,0,0.001834862385
members,0.001834862385,0,0.001834862385
memorizing,0.001834862385,0,0.001834862385
mensfashion,0.001834862385,0,0.001834862385
menswear,0.001834862385,0,0.001834862385
mental,0.001834862385,0,0.001834862385
mentality,0.001834862385,0,0.001834862385
mente,0.001834862385,0,0.001834862385
mentions,0.001834862385,0,0.001834862385
mercy,0.001834862385,0,0.001834862385
mere,0.0128440367,0.01100917431,0.001834862385
merhaba,0.001834862385,0,0.001834862385
merit,0.001834862385,0,0.001834862385
messaging,0.001834862385,0,0.001834862385
mestrado,0.001834862385,0,0.001834862385
meta,0.001834862385,0,0.001834862385
methdini,0.001834862385,0,0.001834862385
methdiniiweliwita,0.001834862385,0,0.001834862385
methdiniweliwita,0.001834862385,0,0.001834862385
metricool,0.001834862385,0,0.001834862385
mezunakalmak,0.001834862385,0,0.001834862385
mezunders,0.001834862385,0,0.001834862385
mezuntayfa,0.001834862385,0,0.001834862385
mia,0.001834862385,0,0.001834862385
mich,0.001834862385,0,0.001834862385
michel,0.001834862385,0,0.001834862385
microbiome,0.001834862385,0,0.001834862385
microphone,0.001834862385,0,0.001834862385
midnight,0.001834862385,0,0.001834862385
midrand,0.001834862385,0,0.001834862385
mightymouse,0.001834862385,0,0.001834862385
mileage,0.001834862385,0,0.001834862385
milegi,0.001834862385,0,0.001834862385
milne,0.001834862385,0,0.001834862385
milte,0.001834862385,0,0.001834862385
mimics,0.001834862385,0,0.001834862385
mimosa,0.001834862385,0,0.001834862385
mindsetmatters,0.001834862385,0,0.001834862385
mindsetshift,0.001834862385,0,0.001834862385
minesi,0.001834862385,0,0.001834862385
minha,0.001834862385,0,0.001834862385
miniideas,0.001834862385,0,0.001834862385
miniimportation,0.001834862385,0,0.001834862385
miniiphone,0.001834862385,0,0.001834862385
minishorts,0.001834862385,0,0.001834862385
minisong,0.001834862385,0,0.001834862385
minivl,0.001834862385,0,0.001834862385
minivloggstetas,0.001834862385,0,0.001834862385
minivloghindi,0.001834862385,0,0.001834862385
minivlogkaisebanatehai,0.001834862385,0,0.001834862385
minivlogkaisebanayeinhindi,0.001834862385,0,0.001834862385
minju,0.001834862385,0,0.001834862385
minuman,0.001834862385,0,0.001834862385
mir,0.001834862385,0,0.001834862385
mis,0.001834862385,0,0.001834862385
mischievous,0.001834862385,0,0.001834862385
missed,0.001834862385,0,0.001834862385
missionjee,0.001834862385,0,0.001834862385
missionneet,0.001834862385,0,0.001834862385
mit,0.001834862385,0,0.001834862385
mixed,0.001834862385,0,0.001834862385
mixes,0.001834862385,0,0.001834862385
mochiz,0.001834862385,0,0.001834862385
modam,0.001834862385,0,0.001834862385
modules,0.001834862385,0,0.001834862385
moja,0.001834862385,0,0.001834862385
moka,0.001834862385,0,0.001834862385
momlifereset,0.001834862385,0,0.001834862385
mon,0.001834862385,0,0.001834862385
mondaydeclaration,0.001834862385,0,0.001834862385
mondaymotivation,0.001834862385,0,0.001834862385
monetising,0.001834862385,0,0.001834862385
moneymaking,0.001834862385,0,0.001834862385
monitise,0.001834862385,0,0.001834862385
monochromelook,0.001834862385,0,0.001834862385
month,0.005504587156,0.003669724771,0.001834862385
montization,0.001834862385,0,0.001834862385
moon,0.001834862385,0,0.001834862385
mootcourt,0.001834862385,0,0.001834862385
mootcourtcompetition,0.001834862385,0,0.001834862385
morningcoffee,0.003669724771,0.001834862385,0.001834862385
morninghabits,0.001834862385,0,0.001834862385
morningmotivations,0.001834862385,0,0.001834862385
morningstudyroutine,0.001834862385,0,0.001834862385
morningstudyvlog,0.001834862385,0,0.001834862385
morningstudywithme,0.001834862385,0,0.001834862385
moses,0.001834862385,0,0.001834862385
motivar,0.001834862385,0,0.001834862385
motivasyonunu,0.001834862385,0,0.001834862385
motivatinal,0.001834862385,0,0.001834862385
motivation,0.2018348624,0.2,0.001834862385
motivationalquotes,0.001834862385,0,0.001834862385
motivationalreels,0.001834862385,0,0.001834862385
motivationalvlog,0.001834862385,0,0.001834862385
motivationindia,0.001834862385,0,0.001834862385
motivationreels,0.001834862385,0,0.001834862385
motivationshorts,0.001834862385,0,0.001834862385
motorcycle,0.001834862385,0,0.001834862385
motuvational,0.001834862385,0,0.001834862385
move,0.003669724771,0.001834862385,0.001834862385
movement,0.003669724771,0.001834862385,0.001834862385
mrbeasthindi,0.001834862385,0,0.001834862385
mrbest,0.001834862385,0,0.001834862385
mrbjhok,0.001834862385,0,0.001834862385
mri,0.001834862385,0,0.001834862385
mrng,0.001834862385,0,0.001834862385
mrperfectgovind,0.001834862385,0,0.001834862385
mtb,0.001834862385,0,0.001834862385
muffins,0.001834862385,0,0.001834862385
mujse,0.001834862385,0,0.001834862385
mukomeze,0.001834862385,0,0.001834862385
muna,0.001834862385,0,0.001834862385
muriel,0.001834862385,0,0.001834862385
murshad,0.001834862385,0,0.001834862385
murshid,0.001834862385,0,0.001834862385
muscle,0.001834862385,0,0.001834862385
musics,0.001834862385,0,0.001834862385
musicvideo,0.001834862385,0,0.001834862385
muskan,0.001834862385,0,0.001834862385
musmus,0.001834862385,0,0.001834862385
myanmar,0.001834862385,0,0.001834862385
mylove,0.001834862385,0,0.001834862385
mymorningroutine,0.001834862385,0,0.001834862385
myroutine,0.001834862385,0,0.001834862385
mysterious,0.001834862385,0,0.001834862385
mysteryunsolved,0.001834862385,0,0.001834862385
mythology,0.001834862385,0,0.001834862385
mythologyart,0.001834862385,0,0.001834862385
myvideo,0.001834862385,0,0.001834862385
nabanidhi,0.001834862385,0,0.001834862385
nach,0.001834862385,0,0.001834862385
nadchodz,0.001834862385,0,0.001834862385
nahin,0.003669724771,0.001834862385,0.001834862385
najbardziej,0.001834862385,0,0.001834862385
namaskar,0.001834862385,0,0.001834862385
nandhanasathish,0.001834862385,0,0.001834862385
nano,0.001834862385,0,0.001834862385
naomi,0.001834862385,0,0.001834862385
narrow,0.001834862385,0,0.001834862385
nas,0.001834862385,0,0.001834862385
natasha,0.001834862385,0,0.001834862385
nation,0.001834862385,0,0.001834862385
nationality,0.001834862385,0,0.001834862385
nationals,0.001834862385,0,0.001834862385
natkhat,0.001834862385,0,0.001834862385
naturalhair,0.001834862385,0,0.001834862385
naturalweightloss,0.001834862385,0,0.001834862385
naturereclaims,0.001834862385,0,0.001834862385
navlar,0.001834862385,0,0.001834862385
nbmmoefgezcg,0.001834862385,0,0.001834862385
nearby,0.001834862385,0,0.001834862385
needed,0.003669724771,0.001834862385,0.001834862385
needoh,0.001834862385,0,0.001834862385
neetbiology,0.001834862385,0,0.001834862385
neetbiologynotes,0.001834862385,0,0.001834862385
neetdroppermotivation,0.001834862385,0,0.001834862385
neetresources,0.001834862385,0,0.001834862385
neetstrategy,0.001834862385,0,0.001834862385
neetstudy,0.001834862385,0,0.001834862385
neetstudywithme,0.001834862385,0,0.001834862385
neetwallah,0.001834862385,0,0.001834862385
nehar,0.001834862385,0,0.001834862385
neighbor,0.001834862385,0,0.001834862385
nepali,0.001834862385,0,0.001834862385
nerves,0.001834862385,0,0.001834862385
nervously,0.001834862385,0,0.001834862385
netflix,0.001834862385,0,0.001834862385
netherlands,0.001834862385,0,0.001834862385
networks,0.001834862385,0,0.001834862385
neurodivergent,0.001834862385,0,0.001834862385
neuss,0.001834862385,0,0.001834862385
newborn,0.001834862385,0,0.001834862385
newcars,0.001834862385,0,0.001834862385
newcricketerjayant,0.001834862385,0,0.001834862385
newintro,0.001834862385,0,0.001834862385
newlife,0.001834862385,0,0.001834862385
newoutfit,0.001834862385,0,0.001834862385
newshort,0.001834862385,0,0.001834862385
newtrend,0.001834862385,0,0.001834862385
newweeknewgrace,0.001834862385,0,0.001834862385
newyork,0.001834862385,0,0.001834862385
nguyen,0.001834862385,0,0.001834862385
nhi,0.003669724771,0.001834862385,0.001834862385
nhoneybeatz,0.001834862385,0,0.001834862385
nibiganiro,0.001834862385,0,0.001834862385
nickcheezy,0.001834862385,0,0.001834862385
nicodemus,0.001834862385,0,0.001834862385
nigerianyoutuber,0.001834862385,0,0.001834862385
nightstudyvlog,0.001834862385,0,0.001834862385
nighttime,0.001834862385,0,0.001834862385
nihils,0.001834862385,0,0.001834862385
nikal,0.001834862385,0,0.001834862385
nikki,0.001834862385,0,0.001834862385
nikla,0.001834862385,0,0.001834862385
nini,0.001834862385,0,0.001834862385
ninja,0.001834862385,0,0.001834862385
nirekhu,0.001834862385,0,0.001834862385
niryarindi,0.001834862385,0,0.001834862385
nit,0.003669724771,0.001834862385,0.001834862385
nler,0.001834862385,0,0.001834862385
nobb,0.001834862385,0,0.001834862385
nobody,0.003669724771,0.001834862385,0.001834862385
nodi,0.001834862385,0,0.001834862385
nodir,0.001834862385,0,0.001834862385
noexcuses,0.001834862385,0,0.001834862385
noexpensivegear,0.001834862385,0,0.001834862385
nolove,0.001834862385,0,0.001834862385
nonstop,0.003669724771,0.001834862385,0.001834862385
noor,0.001834862385,0,0.001834862385
notices,0.001834862385,0,0.001834862385
notifications,0.003669724771,0.001834862385,0.001834862385
notsatisfied,0.001834862385,0,0.001834862385
nottinghamtrentuniversity,0.001834862385,0,0.001834862385
notts,0.001834862385,0,0.001834862385
nowe,0.001834862385,0,0.001834862385
nowego,0.001834862385,0,0.001834862385
nowym,0.001834862385,0,0.001834862385
ntu,0.001834862385,0,0.001834862385
nurri,0.001834862385,0,0.001834862385
nurses,0.001834862385,0,0.001834862385
nutritiontips,0.001834862385,0,0.001834862385
nyan,0.001834862385,0,0.001834862385
nycvlog,0.001834862385,0,0.001834862385
oboe,0.001834862385,0,0.001834862385
occasionally,0.001834862385,0,0.001834862385
odaklan,0.001834862385,0,0.001834862385
odaklanal,0.001834862385,0,0.001834862385
odaklanarak,0.001834862385,0,0.001834862385
odiavlog,0.001834862385,0,0.001834862385
odisha,0.001834862385,0,0.001834862385
offers,0.001834862385,0,0.001834862385
officialintro,0.001834862385,0,0.001834862385
officially,0.001834862385,0,0.001834862385
ojelenaracicxo,0.001834862385,0,0.001834862385
olabilirsin,0.001834862385,0,0.001834862385
olana,0.001834862385,0,0.001834862385
oled,0.001834862385,0,0.001834862385
olejek,0.001834862385,0,0.001834862385
olmad,0.001834862385,0,0.001834862385
onde,0.001834862385,0,0.001834862385
onek,0.001834862385,0,0.001834862385
oni,0.001834862385,0,0.001834862385
onion,0.001834862385,0,0.001834862385
onlinebusiness,0.001834862385,0,0.001834862385
onlinegrowth,0.001834862385,0,0.001834862385
onlinelearning,0.001834862385,0,0.001834862385
operates,0.001834862385,0,0.001834862385
operation,0.001834862385,0,0.001834862385
operatorlife,0.001834862385,0,0.001834862385
opponent,0.001834862385,0,0.001834862385
opponents,0.001834862385,0,0.001834862385
optimization,0.001834862385,0,0.001834862385
optimize,0.001834862385,0,0.001834862385
optional,0.001834862385,0,0.001834862385
opus,0.001834862385,0,0.001834862385
orada,0.001834862385,0,0.001834862385
oraz,0.001834862385,0,0.001834862385
organically,0.001834862385,0,0.001834862385
organicgrowth,0.001834862385,0,0.001834862385
organisation,0.001834862385,0,0.001834862385
organise,0.001834862385,0,0.001834862385
organizedlife,0.001834862385,0,0.001834862385
organizing,0.001834862385,0,0.001834862385
oriental,0.001834862385,0,0.001834862385
otaku,0.001834862385,0,0.001834862385
other,0.01100917431,0.009174311927,0.001834862385
otw,0.001834862385,0,0.001834862385
outdoors,0.001834862385,0,0.001834862385
outing,0.001834862385,0,0.001834862385
overlooked,0.001834862385,0,0.001834862385
overthinking,0.003669724771,0.001834862385,0.001834862385
owe,0.001834862385,0,0.001834862385
owleeng,0.001834862385,0,0.001834862385
ownership,0.001834862385,0,0.001834862385
oxox,0.001834862385,0,0.001834862385
paak,0.001834862385,0,0.001834862385
paani,0.001834862385,0,0.001834862385
paced,0.001834862385,0,0.001834862385
pack,0.001834862385,0,0.001834862385
package,0.001834862385,0,0.001834862385
packet,0.001834862385,0,0.001834862385
packing,0.003669724771,0.001834862385,0.001834862385
pade,0.001834862385,0,0.001834862385
padhna,0.001834862385,0,0.001834862385
pahadan,0.001834862385,0,0.001834862385
pahunchte,0.001834862385,0,0.001834862385
paintingchannel,0.001834862385,0,0.001834862385
paintingideas,0.001834862385,0,0.001834862385
paise,0.001834862385,0,0.001834862385
pakistanidrama,0.001834862385,0,0.001834862385
pakistanimominuae,0.001834862385,0,0.001834862385
pakistanivlog,0.001834862385,0,0.001834862385
pakistanivlogs,0.001834862385,0,0.001834862385
pakistaniyoutuber,0.001834862385,0,0.001834862385
pakistanvillage,0.001834862385,0,0.001834862385
pakvillagefood,0.001834862385,0,0.001834862385
pancakes,0.001834862385,0,0.001834862385
panirrecipe,0.001834862385,0,0.001834862385
panno,0.001834862385,0,0.001834862385
panrom,0.001834862385,0,0.001834862385
papu,0.001834862385,0,0.001834862385
para,0.003669724771,0.001834862385,0.001834862385
param,0.001834862385,0,0.001834862385
parasite,0.001834862385,0,0.001834862385
parengchollo,0.001834862385,0,0.001834862385
parenting,0.001834862385,0,0.001834862385
parks,0.001834862385,0,0.001834862385
particularly,0.001834862385,0,0.001834862385
parties,0.003669724771,0.001834862385,0.001834862385
partir,0.001834862385,0,0.001834862385
partner,0.001834862385,0,0.001834862385
partnerprogram,0.001834862385,0,0.001834862385
partnership,0.001834862385,0,0.001834862385
pashand,0.001834862385,0,0.001834862385
passionate,0.001834862385,0,0.001834862385
paste,0.001834862385,0,0.001834862385
pata,0.001834862385,0,0.001834862385
pathfinder,0.001834862385,0,0.001834862385
patience,0.003669724771,0.001834862385,0.001834862385
patient,0.001834862385,0,0.001834862385
patterns,0.003669724771,0.001834862385,0.001834862385
pausa,0.001834862385,0,0.001834862385
pavbhaji,0.001834862385,0,0.001834862385
pawan,0.001834862385,0,0.001834862385
paycheck,0.001834862385,0,0.001834862385
paypal,0.001834862385,0,0.001834862385
pcb,0.009174311927,0.007339449541,0.001834862385
pdbrassmonkeyvariation,0.001834862385,0,0.001834862385
peace,0.003669724771,0.001834862385,0.001834862385
peacefulaestheticaesthetic,0.001834862385,0,0.001834862385
pedicure,0.001834862385,0,0.001834862385
peeche,0.001834862385,0,0.001834862385
peeps,0.001834862385,0,0.001834862385
pega,0.001834862385,0,0.001834862385
pehchan,0.001834862385,0,0.001834862385
pehle,0.007339449541,0.005504587156,0.001834862385
pelli,0.001834862385,0,0.001834862385
pellichoopulu,0.001834862385,0,0.001834862385
pellichupulu,0.001834862385,0,0.001834862385
pellisandadi,0.001834862385,0,0.001834862385
pellivibes,0.001834862385,0,0.001834862385
pencil,0.001834862385,0,0.001834862385
pencildrawing,0.001834862385,0,0.001834862385
pensamentos,0.001834862385,0,0.001834862385
peppers,0.001834862385,0,0.001834862385
percent,0.003669724771,0.001834862385,0.001834862385
pere,0.001834862385,0,0.001834862385
perfectly,0.001834862385,0,0.001834862385
performance,0.001834862385,0,0.001834862385
performances,0.001834862385,0,0.001834862385
perfumy,0.001834862385,0,0.001834862385
perguntas,0.001834862385,0,0.001834862385
perrytheplatypus,0.001834862385,0,0.001834862385
person,0.005504587156,0.003669724771,0.001834862385
pes,0.001834862385,0,0.001834862385
peter,0.001834862385,0,0.001834862385
pexels,0.001834862385,0,0.001834862385
pfy,0.001834862385,0,0.001834862385
pgcollegebalaghat,0.001834862385,0,0.001834862385
phanevlog,0.001834862385,0,0.001834862385
php,0.001834862385,0,0.001834862385
physical,0.001834862385,0,0.001834862385
physics,0.0128440367,0.01100917431,0.001834862385
pick,0.003669724771,0.001834862385,0.001834862385
pickleball,0.001834862385,0,0.001834862385
picpay,0.001834862385,0,0.001834862385
piece,0.003669724771,0.001834862385,0.001834862385
pilgrimage,0.001834862385,0,0.001834862385
pinkaesthetics,0.001834862385,0,0.001834862385
pinoyvlog,0.001834862385,0,0.001834862385
pivoted,0.001834862385,0,0.001834862385
pix,0.001834862385,0,0.001834862385
piya,0.001834862385,0,0.001834862385
place,0.009174311927,0.007339449541,0.001834862385
placid,0.001834862385,0,0.001834862385
planned,0.001834862385,0,0.001834862385
planning,0.007339449541,0.005504587156,0.001834862385
plans,0.005504587156,0.003669724771,0.001834862385
plantand,0.001834862385,0,0.001834862385
plantbased,0.001834862385,0,0.001834862385
players,0.001834862385,0,0.001834862385
playoffs,0.001834862385,0,0.001834862385
playss,0.001834862385,0,0.001834862385
plot,0.001834862385,0,0.001834862385
plussize,0.001834862385,0,0.001834862385
pol,0.001834862385,0,0.001834862385
pole,0.001834862385,0,0.001834862385
poledance,0.001834862385,0,0.001834862385
poledanceshow,0.001834862385,0,0.001834862385
polymerclay,0.001834862385,0,0.001834862385
pompi,0.001834862385,0,0.001834862385
pool,0.001834862385,0,0.001834862385
pop,0.001834862385,0,0.001834862385
popikitchen,0.001834862385,0,0.001834862385
por,0.001834862385,0,0.001834862385
porridge,0.001834862385,0,0.001834862385
portion,0.001834862385,0,0.001834862385
positioning,0.001834862385,0,0.001834862385
positivity,0.001834862385,0,0.001834862385
positivos,0.001834862385,0,0.001834862385
possessions,0.001834862385,0,0.001834862385
possibilidade,0.001834862385,0,0.001834862385
posta,0.001834862385,0,0.001834862385
postapocalypse,0.001834862385,0,0.001834862385
postpartumfitness,0.001834862385,0,0.001834862385
pouring,0.001834862385,0,0.001834862385
powder,0.001834862385,0,0.001834862385
powered,0.001834862385,0,0.001834862385
powerlifter,0.001834862385,0,0.001834862385
powerofprayer,0.001834862385,0,0.001834862385
powers,0.001834862385,0,0.001834862385
ppi,0.001834862385,0,0.001834862385
ppifamily,0.001834862385,0,0.001834862385
praca,0.001834862385,0,0.001834862385
prachidiaries,0.001834862385,0,0.001834862385
practicing,0.001834862385,0,0.001834862385
practicingadvocate,0.001834862385,0,0.001834862385
pralech,0.001834862385,0,0.001834862385
prathamesh,0.001834862385,0,0.001834862385
prayerful,0.001834862385,0,0.001834862385
prayerlife,0.001834862385,0,0.001834862385
prayers,0.001834862385,0,0.001834862385
prayershorts,0.001834862385,0,0.001834862385
precise,0.001834862385,0,0.001834862385
prelims,0.007339449541,0.005504587156,0.001834862385
prem,0.001834862385,0,0.001834862385
premiere,0.001834862385,0,0.001834862385
premierleague,0.001834862385,0,0.001834862385
pretty,0.001834862385,0,0.001834862385
prev,0.001834862385,0,0.001834862385
prevent,0.001834862385,0,0.001834862385
preweddingceremony,0.001834862385,0,0.001834862385
priced,0.001834862385,0,0.001834862385
princess,0.001834862385,0,0.001834862385
printed,0.001834862385,0,0.001834862385
prioritize,0.001834862385,0,0.001834862385
priti,0.001834862385,0,0.001834862385
private,0.001834862385,0,0.001834862385
procrastinator,0.001834862385,0,0.001834862385
producing,0.001834862385,0,0.001834862385
product,0.001834862385,0,0.001834862385
productivevlog,0.001834862385,0,0.001834862385
products,0.001834862385,0,0.001834862385
produtividade,0.001834862385,0,0.001834862385
profitably,0.001834862385,0,0.001834862385
progameplay,0.001834862385,0,0.001834862385
programimiz,0.001834862385,0,0.001834862385
project,0.01100917431,0.009174311927,0.001834862385
projects,0.005504587156,0.003669724771,0.001834862385
promo,0.001834862385,0,0.001834862385
promover,0.001834862385,0,0.001834862385
pronunciation,0.001834862385,0,0.001834862385
properly,0.003669724771,0.001834862385,0.001834862385
property,0.001834862385,0,0.001834862385
propertydealer,0.001834862385,0,0.001834862385
propertyinvestment,0.001834862385,0,0.001834862385
propertymarket,0.001834862385,0,0.001834862385
propheticword,0.001834862385,0,0.001834862385
prospective,0.001834862385,0,0.001834862385
protect,0.001834862385,0,0.001834862385
protien,0.001834862385,0,0.001834862385
proud,0.001834862385,0,0.001834862385
pscexampreparation,0.001834862385,0,0.001834862385
publicvloging,0.001834862385,0,0.001834862385
publishing,0.001834862385,0,0.001834862385
puffy,0.001834862385,0,0.001834862385
pull,0.001834862385,0,0.001834862385
purchased,0.001834862385,0,0.001834862385
purelyxdasia,0.001834862385,0,0.001834862385
purity,0.001834862385,0,0.001834862385
purposedrivenlife,0.001834862385,0,0.001834862385
purposeful,0.001834862385,0,0.001834862385
pursue,0.001834862385,0,0.001834862385
pushing,0.003669724771,0.001834862385,0.001834862385
put,0.003669724771,0.001834862385,0.001834862385
pwearnersmobiles,0.001834862385,0,0.001834862385
pwneet,0.001834862385,0,0.001834862385
pyara,0.001834862385,0,0.001834862385
pyare,0.001834862385,0,0.001834862385
pyari,0.001834862385,0,0.001834862385
qatal,0.001834862385,0,0.001834862385
qataldance,0.001834862385,0,0.001834862385
quant,0.001834862385,0,0.001834862385
queens,0.001834862385,0,0.001834862385
querying,0.001834862385,0,0.001834862385
quest,0.001834862385,0,0.001834862385
questionpractice,0.001834862385,0,0.001834862385
quickly,0.001834862385,0,0.001834862385
quickmeals,0.001834862385,0,0.001834862385
quickrecipes,0.001834862385,0,0.001834862385
quickstudytips,0.001834862385,0,0.001834862385
quietstudy,0.001834862385,0,0.001834862385
quotes,0.001834862385,0,0.001834862385
quranlearning,0.001834862385,0,0.001834862385
quranwithtajweed,0.001834862385,0,0.001834862385
raaste,0.001834862385,0,0.001834862385
rabdi,0.001834862385,0,0.001834862385
racic,0.001834862385,0,0.001834862385
radheradhe,0.001834862385,0,0.001834862385
rahasya,0.001834862385,0,0.001834862385
rahasyamayi,0.001834862385,0,0.001834862385
rahega,0.001834862385,0,0.001834862385
rahulrangravlogs,0.001834862385,0,0.001834862385
rai,0.001834862385,0,0.001834862385
rainboytherobloxgoanimator,0.001834862385,0,0.001834862385
raining,0.001834862385,0,0.001834862385
rainsounds,0.001834862385,0,0.001834862385
raistar,0.001834862385,0,0.001834862385
rakho,0.003669724771,0.001834862385,0.001834862385
ramadan,0.001834862385,0,0.001834862385
rampage,0.001834862385,0,0.001834862385
ramzan,0.001834862385,0,0.001834862385
ramzanspecial,0.001834862385,0,0.001834862385
range,0.001834862385,0,0.001834862385
rarely,0.001834862385,0,0.001834862385
ras,0.001834862385,0,0.001834862385
rasmein,0.001834862385,0,0.001834862385
raspy,0.001834862385,0,0.001834862385
rate,0.001834862385,0,0.001834862385
rather,0.001834862385,0,0.001834862385
rathod,0.001834862385,0,0.001834862385
ratio,0.001834862385,0,0.001834862385
ray,0.001834862385,0,0.001834862385
rblx,0.001834862385,0,0.001834862385
rderkrokodile,0.001834862385,0,0.001834862385
reaction,0.01100917431,0.009174311927,0.001834862385
realestate,0.001834862385,0,0.001834862385
realestateindia,0.001834862385,0,0.001834862385
realestatetips,0.001834862385,0,0.001834862385
realfriends,0.001834862385,0,0.001834862385
realit,0.001834862385,0,0.001834862385
realitycheck,0.001834862385,0,0.001834862385
realityvlog,0.001834862385,0,0.001834862385
realization,0.001834862385,0,0.001834862385
reallifemom,0.001834862385,0,0.001834862385
realmoments,0.001834862385,0,0.001834862385
realmomlife,0.001834862385,0,0.001834862385
realtalk,0.001834862385,0,0.001834862385
realtime,0.001834862385,0,0.001834862385
realtorlife,0.001834862385,0,0.001834862385
realtristanvr,0.001834862385,0,0.001834862385
reborn,0.001834862385,0,0.001834862385
rebornbaby,0.001834862385,0,0.001834862385
reborncommunity,0.001834862385,0,0.001834862385
rebuild,0.001834862385,0,0.001834862385
rebuilding,0.001834862385,0,0.001834862385
rec,0.001834862385,0,0.001834862385
receiver,0.001834862385,0,0.001834862385
recharging,0.001834862385,0,0.001834862385
recipeideas,0.001834862385,0,0.001834862385
reclaiming,0.001834862385,0,0.001834862385
recoil,0.001834862385,0,0.001834862385
recommendation,0.001834862385,0,0.001834862385
recommendations,0.001834862385,0,0.001834862385
recommended,0.001834862385,0,0.001834862385
recorde,0.001834862385,0,0.001834862385
recorded,0.001834862385,0,0.001834862385
recovery,0.005504587156,0.003669724771,0.001834862385
recreation,0.001834862385,0,0.001834862385
reddeadredemption,0.001834862385,0,0.001834862385
reelkarofeelkaro,0.001834862385,0,0.001834862385
reelsalgorithm,0.001834862385,0,0.001834862385
reelsaudio,0.001834862385,0,0.001834862385
reelsgrowth,0.001834862385,0,0.001834862385
reelsideas,0.001834862385,0,0.001834862385
reelsinstagram,0.001834862385,0,0.001834862385
reelstrending,0.001834862385,0,0.001834862385
reelvideo,0.001834862385,0,0.001834862385
reflect,0.001834862385,0,0.001834862385
reflects,0.001834862385,0,0.001834862385
reh,0.001834862385,0,0.001834862385
rehab,0.001834862385,0,0.001834862385
reindeer,0.001834862385,0,0.001834862385
reinvent,0.001834862385,0,0.001834862385
rekkkkkk,0.001834862385,0,0.001834862385
relationshipoverreligion,0.001834862385,0,0.001834862385
reliable,0.001834862385,0,0.001834862385
religion,0.001834862385,0,0.001834862385
remind,0.001834862385,0,0.001834862385
reminders,0.001834862385,0,0.001834862385
remy,0.001834862385,0,0.001834862385
rent,0.001834862385,0,0.001834862385
repair,0.001834862385,0,0.001834862385
reply,0.001834862385,0,0.001834862385
reposts,0.001834862385,0,0.001834862385
represents,0.001834862385,0,0.001834862385
request,0.001834862385,0,0.001834862385
resetmylife,0.001834862385,0,0.001834862385
resetting,0.003669724771,0.001834862385,0.001834862385
respectelders,0.001834862385,0,0.001834862385
respectful,0.001834862385,0,0.001834862385
respirar,0.001834862385,0,0.001834862385
restaurant,0.001834862385,0,0.001834862385
restoring,0.001834862385,0,0.001834862385
reuniting,0.001834862385,0,0.001834862385
reupload,0.001834862385,0,0.001834862385
reveal,0.003669724771,0.001834862385,0.001834862385
revisiontips,0.001834862385,0,0.001834862385
rewrites,0.001834862385,0,0.001834862385
rha,0.001834862385,0,0.001834862385
riavlogs,0.001834862385,0,0.001834862385
rice,0.005504587156,0.003669724771,0.001834862385
rift,0.001834862385,0,0.001834862385
rig,0.001834862385,0,0.001834862385
ril,0.001834862385,0,0.001834862385
rileygirl,0.001834862385,0,0.001834862385
ringlight,0.001834862385,0,0.001834862385
rings,0.001834862385,0,0.001834862385
riser,0.001834862385,0,0.001834862385
rishabhpatlevlogs,0.001834862385,0,0.001834862385
rishikesh,0.001834862385,0,0.001834862385
rishta,0.001834862385,0,0.001834862385
ritmo,0.001834862385,0,0.001834862385
rituals,0.001834862385,0,0.001834862385
rivalsgameplay,0.001834862385,0,0.001834862385
riwoo,0.001834862385,0,0.001834862385
rla,0.001834862385,0,0.001834862385
rland,0.001834862385,0,0.001834862385
roasting,0.001834862385,0,0.001834862385
robloxfps,0.001834862385,0,0.001834862385
robloxmoments,0.001834862385,0,0.001834862385
robloxrivals,0.001834862385,0,0.001834862385
robloxshorts,0.001834862385,0,0.001834862385
rocking,0.001834862385,0,0.001834862385
rocko,0.001834862385,0,0.001834862385
rockstargames,0.001834862385,0,0.001834862385
rok,0.001834862385,0,0.001834862385
roller,0.001834862385,0,0.001834862385
rolls,0.003669724771,0.001834862385,0.001834862385
rooftop,0.001834862385,0,0.001834862385
root,0.001834862385,0,0.001834862385
rooting,0.001834862385,0,0.001834862385
ros,0.001834862385,0,0.001834862385
roselisa,0.001834862385,0,0.001834862385
royal,0.001834862385,0,0.001834862385
roz,0.003669724771,0.001834862385,0.001834862385
rsen,0.001834862385,0,0.001834862385
ruchikarathore,0.001834862385,0,0.001834862385
ruins,0.001834862385,0,0.001834862385
rukte,0.001834862385,0,0.001834862385
runa,0.001834862385,0,0.001834862385
rupen,0.001834862385,0,0.001834862385
rupwa,0.001834862385,0,0.001834862385
ruralvibes,0.001834862385,0,0.001834862385
rushh,0.001834862385,0,0.001834862385
rushing,0.001834862385,0,0.001834862385
rusted,0.001834862385,0,0.001834862385
rustic,0.001834862385,0,0.001834862385
saadrashid,0.001834862385,0,0.001834862385
saal,0.001834862385,0,0.001834862385
saasbahu,0.001834862385,0,0.001834862385
saatlerini,0.001834862385,0,0.001834862385
saatlik,0.001834862385,0,0.001834862385
sabse,0.005504587156,0.003669724771,0.001834862385
sach,0.005504587156,0.003669724771,0.001834862385
sacred,0.001834862385,0,0.001834862385
safeplace,0.001834862385,0,0.001834862385
safety,0.001834862385,0,0.001834862385
sagarshivsingh,0.001834862385,0,0.001834862385
sahara,0.001834862385,0,0.001834862385
sakhi,0.001834862385,0,0.001834862385
sala,0.001834862385,0,0.001834862385
sale,0.001834862385,0,0.001834862385
saleslife,0.001834862385,0,0.001834862385
salon,0.001834862385,0,0.001834862385
saloni,0.001834862385,0,0.001834862385
sam,0.001834862385,0,0.001834862385
sama,0.001834862385,0,0.001834862385
sambhavnasethentertainment,0.001834862385,0,0.001834862385
sandwich,0.001834862385,0,0.001834862385
sangla,0.001834862385,0,0.001834862385
sangti,0.001834862385,0,0.001834862385
sani,0.001834862385,0,0.001834862385
sannata,0.001834862385,0,0.001834862385
sanya,0.001834862385,0,0.001834862385
sapno,0.001834862385,0,0.001834862385
sar,0.001834862385,0,0.001834862385
saraswatichalisaybhakti,0.001834862385,0,0.001834862385
sarwariqadri,0.001834862385,0,0.001834862385
sasbahukinok,0.001834862385,0,0.001834862385
sasbahukinokjhok,0.001834862385,0,0.001834862385
satendravlogs,0.001834862385,0,0.001834862385
satisfied,0.001834862385,0,0.001834862385
sattuani,0.001834862385,0,0.001834862385
saturn,0.001834862385,0,0.001834862385
satyamrox,0.001834862385,0,0.001834862385
sau,0.001834862385,0,0.001834862385
sauce,0.003669724771,0.001834862385,0.001834862385
saudi,0.001834862385,0,0.001834862385
saumya,0.001834862385,0,0.001834862385
saurabh,0.001834862385,0,0.001834862385
sausage,0.001834862385,0,0.001834862385
savage,0.001834862385,0,0.001834862385
savd,0.001834862385,0,0.001834862385
saw,0.001834862385,0,0.001834862385
says,0.001834862385,0,0.001834862385
sbipo,0.001834862385,0,0.001834862385
scale,0.001834862385,0,0.001834862385
scan,0.001834862385,0,0.001834862385
scene,0.005504587156,0.003669724771,0.001834862385
scenic,0.001834862385,0,0.001834862385
schauen,0.001834862385,0,0.001834862385
schnittprogramm,0.001834862385,0,0.001834862385
schooling,0.001834862385,0,0.001834862385
sciencestudents,0.001834862385,0,0.001834862385
scifivlog,0.001834862385,0,0.001834862385
seagull,0.001834862385,0,0.001834862385
seans,0.001834862385,0,0.001834862385
seasky,0.001834862385,0,0.001834862385
seasonofsalvation,0.001834862385,0,0.001834862385
seat,0.001834862385,0,0.001834862385
secure,0.001834862385,0,0.001834862385
seeds,0.001834862385,0,0.001834862385
seeing,0.001834862385,0,0.001834862385
seek,0.001834862385,0,0.001834862385
seekthelord,0.001834862385,0,0.001834862385
seen,0.001834862385,0,0.001834862385
seepictures,0.001834862385,0,0.001834862385
seeyaaa,0.001834862385,0,0.001834862385
segunda,0.001834862385,0,0.001834862385
selfiee,0.001834862385,0,0.001834862385
selfintroductionvideoinyoutubechannel,0.001834862385,0,0.001834862385
selfish,0.001834862385,0,0.001834862385
sell,0.001834862385,0,0.001834862385
selling,0.001834862385,0,0.001834862385
semragskpss,0.001834862385,0,0.001834862385
separate,0.001834862385,0,0.001834862385
serpent,0.001834862385,0,0.001834862385
sesi,0.001834862385,0,0.001834862385
sessi,0.001834862385,0,0.001834862385
sessizvlog,0.001834862385,0,0.001834862385
setting,0.003669724771,0.001834862385,0.001834862385
several,0.001834862385,0,0.001834862385
seviyeye,0.001834862385,0,0.001834862385
seyirler,0.001834862385,0,0.001834862385
sezon,0.001834862385,0,0.001834862385
shaadivibes,0.001834862385,0,0.001834862385
shadiseason,0.001834862385,0,0.001834862385
shake,0.001834862385,0,0.001834862385
shani,0.001834862385,0,0.001834862385
shape,0.003669724771,0.001834862385,0.001834862385
shaped,0.001834862385,0,0.001834862385
shayaribackgroundmusic,0.001834862385,0,0.001834862385
shayaridilki,0.001834862385,0,0.001834862385
shayarikaiselikhe,0.001834862385,0,0.001834862385
shayariking,0.001834862385,0,0.001834862385
shayarilover,0.001834862385,0,0.001834862385
shayariquotes,0.001834862385,0,0.001834862385
shayarishorts,0.001834862385,0,0.001834862385
shayarisong,0.001834862385,0,0.001834862385
shayaristatus,0.001834862385,0,0.001834862385
shayaristatusediting,0.001834862385,0,0.001834862385
shayarivideo,0.001834862385,0,0.001834862385
shayarivideoediting,0.001834862385,0,0.001834862385
shayariyan,0.001834862385,0,0.001834862385
sheinofficial,0.001834862385,0,0.001834862385
shenanigans,0.001834862385,0,0.001834862385
shere,0.003669724771,0.001834862385,0.001834862385
shifting,0.003669724771,0.001834862385,0.001834862385
shimulofi,0.001834862385,0,0.001834862385
shirazi,0.001834862385,0,0.001834862385
shivsinghsagar,0.001834862385,0,0.001834862385
shocked,0.001834862385,0,0.001834862385
shoot,0.02018348624,0.01834862385,0.001834862385
shootday,0.001834862385,0,0.001834862385
shootdiaries,0.001834862385,0,0.001834862385
shooting,0.003669724771,0.001834862385,0.001834862385
shootmode,0.001834862385,0,0.001834862385
shoottime,0.001834862385,0,0.001834862385
shortclips,0.001834862385,0,0.001834862385
shortfocus,0.001834862385,0,0.001834862385
shortscreator,0.001834862385,0,0.001834862385
shortshar,0.001834862385,0,0.001834862385
shotrfeed,0.001834862385,0,0.001834862385
showcasing,0.001834862385,0,0.001834862385
shown,0.001834862385,0,0.001834862385
shreyaghoshalofficial,0.001834862385,0,0.001834862385
sided,0.001834862385,0,0.001834862385
sidelined,0.001834862385,0,0.001834862385
sidelines,0.001834862385,0,0.001834862385
siege,0.001834862385,0,0.001834862385
sightseeing,0.001834862385,0,0.001834862385
significant,0.001834862385,0,0.001834862385
sikhana,0.001834862385,0,0.001834862385
simpleliving,0.001834862385,0,0.001834862385
simplemeals,0.001834862385,0,0.001834862385
simplest,0.001834862385,0,0.001834862385
simply,0.003669724771,0.001834862385,0.001834862385
since,0.003669724771,0.001834862385,0.001834862385
single,0.007339449541,0.005504587156,0.001834862385
sinhalastudy,0.001834862385,0,0.001834862385
sinizdir,0.001834862385,0,0.001834862385
sinne,0.001834862385,0,0.001834862385
sisters,0.001834862385,0,0.001834862385
sitaphal,0.001834862385,0,0.001834862385
sitapurroad,0.001834862385,0,0.001834862385
sitarayaseensana,0.001834862385,0,0.001834862385
site,0.001834862385,0,0.001834862385
sitevisit,0.001834862385,0,0.001834862385
sixth,0.001834862385,0,0.001834862385
sketch,0.005504587156,0.003669724771,0.001834862385
sketchbook,0.001834862385,0,0.001834862385
sketchstudios,0.001834862385,0,0.001834862385
skip,0.003669724771,0.001834862385,0.001834862385
sky,0.001834862385,0,0.001834862385
sleeve,0.001834862385,0,0.001834862385
slipping,0.001834862385,0,0.001834862385
slower,0.001834862385,0,0.001834862385
slowly,0.001834862385,0,0.001834862385
smaller,0.003669724771,0.001834862385,0.001834862385
smallinfluencer,0.001834862385,0,0.001834862385
smallrig,0.001834862385,0,0.001834862385
smartly,0.001834862385,0,0.001834862385
smile,0.005504587156,0.003669724771,0.001834862385
smoother,0.001834862385,0,0.001834862385
snack,0.001834862385,0,0.001834862385
snag,0.001834862385,0,0.001834862385
snipes,0.001834862385,0,0.001834862385
sobie,0.001834862385,0,0.001834862385
sociais,0.001834862385,0,0.001834862385
socialmediagrowth,0.001834862385,0,0.001834862385
socialmediamarketing,0.001834862385,0,0.001834862385
socials,0.007339449541,0.005504587156,0.001834862385
soda,0.001834862385,0,0.001834862385
softwaretutorials,0.001834862385,0,0.001834862385
sohbet,0.001834862385,0,0.001834862385
sohbete,0.001834862385,0,0.001834862385
soldejaneiro,0.001834862385,0,0.001834862385
soldejaneiroofficial,0.001834862385,0,0.001834862385
solely,0.001834862385,0,0.001834862385
solve,0.001834862385,0,0.001834862385
someday,0.001834862385,0,0.001834862385
songwriter,0.001834862385,0,0.001834862385
sonic,0.001834862385,0,0.001834862385
sonnew,0.001834862385,0,0.001834862385
sont,0.001834862385,0,0.001834862385
sonyalpha,0.001834862385,0,0.001834862385
sonyzve,0.001834862385,0,0.001834862385
sophia,0.001834862385,0,0.001834862385
sorular,0.001834862385,0,0.001834862385
sou,0.001834862385,0,0.001834862385
soulful,0.001834862385,0,0.001834862385
souls,0.001834862385,0,0.001834862385
soundcloud,0.003669724771,0.001834862385,0.001834862385
soundtrack,0.001834862385,0,0.001834862385
sourabh,0.001834862385,0,0.001834862385
source,0.005504587156,0.003669724771,0.001834862385
sourdough,0.001834862385,0,0.001834862385
southindianwedding,0.001834862385,0,0.001834862385
spark,0.001834862385,0,0.001834862385
sparkle,0.001834862385,0,0.001834862385
sparkling,0.001834862385,0,0.001834862385
spasial,0.001834862385,0,0.001834862385
spc,0.001834862385,0,0.001834862385
specialshots,0.001834862385,0,0.001834862385
specific,0.001834862385,0,0.001834862385
specimen,0.001834862385,0,0.001834862385
speculativefiction,0.001834862385,0,0.001834862385
spend,0.007339449541,0.005504587156,0.001834862385
spendthedaywithme,0.001834862385,0,0.001834862385
spiced,0.001834862385,0,0.001834862385
spirituality,0.001834862385,0,0.001834862385
spiritualstrength,0.001834862385,0,0.001834862385
spongebob,0.001834862385,0,0.001834862385
sponsors,0.001834862385,0,0.001834862385
spot,0.001834862385,0,0.001834862385
spotify,0.003669724771,0.001834862385,0.001834862385
spots,0.003669724771,0.001834862385,0.001834862385
sprung,0.001834862385,0,0.001834862385
sprzeda,0.001834862385,0,0.001834862385
srit,0.001834862385,0,0.001834862385
ssccgl,0.005504587156,0.003669724771,0.001834862385
ssj,0.001834862385,0,0.001834862385
stage,0.001834862385,0,0.001834862385
stanley,0.001834862385,0,0.001834862385
starbucks,0.001834862385,0,0.001834862385
starstocaaaasi,0.001834862385,0,0.001834862385
startingyoutube,0.001834862385,0,0.001834862385
startsmall,0.001834862385,0,0.001834862385
startwithgod,0.001834862385,0,0.001834862385
stationeries,0.001834862385,0,0.001834862385
statue,0.001834862385,0,0.001834862385
stayathome,0.001834862385,0,0.001834862385
steak,0.001834862385,0,0.001834862385
stetus,0.001834862385,0,0.001834862385
stinky,0.001834862385,0,0.001834862385
stitches,0.001834862385,0,0.001834862385
store,0.001834862385,0,0.001834862385
storefront,0.001834862385,0,0.001834862385
strategies,0.003669724771,0.001834862385,0.001834862385
strawberrycheesegame,0.001834862385,0,0.001834862385
straykids,0.001834862385,0,0.001834862385
stretch,0.003669724771,0.001834862385,0.001834862385
strongwomen,0.001834862385,0,0.001834862385
studentvlog,0.005504587156,0.003669724771,0.001834862385
studiovlog,0.001834862385,0,0.001834862385
studyblr,0.001834862385,0,0.001834862385
studychallengethis,0.001834862385,0,0.001834862385
studyhard,0.003669724771,0.001834862385,0.001834862385
studylive,0.001834862385,0,0.001834862385
studylog,0.001834862385,0,0.001834862385
studylogy,0.001834862385,0,0.001834862385
studysetup,0.001834862385,0,0.001834862385
studytableorganization,0.001834862385,0,0.001834862385
studytimelapse,0.001834862385,0,0.001834862385
studytimer,0.001834862385,0,0.001834862385
studytogether,0.001834862385,0,0.001834862385
studyvlogkorean,0.001834862385,0,0.001834862385
studywebsite,0.001834862385,0,0.001834862385
studywithmeindia,0.003669724771,0.001834862385,0.001834862385
studywithmerealtimemotivation,0.001834862385,0,0.001834862385
styled,0.001834862385,0,0.001834862385
stylizacje,0.001834862385,0,0.001834862385
stylizacji,0.001834862385,0,0.001834862385
sua,0.001834862385,0,0.001834862385
subcount,0.001834862385,0,0.001834862385
subha,0.001834862385,0,0.001834862385
subscribeme,0.001834862385,0,0.001834862385
subscription,0.001834862385,0,0.001834862385
successhabits,0.001834862385,0,0.001834862385
successjourney,0.001834862385,0,0.001834862385
suddenly,0.001834862385,0,0.001834862385
suffered,0.001834862385,0,0.001834862385
sui,0.001834862385,0,0.001834862385
suitable,0.001834862385,0,0.001834862385
sum,0.001834862385,0,0.001834862385
sunanda,0.001834862385,0,0.001834862385
sundayreset,0.001834862385,0,0.001834862385
sungho,0.001834862385,0,0.001834862385
supercar,0.001834862385,0,0.001834862385
supercars,0.001834862385,0,0.001834862385
supportcreator,0.001834862385,0,0.001834862385
supportdesi,0.001834862385,0,0.001834862385
supportlive,0.001834862385,0,0.001834862385
supremecourtofindia,0.001834862385,0,0.001834862385
suratgarh,0.001834862385,0,0.001834862385
surreal,0.001834862385,0,0.001834862385
surry,0.001834862385,0,0.001834862385
surver,0.001834862385,0,0.001834862385
survive,0.001834862385,0,0.001834862385
sutingzon,0.001834862385,0,0.001834862385
suyunu,0.001834862385,0,0.001834862385
sweden,0.001834862385,0,0.001834862385
sweetdreams,0.001834862385,0,0.001834862385
swimming,0.001834862385,0,0.001834862385
sym,0.001834862385,0,0.001834862385
systems,0.003669724771,0.001834862385,0.001834862385
taazi,0.001834862385,0,0.001834862385
tab,0.001834862385,0,0.001834862385
tabac,0.001834862385,0,0.001834862385
tackle,0.001834862385,0,0.001834862385
tactical,0.001834862385,0,0.001834862385
taesan,0.001834862385,0,0.001834862385
tagda,0.001834862385,0,0.001834862385
tagging,0.001834862385,0,0.001834862385
tahajjudaesthetic,0.001834862385,0,0.001834862385
talent,0.001834862385,0,0.001834862385
talented,0.001834862385,0,0.001834862385
talesnagar,0.001834862385,0,0.001834862385
talked,0.001834862385,0,0.001834862385
tamekadouglasbsc,0.001834862385,0,0.001834862385
tamil,0.005504587156,0.003669724771,0.001834862385
tandoorroti,0.001834862385,0,0.001834862385
tanmayisfunny,0.001834862385,0,0.001834862385
tap,0.001834862385,0,0.001834862385
tape,0.001834862385,0,0.001834862385
tapos,0.001834862385,0,0.001834862385
taraf,0.001834862385,0,0.001834862385
tareeqa,0.001834862385,0,0.001834862385
tareeqy,0.001834862385,0,0.001834862385
tarike,0.001834862385,0,0.001834862385
tasks,0.001834862385,0,0.001834862385
taste,0.001834862385,0,0.001834862385
tawakkul,0.001834862385,0,0.001834862385
tawjihi,0.001834862385,0,0.001834862385
tayo,0.001834862385,0,0.001834862385
tayyari,0.001834862385,0,0.001834862385
tayyoca,0.001834862385,0,0.001834862385
tblwintro,0.001834862385,0,0.001834862385
tblwintrovid,0.001834862385,0,0.001834862385
tblwjadeyy,0.001834862385,0,0.001834862385
tblwlayychi,0.001834862385,0,0.001834862385
tblwlemscan,0.001834862385,0,0.001834862385
tblwmallory,0.001834862385,0,0.001834862385
tblwsage,0.001834862385,0,0.001834862385
teacherslife,0.001834862385,0,0.001834862385
team,0.001834862385,0,0.001834862385
teams,0.001834862385,0,0.001834862385
teardown,0.001834862385,0,0.001834862385
teardowncrew,0.001834862385,0,0.001834862385
teardownthewall,0.001834862385,0,0.001834862385
teaser,0.001834862385,0,0.001834862385
techdaily,0.001834862385,0,0.001834862385
technical,0.001834862385,0,0.001834862385
techtrend,0.001834862385,0,0.001834862385
teddy,0.001834862385,0,0.001834862385
teen,0.001834862385,0,0.001834862385
tells,0.001834862385,0,0.001834862385
telugubride,0.001834862385,0,0.001834862385
teluguchannel,0.001834862385,0,0.001834862385
telugugroom,0.001834862385,0,0.001834862385
telugureels,0.001834862385,0,0.001834862385
telugutradition,0.001834862385,0,0.001834862385
teluguwedding,0.001834862385,0,0.001834862385
temas,0.001834862385,0,0.001834862385
tempted,0.001834862385,0,0.001834862385
tennis,0.001834862385,0,0.001834862385
tension,0.001834862385,0,0.001834862385
tenz,0.001834862385,0,0.001834862385
ter,0.001834862385,0,0.001834862385
test,0.009174311927,0.007339449541,0.001834862385
testimony,0.001834862385,0,0.001834862385
tfen,0.001834862385,0,0.001834862385
thakan,0.001834862385,0,0.001834862385
thanks,0.01467889908,0.0128440367,0.001834862385
thanku,0.001834862385,0,0.001834862385
thatgirllifestyle,0.001834862385,0,0.001834862385
thboards,0.003669724771,0.001834862385,0.001834862385
thebroadmuseum,0.001834862385,0,0.001834862385
thelastduel,0.001834862385,0,0.001834862385
theothersmallone,0.001834862385,0,0.001834862385
thibs,0.001834862385,0,0.001834862385
thindiddu,0.001834862385,0,0.001834862385
thingstodoinla,0.001834862385,0,0.001834862385
third,0.001834862385,0,0.001834862385
thori,0.001834862385,0,0.001834862385
though,0.001834862385,0,0.001834862385
three,0.003669724771,0.001834862385,0.001834862385
thrifted,0.001834862385,0,0.001834862385
thriving,0.001834862385,0,0.001834862385
throughout,0.003669724771,0.001834862385,0.001834862385
throw,0.001834862385,0,0.001834862385
thx,0.001834862385,0,0.001834862385
tica,0.001834862385,0,0.001834862385
tiktokrecipes,0.001834862385,0,0.001834862385
tilbury,0.001834862385,0,0.001834862385
timbi,0.001834862385,0,0.001834862385
timelapse,0.003669724771,0.001834862385,0.001834862385
tishapiureels,0.001834862385,0,0.001834862385
tishapiushorts,0.001834862385,0,0.001834862385
tmayal,0.001834862385,0,0.001834862385
toast,0.001834862385,0,0.001834862385
tobefree,0.001834862385,0,0.001834862385
toc,0.001834862385,0,0.001834862385
tocaa,0.001834862385,0,0.001834862385
tocaboca,0.001834862385,0,0.001834862385
tocakittyycaa,0.001834862385,0,0.001834862385
tocananoofficaljad,0.001834862385,0,0.001834862385
tocanorajan,0.001834862385,0,0.001834862385
todna,0.001834862385,0,0.001834862385
todo,0.001834862385,0,0.001834862385
todos,0.001834862385,0,0.001834862385
tokyo,0.001834862385,0,0.001834862385
told,0.001834862385,0,0.001834862385
tolmia,0.001834862385,0,0.001834862385
tolove,0.001834862385,0,0.001834862385
tomato,0.001834862385,0,0.001834862385
tomorrow,0.001834862385,0,0.001834862385
tons,0.001834862385,0,0.001834862385
took,0.005504587156,0.003669724771,0.001834862385
tool,0.001834862385,0,0.001834862385
toolkit,0.001834862385,0,0.001834862385
toplamda,0.001834862385,0,0.001834862385
topneptuneanimations,0.001834862385,0,0.001834862385
topped,0.001834862385,0,0.001834862385
tor,0.001834862385,0,0.001834862385
totalgaming,0.001834862385,0,0.001834862385
totally,0.001834862385,0,0.001834862385
touching,0.001834862385,0,0.001834862385
touriem,0.001834862385,0,0.001834862385
towards,0.003669724771,0.001834862385,0.001834862385
toy,0.001834862385,0,0.001834862385
traditional,0.003669724771,0.001834862385,0.001834862385
traditionalart,0.001834862385,0,0.001834862385
traditionallook,0.001834862385,0,0.001834862385
traffic,0.001834862385,0,0.001834862385
trafford,0.001834862385,0,0.001834862385
trailer,0.001834862385,0,0.001834862385
trainwaiting,0.001834862385,0,0.001834862385
tranquil,0.001834862385,0,0.001834862385
transforma,0.001834862385,0,0.001834862385
transparency,0.001834862385,0,0.001834862385
travels,0.001834862385,0,0.001834862385
tray,0.001834862385,0,0.001834862385
treated,0.001834862385,0,0.001834862385
treinou,0.001834862385,0,0.001834862385
trendalert,0.001834862385,0,0.001834862385
trendingaudio,0.001834862385,0,0.001834862385
trendingbgm,0.001834862385,0,0.001834862385
trendingnews,0.001834862385,0,0.001834862385
trendingnow,0.0128440367,0.01100917431,0.001834862385
trendingreels,0.009174311927,0.007339449541,0.001834862385
trendingshiv,0.001834862385,0,0.001834862385
trendingtech,0.001834862385,0,0.001834862385
trendingvlogs,0.001834862385,0,0.001834862385
trends,0.001834862385,0,0.001834862385
tried,0.005504587156,0.003669724771,0.001834862385
trrending,0.001834862385,0,0.001834862385
trustgod,0.001834862385,0,0.001834862385
tryy,0.001834862385,0,0.001834862385
tubashikanako,0.001834862385,0,0.001834862385
tube,0.001834862385,0,0.001834862385
tuff,0.001834862385,0,0.001834862385
tunned,0.001834862385,0,0.001834862385
turnaround,0.001834862385,0,0.001834862385
turned,0.001834862385,0,0.001834862385
turning,0.001834862385,0,0.001834862385
tutplss,0.001834862385,0,0.001834862385
twahinduye,0.001834862385,0,0.001834862385
tweak,0.001834862385,0,0.001834862385
twin,0.001834862385,0,0.001834862385
twitter,0.007339449541,0.005504587156,0.001834862385
tws,0.001834862385,0,0.001834862385
tym,0.001834862385,0,0.001834862385
tysm,0.001834862385,0,0.001834862385
tysmm,0.001834862385,0,0.001834862385
tytdeneme,0.001834862385,0,0.001834862385
tytmatematik,0.001834862385,0,0.001834862385
uddyan,0.001834862385,0,0.001834862385
ula,0.001834862385,0,0.001834862385
uloveme,0.001834862385,0,0.001834862385
ultabeautyworld,0.001834862385,0,0.001834862385
ultrahuman,0.001834862385,0,0.001834862385
umar,0.001834862385,0,0.001834862385
umeed,0.001834862385,0,0.001834862385
umeedbio,0.001834862385,0,0.001834862385
umeedpw,0.001834862385,0,0.001834862385
umuzda,0.001834862385,0,0.001834862385
uncertainty,0.001834862385,0,0.001834862385
uncovering,0.001834862385,0,0.001834862385
understand,0.005504587156,0.003669724771,0.001834862385
understanding,0.003669724771,0.001834862385,0.001834862385
understood,0.001834862385,0,0.001834862385
unhe,0.001834862385,0,0.001834862385
unidiaries,0.001834862385,0,0.001834862385
universityofnottingham,0.001834862385,0,0.001834862385
universityroutine,0.001834862385,0,0.001834862385
univlog,0.005504587156,0.003669724771,0.001834862385
uniwersalne,0.001834862385,0,0.001834862385
unknown,0.001834862385,0,0.001834862385
unlocked,0.001834862385,0,0.001834862385
unnecessary,0.001834862385,0,0.001834862385
unpredictable,0.001834862385,0,0.001834862385
unsubscribe,0.001834862385,0,0.001834862385
unsure,0.001834862385,0,0.001834862385
uon,0.001834862385,0,0.001834862385
upar,0.001834862385,0,0.001834862385
upcycling,0.001834862385,0,0.001834862385
upgraded,0.001834862385,0,0.001834862385
urdututorial,0.001834862385,0,0.001834862385
urduyoutube,0.001834862385,0,0.001834862385
urge,0.001834862385,0,0.001834862385
urpage,0.001834862385,0,0.001834862385
uruka,0.001834862385,0,0.001834862385
usagimiyabitoso,0.001834862385,0,0.001834862385
usko,0.001834862385,0,0.001834862385
usmle,0.001834862385,0,0.001834862385
uso,0.001834862385,0,0.001834862385
ust,0.001834862385,0,0.001834862385
usual,0.001834862385,0,0.001834862385
uttar,0.001834862385,0,0.001834862385
vague,0.001834862385,0,0.001834862385
vai,0.001834862385,0,0.001834862385
vairalshort,0.001834862385,0,0.001834862385
vakiya,0.001834862385,0,0.001834862385
vali,0.001834862385,0,0.001834862385
valid,0.001834862385,0,0.001834862385
valley,0.001834862385,0,0.001834862385
value,0.003669724771,0.001834862385,0.001834862385
vanilla,0.001834862385,0,0.001834862385
varanasi,0.001834862385,0,0.001834862385
varsa,0.001834862385,0,0.001834862385
varunbundela,0.001834862385,0,0.001834862385
vask,0.001834862385,0,0.001834862385
vegan,0.001834862385,0,0.001834862385
veggies,0.001834862385,0,0.001834862385
vel,0.001834862385,0,0.001834862385
venezuelan,0.001834862385,0,0.001834862385
verification,0.001834862385,0,0.001834862385
verimlili,0.001834862385,0,0.001834862385
veriyorum,0.001834862385,0,0.001834862385
veriyoruz,0.001834862385,0,0.001834862385
verse,0.001834862385,0,0.001834862385
vet,0.001834862385,0,0.001834862385
vetstudent,0.001834862385,0,0.001834862385
vibe,0.007339449541,0.005504587156,0.001834862385
victoria,0.001834862385,0,0.001834862385
victory,0.001834862385,0,0.001834862385
videobangla,0.001834862385,0,0.001834862385
videocreation,0.001834862385,0,0.001834862385
videocreator,0.001834862385,0,0.001834862385
videogrowth,0.001834862385,0,0.001834862385
videomaker,0.001834862385,0,0.001834862385
videomarketing,0.001834862385,0,0.001834862385
videomu,0.001834862385,0,0.001834862385
videooftheday,0.001834862385,0,0.001834862385
videot,0.001834862385,0,0.001834862385
videotips,0.001834862385,0,0.001834862385
vidiq,0.001834862385,0,0.001834862385
viel,0.001834862385,0,0.001834862385
viewed,0.001834862385,0,0.001834862385
viewers,0.007339449541,0.005504587156,0.001834862385
vijaykumarvinervlogs,0.001834862385,0,0.001834862385
vikramsarkar,0.001834862385,0,0.001834862385
villagecooking,0.001834862385,0,0.001834862385
villagedevelopment,0.001834862385,0,0.001834862385
villagefood,0.001834862385,0,0.001834862385
vinted,0.001834862385,0,0.001834862385
viralallah,0.001834862385,0,0.001834862385
viralbangla,0.001834862385,0,0.001834862385
viralbholenath,0.001834862385,0,0.001834862385
viralcreator,0.001834862385,0,0.001834862385
viralpage,0.001834862385,0,0.001834862385
viralpost,0.001834862385,0,0.001834862385
viralstrategy,0.001834862385,0,0.001834862385
viralstudy,0.001834862385,0,0.001834862385
viralvideosmall,0.001834862385,0,0.001834862385
viralwedding,0.001834862385,0,0.001834862385
vishnu,0.003669724771,0.001834862385,0.001834862385
vishwas,0.001834862385,0,0.001834862385
visiting,0.001834862385,0,0.001834862385
visits,0.001834862385,0,0.001834862385
visualarts,0.001834862385,0,0.001834862385
vivace,0.001834862385,0,0.001834862385
vkisi,0.001834862385,0,0.001834862385
vloggerlifestyle,0.001834862385,0,0.001834862385
vlogging,0.02935779817,0.02752293578,0.001834862385
vloggingtips,0.001834862385,0,0.001834862385
vloginmarwadi,0.001834862385,0,0.001834862385
vlogjourney,0.001834862385,0,0.001834862385
vloglife,0.02935779817,0.02752293578,0.001834862385
vlogmas,0.001834862385,0,0.001834862385
vlogshaare,0.001834862385,0,0.001834862385
vlogsvideo,0.003669724771,0.001834862385,0.001834862385
vlogu,0.001834862385,0,0.001834862385
vlogwonders,0.001834862385,0,0.001834862385
vocabulary,0.001834862385,0,0.001834862385
volgs,0.001834862385,0,0.001834862385
vollgging,0.001834862385,0,0.001834862385
voltune,0.001834862385,0,0.001834862385
volume,0.001834862385,0,0.001834862385
voz,0.001834862385,0,0.001834862385
vsg,0.001834862385,0,0.001834862385
vuralvideo,0.001834862385,0,0.001834862385
vya,0.001834862385,0,0.001834862385
wada,0.001834862385,0,0.001834862385
waking,0.003669724771,0.001834862385,0.001834862385
walkinpurpose,0.001834862385,0,0.001834862385
waltz,0.001834862385,0,0.001834862385
wandered,0.001834862385,0,0.001834862385
wanderershub,0.001834862385,0,0.001834862385
wanders,0.001834862385,0,0.001834862385
wanna,0.001834862385,0,0.001834862385
wanting,0.001834862385,0,0.001834862385
waqt,0.001834862385,0,0.001834862385
warm,0.001834862385,0,0.001834862385
washed,0.001834862385,0,0.001834862385
washington,0.001834862385,0,0.001834862385
waste,0.001834862385,0,0.001834862385
watchingggg,0.001834862385,0,0.001834862385
watchtillend,0.001834862385,0,0.001834862385
ways,0.003669724771,0.001834862385,0.001834862385
waz,0.001834862385,0,0.001834862385
website,0.001834862385,0,0.001834862385
weddingdecor,0.001834862385,0,0.001834862385
weddingfun,0.001834862385,0,0.001834862385
weddinginspiration,0.001834862385,0,0.001834862385
weddingmoments,0.001834862385,0,0.001834862385
weddingplanning,0.001834862385,0,0.001834862385
weddingreels,0.001834862385,0,0.001834862385
weddingrituals,0.001834862385,0,0.001834862385
weddingseason,0.001834862385,0,0.001834862385
wednesday,0.003669724771,0.001834862385,0.001834862385
weekday,0.001834862385,0,0.001834862385
weekdays,0.001834862385,0,0.001834862385
weeklyvlogs,0.001834862385,0,0.001834862385
weekvlog,0.001834862385,0,0.001834862385
weft,0.001834862385,0,0.001834862385
weightloss,0.001834862385,0,0.001834862385
wellnesstips,0.001834862385,0,0.001834862385
went,0.003669724771,0.001834862385,0.001834862385
westindiemamii,0.001834862385,0,0.001834862385
whale,0.001834862385,0,0.001834862385
whatever,0.001834862385,0,0.001834862385
whatieatinadayrealistic,0.001834862385,0,0.001834862385
whatieattoday,0.001834862385,0,0.001834862385
whatsappstatus,0.001834862385,0,0.001834862385
when,0.02201834862,0.02018348624,0.001834862385
whitenoise,0.001834862385,0,0.001834862385
whole,0.003669724771,0.001834862385,0.001834862385
wide,0.001834862385,0,0.001834862385
wider,0.001834862385,0,0.001834862385
wieiad,0.001834862385,0,0.001834862385
wietnych,0.001834862385,0,0.001834862385
wildlife,0.001834862385,0,0.001834862385
willing,0.001834862385,0,0.001834862385
window,0.001834862385,0,0.001834862385
wink,0.001834862385,0,0.001834862385
winning,0.001834862385,0,0.001834862385
wins,0.001834862385,0,0.001834862385
wiosenny,0.001834862385,0,0.001834862385
wired,0.001834862385,0,0.001834862385
wis,0.001834862385,0,0.001834862385
wishing,0.001834862385,0,0.001834862385
witajcie,0.001834862385,0,0.001834862385
within,0.001834862385,0,0.001834862385
wls,0.001834862385,0,0.001834862385
wohnung,0.001834862385,0,0.001834862385
wonderful,0.001834862385,0,0.001834862385
wondering,0.001834862385,0,0.001834862385
wonhee,0.001834862385,0,0.001834862385
woonhak,0.001834862385,0,0.001834862385
workharddreambig,0.001834862385,0,0.001834862385
worklife,0.001834862385,0,0.001834862385
workout,0.005504587156,0.003669724771,0.001834862385
worlds,0.001834862385,0,0.001834862385
worldwithoutus,0.001834862385,0,0.001834862385
worship,0.001834862385,0,0.001834862385
worth,0.001834862385,0,0.001834862385
wrestling,0.001834862385,0,0.001834862385
writingcommunity,0.001834862385,0,0.001834862385
wrong,0.003669724771,0.001834862385,0.001834862385
wsp,0.001834862385,0,0.001834862385
wybra,0.001834862385,0,0.001834862385
xica,0.001834862385,0,0.001834862385
ximo,0.001834862385,0,0.001834862385
xpression,0.001834862385,0,0.001834862385
yaad,0.003669724771,0.001834862385,0.001834862385
yacu,0.001834862385,0,0.001834862385
yall,0.003669724771,0.001834862385,0.001834862385
yan,0.001834862385,0,0.001834862385
yapmak,0.001834862385,0,0.001834862385
yapt,0.001834862385,0,0.001834862385
yarn,0.001834862385,0,0.001834862385
yashodamaiya,0.001834862385,0,0.001834862385
yaslanaca,0.001834862385,0,0.001834862385
yatra,0.001834862385,0,0.001834862385
yazarak,0.001834862385,0,0.001834862385
ydt,0.001834862385,0,0.001834862385
yesoul,0.001834862385,0,0.001834862385
ykstavsiye,0.001834862385,0,0.001834862385
yla,0.001834862385,0,0.001834862385
yoga,0.005504587156,0.003669724771,0.001834862385
yogurtbowl,0.001834862385,0,0.001834862385
yok,0.001834862385,0,0.001834862385
yokkk,0.001834862385,0,0.001834862385
yoruldu,0.001834862385,0,0.001834862385
yorum,0.001834862385,0,0.001834862385
yorummm,0.001834862385,0,0.001834862385
yotube,0.001834862385,0,0.001834862385
youngrealtor,0.001834862385,0,0.001834862385
youradvocates,0.001834862385,0,0.001834862385
youth,0.001834862385,0,0.001834862385
youtubecontent,0.001834862385,0,0.001834862385
youtubeguidance,0.001834862385,0,0.001834862385
youtubeideas,0.001834862385,0,0.001834862385
youtubelivestream,0.001834862385,0,0.001834862385
youtubemonetization,0.001834862385,0,0.001834862385
youtubepaid,0.001834862385,0,0.001834862385
youtubepartner,0.001834862385,0,0.001834862385
youtubepartnerprogram,0.001834862385,0,0.001834862385
youtuberpls,0.001834862385,0,0.001834862385
youtubersupport,0.001834862385,0,0.001834862385
youtubersvstiktokers,0.001834862385,0,0.001834862385
youtubethumbnail,0.001834862385,0,0.001834862385
youtubevlogger,0.001834862385,0,0.001834862385
yts,0.001834862385,0,0.001834862385
ytshortsindia,0.007339449541,0.005504587156,0.001834862385
yummy,0.007339449541,0.005504587156,0.001834862385
yunah,0.001834862385,0,0.001834862385
zapraszam,0.001834862385,0,0.001834862385
zarur,0.007339449541,0.005504587156,0.001834862385
zeb,0.001834862385,0,0.001834862385
zebronics,0.001834862385,0,0.001834862385
zeit,0.001834862385,0,0.001834862385
zenimiz,0.001834862385,0,0.001834862385
ziauddan,0.001834862385,0,0.001834862385
zikler,0.001834862385,0,0.001834862385
zindagi,0.007339449541,0.005504587156,0.001834862385
zipchair,0.001834862385,0,0.001834862385
zor,0.001834862385,0,0.001834862385
zrobi,0.001834862385,0,0.001834862385
zubeen,0.001834862385,0,0.001834862385
zuhalb,0.001834862385,0,0.001834862385
zwezira,0.001834862385,0,0.001834862385
zyada,0.001834862385,0,0.001834862385
zzz,0.001834862385,0,0.001834862385
aapke,0.005504587156,0.005504587156,0
aapki,0.001834862385,0.001834862385,0
abu,0.001834862385,0.001834862385,0
academicsuccess,0.001834862385,0.001834862385,0
achieve,0.001834862385,0.001834862385,0
adalah,0.001834862385,0.001834862385,0
aditya,0.001834862385,0.001834862385,0
affordable,0.001834862385,0.001834862385,0
ahead,0.001834862385,0.001834862385,0
aisa,0.001834862385,0.001834862385,0
aivideo,0.001834862385,0.001834862385,0
ajker,0.001834862385,0.001834862385,0
alag,0.005504587156,0.005504587156,0
alert,0.005504587156,0.005504587156,0
alex,0.001834862385,0.001834862385,0
along,0.01100917431,0.01100917431,0
amstudy,0.001834862385,0.001834862385,0
andar,0.003669724771,0.003669724771,0
animals,0.001834862385,0.001834862385,0
ash,0.001834862385,0.001834862385,0
ashortaday,0.005504587156,0.005504587156,0
ask,0.001834862385,0.001834862385,0
aspiring,0.001834862385,0.001834862385,0
attending,0.001834862385,0.001834862385,0
attitude,0.005504587156,0.005504587156,0
attractive,0.001834862385,0.001834862385,0
attribution,0.003669724771,0.003669724771,0
aunty,0.001834862385,0.001834862385,0
available,0.001834862385,0.001834862385,0
average,0.001834862385,0.001834862385,0
avoid,0.005504587156,0.005504587156,0
aweekinmylife,0.005504587156,0.005504587156,0
awesome,0.001834862385,0.001834862385,0
baare,0.001834862385,0.001834862385,0
baat,0.005504587156,0.005504587156,0
babycare,0.001834862385,0.001834862385,0
backtoschool,0.001834862385,0.001834862385,0
bada,0.009174311927,0.009174311927,0
bagian,0.001834862385,0.001834862385,0
balaji,0.001834862385,0.001834862385,0
balancing,0.001834862385,0.001834862385,0
balik,0.005504587156,0.005504587156,0
banati,0.001834862385,0.001834862385,0
banaya,0.005504587156,0.005504587156,0
bangun,0.001834862385,0.001834862385,0
banta,0.001834862385,0.001834862385,0
bappa,0.001834862385,0.001834862385,0
baru,0.003669724771,0.003669724771,0
based,0.003669724771,0.003669724771,0
batayein,0.001834862385,0.001834862385,0
bazar,0.001834862385,0.001834862385,0
beberapa,0.001834862385,0.001834862385,0
because,0.0128440367,0.0128440367,0
beginners,0.04403669725,0.04403669725,0
benar,0.003669724771,0.003669724771,0
beneath,0.001834862385,0.001834862385,0
bentuk,0.001834862385,0.001834862385,0
berakar,0.001834862385,0.001834862385,0
berikutnya,0.001834862385,0.001834862385,0
berisi,0.001834862385,0.001834862385,0
berry,0.001834862385,0.001834862385,0
bgm,0.001834862385,0.001834862385,0
bhabhiji,0.003669724771,0.003669724771,0
bhai,0.0128440367,0.0128440367,0
bhakti,0.005504587156,0.005504587156,0
bike,0.005504587156,0.005504587156,0
bird,0.003669724771,0.003669724771,0
bit,0.003669724771,0.003669724771,0
blow,0.001834862385,0.001834862385,0
boardexam,0.005504587156,0.005504587156,0
boys,0.003669724771,0.003669724771,0
brainpower,0.001834862385,0.001834862385,0
brings,0.001834862385,0.001834862385,0
bro,0.003669724771,0.003669724771,0
btech,0.001834862385,0.001834862385,0
buisness,0.001834862385,0.001834862385,0
bumi,0.001834862385,0.001834862385,0
burnout,0.001834862385,0.001834862385,0
bye,0.001834862385,0.001834862385,0
cakrawala,0.001834862385,0.001834862385,0
caloriedeficit,0.001834862385,0.001834862385,0
catatan,0.001834862385,0.001834862385,0
celebrating,0.003669724771,0.003669724771,0
cerita,0.001834862385,0.001834862385,0
ceritanya,0.001834862385,0.001834862385,0
chahte,0.003669724771,0.003669724771,0
chal,0.003669724771,0.003669724771,0
chala,0.001834862385,0.001834862385,0
channelupdate,0.001834862385,0.001834862385,0
character,0.001834862385,0.001834862385,0
china,0.003669724771,0.003669724771,0
chinese,0.001834862385,0.001834862385,0
chubby,0.003669724771,0.003669724771,0
cliffs,0.001834862385,0.001834862385,0
collegestudy,0.001834862385,0.001834862385,0
commons,0.001834862385,0.001834862385,0
commute,0.001834862385,0.001834862385,0
company,0.001834862385,0.001834862385,0
compilation,0.003669724771,0.003669724771,0
complicated,0.001834862385,0.001834862385,0
confused,0.001834862385,0.001834862385,0
connects,0.001834862385,0.001834862385,0
consider,0.001834862385,0.001834862385,0
control,0.003669724771,0.003669724771,0
cost,0.001834862385,0.001834862385,0
couplevlog,0.003669724771,0.003669724771,0
cpa,0.003669724771,0.003669724771,0
create,0.02935779817,0.02935779817,0
credit,0.003669724771,0.003669724771,0
cta,0.001834862385,0.001834862385,0
cupcakes,0.001834862385,0.001834862385,0
current,0.005504587156,0.005504587156,0
dailylearning,0.001834862385,0.001834862385,0
dailyprogress,0.001834862385,0.001834862385,0
daratan,0.001834862385,0.001834862385,0
dari,0.001834862385,0.001834862385,0
dayschallenge,0.001834862385,0.001834862385,0
daysinmylife,0.001834862385,0.001834862385,0
dead,0.001834862385,0.001834862385,0
decided,0.005504587156,0.005504587156,0
decides,0.001834862385,0.001834862385,0
deepwork,0.001834862385,0.001834862385,0
define,0.001834862385,0.001834862385,0
dekhiye,0.005504587156,0.005504587156,0
dekho,0.001834862385,0.001834862385,0
dena,0.001834862385,0.001834862385,0
desilife,0.001834862385,0.001834862385,0
desilifestyle,0.003669724771,0.003669724771,0
desivlogger,0.001834862385,0.001834862385,0
detailing,0.001834862385,0.001834862385,0
diary,0.001834862385,0.001834862385,0
digitalcreator,0.003669724771,0.003669724771,0
distraction,0.003669724771,0.003669724771,0
diya,0.005504587156,0.005504587156,0
doctor,0.001834862385,0.001834862385,0
doesn,0.003669724771,0.003669724771,0
dont,0.003669724771,0.003669724771,0
dose,0.003669724771,0.003669724771,0
draft,0.001834862385,0.001834862385,0
dreams,0.009174311927,0.009174311927,0
drills,0.003669724771,0.003669724771,0
droppers,0.003669724771,0.003669724771,0
dunia,0.001834862385,0.001834862385,0
easiest,0.001834862385,0.001834862385,0
easymeals,0.001834862385,0.001834862385,0
edits,0.001834862385,0.001834862385,0
educationshorts,0.001834862385,0.001834862385,0
effectively,0.001834862385,0.001834862385,0
efficientstudying,0.001834862385,0.001834862385,0
effort,0.003669724771,0.003669724771,0
efforts,0.001834862385,0.001834862385,0
energy,0.0128440367,0.0128440367,0
engineeringlife,0.001834862385,0.001834862385,0
environmental,0.001834862385,0.001834862385,0
era,0.001834862385,0.001834862385,0
event,0.003669724771,0.003669724771,0
events,0.001834862385,0.001834862385,0
examtips,0.001834862385,0.001834862385,0
expect,0.007339449541,0.007339449541,0
expenses,0.001834862385,0.001834862385,0
experiment,0.001834862385,0.001834862385,0
explorefeed,0.003669724771,0.003669724771,0
eyes,0.003669724771,0.003669724771,0
familyvlogs,0.003669724771,0.003669724771,0
fantasi,0.001834862385,0.001834862385,0
fantasyworldbuilding,0.001834862385,0.001834862385,0
faster,0.005504587156,0.005504587156,0
fastlearning,0.001834862385,0.001834862385,0
favourite,0.003669724771,0.003669724771,0
feels,0.003669724771,0.003669724771,0
fetteyiz,0.001834862385,0.001834862385,0
fiber,0.001834862385,0.001834862385,0
finally,0.02385321101,0.02385321101,0
finds,0.001834862385,0.001834862385,0
fir,0.003669724771,0.003669724771,0
firstyoutubevideo,0.001834862385,0.001834862385,0
fitnessjourney,0.003669724771,0.003669724771,0
floral,0.001834862385,0.001834862385,0
focusandachieve,0.001834862385,0.001834862385,0
focusandlearn,0.001834862385,0.001834862385,0
focusonstudies,0.001834862385,0.001834862385,0
focustips,0.001834862385,0.001834862385,0
forest,0.001834862385,0.001834862385,0
forget,0.04220183486,0.04220183486,0
fortnite,0.003669724771,0.003669724771,0
forward,0.003669724771,0.003669724771,0
foryoupage,0.003669724771,0.003669724771,0
friendsvlog,0.001834862385,0.001834862385,0
fukrainsaan,0.001834862385,0.001834862385,0
fulldayvlog,0.001834862385,0.001834862385,0
funnyvideo,0.005504587156,0.005504587156,0
funwithfriends,0.001834862385,0.001834862385,0
further,0.001834862385,0.001834862385,0
gamingintro,0.001834862385,0.001834862385,0
ganpati,0.001834862385,0.001834862385,0
gaon,0.005504587156,0.005504587156,0
garena,0.001834862385,0.001834862385,0
garmi,0.001834862385,0.001834862385,0
geologi,0.001834862385,0.001834862385,0
geological,0.001834862385,0.001834862385,0
getting,0.01100917431,0.01100917431,0
glow,0.005504587156,0.005504587156,0
glowupjourney,0.001834862385,0.001834862385,0
goal,0.009174311927,0.009174311927,0
goalcrusher,0.001834862385,0.001834862385,0
gone,0.001834862385,0.001834862385,0
google,0.001834862385,0.001834862385,0
grateful,0.001834862385,0.001834862385,0
grindmode,0.001834862385,0.001834862385,0
grounded,0.001834862385,0.001834862385,0
growfast,0.001834862385,0.001834862385,0
growtogether,0.001834862385,0.001834862385,0
guru,0.001834862385,0.001834862385,0
gymroutine,0.003669724771,0.003669724771,0
habitbuilding,0.001834862385,0.001834862385,0
hai,0.1394495413,0.1394495413,0
hall,0.001834862385,0.001834862385,0
hamesha,0.001834862385,0.001834862385,0
happens,0.003669724771,0.003669724771,0
haryanvi,0.003669724771,0.003669724771,0
healthyfood,0.001834862385,0.001834862385,0
hear,0.001834862385,0.001834862385,0
hearing,0.001834862385,0.001834862385,0
heartfelt,0.001834862385,0.001834862385,0
hello,0.02568807339,0.02568807339,0
helpful,0.001834862385,0.001834862385,0
highlights,0.005504587156,0.005504587156,0
hoga,0.001834862385,0.001834862385,0
hold,0.001834862385,0.001834862385,0
homecooking,0.003669724771,0.003669724771,0
hopefullycinematic,0.001834862385,0.001834862385,0
horizon,0.001834862385,0.001834862385,0
housewiferoutine,0.003669724771,0.003669724771,0
hrs,0.001834862385,0.001834862385,0
hujan,0.001834862385,0.001834862385,0
hutan,0.001834862385,0.001834862385,0
hydration,0.001834862385,0.001834862385,0
ice,0.01100917431,0.01100917431,0
icon,0.007339449541,0.007339449541,0
ikut,0.001834862385,0.001834862385,0
imajinasi,0.001834862385,0.001834862385,0
importance,0.001834862385,0.001834862385,0
increase,0.005504587156,0.005504587156,0
indianfood,0.003669724771,0.003669724771,0
indiangamer,0.001834862385,0.001834862385,0
indianvlog,0.005504587156,0.005504587156,0
industry,0.001834862385,0.001834862385,0
influenced,0.001834862385,0.001834862385,0
infringement,0.001834862385,0.001834862385,0
ini,0.005504587156,0.005504587156,0
initial,0.001834862385,0.001834862385,0
inspirasi,0.001834862385,0.001834862385,0
intended,0.001834862385,0.001834862385,0
interested,0.001834862385,0.001834862385,0
inti,0.001834862385,0.001834862385,0
ipad,0.001834862385,0.001834862385,0
islam,0.003669724771,0.003669724771,0
isn,0.003669724771,0.003669724771,0
jaishreekrishna,0.001834862385,0.001834862385,0
jarur,0.005504587156,0.005504587156,0
jay,0.003669724771,0.003669724771,0
jonno,0.001834862385,0.001834862385,0
juga,0.001834862385,0.001834862385,0
kabut,0.001834862385,0.001834862385,0
kalian,0.001834862385,0.001834862385,0
karega,0.001834862385,0.001834862385,0
karnataka,0.003669724771,0.003669724771,0
karti,0.001834862385,0.001834862385,0
karunga,0.001834862385,0.001834862385,0
kasih,0.001834862385,0.001834862385,0
keep,0.0128440367,0.0128440367,0
kepulauan,0.001834862385,0.001834862385,0
kesfeteyyiz,0.001834862385,0.001834862385,0
khusus,0.001834862385,0.001834862385,0
kid,0.001834862385,0.001834862385,0
kind,0.003669724771,0.003669724771,0
king,0.003669724771,0.003669724771,0
koi,0.009174311927,0.009174311927,0
kre,0.001834862385,0.001834862385,0
kreatif,0.001834862385,0.001834862385,0
ksubs,0.001834862385,0.001834862385,0
kyunki,0.001834862385,0.001834862385,0
laga,0.007339449541,0.007339449541,0
landforms,0.001834862385,0.001834862385,0
lapisan,0.001834862385,0.001834862385,0
laundry,0.001834862385,0.001834862385,0
learnfaster,0.001834862385,0.001834862385,0
leave,0.003669724771,0.003669724771,0
leveling,0.001834862385,0.001834862385,0
lifeisbutadream,0.007339449541,0.007339449541,0
lingkungan,0.001834862385,0.001834862385,0
linked,0.001834862385,0.001834862385,0
list,0.001834862385,0.001834862385,0
literally,0.001834862385,0.001834862385,0
lofi,0.001834862385,0.001834862385,0
lots,0.005504587156,0.005504587156,0
loved,0.001834862385,0.001834862385,0
lovers,0.005504587156,0.005504587156,0
madhu,0.003669724771,0.003669724771,0
magic,0.001834862385,0.001834862385,0
mail,0.001834862385,0.001834862385,0
mainly,0.001834862385,0.001834862385,0
makemoneyonline,0.001834862385,0.001834862385,0
maker,0.001834862385,0.001834862385,0
managing,0.001834862385,0.001834862385,0
masih,0.001834862385,0.001834862385,0
mast,0.001834862385,0.001834862385,0
matches,0.001834862385,0.001834862385,0
maths,0.01467889908,0.01467889908,0
maybe,0.001834862385,0.001834862385,0
meal,0.001834862385,0.001834862385,0
mealprep,0.001834862385,0.001834862385,0
medical,0.01100917431,0.01100917431,0
medstudent,0.001834862385,0.001834862385,0
melalui,0.001834862385,0.001834862385,0
membantu,0.001834862385,0.001834862385,0
membentuk,0.001834862385,0.001834862385,0
memengaruhi,0.001834862385,0.001834862385,0
mera,0.02385321101,0.02385321101,0
merangkum,0.001834862385,0.001834862385,0
method,0.001834862385,0.001834862385,0
milega,0.009174311927,0.009174311927,0
milkar,0.001834862385,0.001834862385,0
millionviews,0.001834862385,0.001834862385,0
minivlogshorts,0.003669724771,0.003669724771,0
mist,0.001834862385,0.001834862385,0
mode,0.001834862385,0.001834862385,0
momlife,0.003669724771,0.003669724771,0
momroutine,0.001834862385,0.001834862385,0
morningstudy,0.001834862385,0.001834862385,0
morningvibes,0.003669724771,0.003669724771,0
morocco,0.001834862385,0.001834862385,0
morya,0.001834862385,0.001834862385,0
motivatedstudent,0.001834862385,0.001834862385,0
mountains,0.001834862385,0.001834862385,0
movies,0.003669724771,0.003669724771,0
mukbang,0.001834862385,0.001834862385,0
mum,0.001834862385,0.001834862385,0
naaku,0.001834862385,0.001834862385,0
namaste,0.001834862385,0.001834862385,0
nature,0.007339449541,0.007339449541,0
naye,0.001834862385,0.001834862385,0
neetaspirants,0.003669724771,0.003669724771,0
neetmotivation,0.001834862385,0.001834862385,0
neetpreparation,0.003669724771,0.003669724771,0
newbeginning,0.001834862385,0.001834862385,0
newchannel,0.01467889908,0.01467889908,0
newcreator,0.003669724771,0.003669724771,0
newmusic,0.001834862385,0.001834862385,0
newshorts,0.001834862385,0.001834862385,0
nightroutine,0.001834862385,0.001834862385,0
nights,0.001834862385,0.001834862385,0
noida,0.001834862385,0.001834862385,0
noodles,0.003669724771,0.003669724771,0
nostalgia,0.001834862385,0.001834862385,0
noticed,0.001834862385,0.001834862385,0
notification,0.005504587156,0.005504587156,0
nuansa,0.001834862385,0.001834862385,0
number,0.001834862385,0.001834862385,0
obs,0.001834862385,0.001834862385,0
officalvideo,0.001834862385,0.001834862385,0
often,0.001834862385,0.001834862385,0
onlineearning,0.001834862385,0.001834862385,0
ontheroadto,0.001834862385,0.001834862385,0
onwards,0.001834862385,0.001834862385,0
open,0.003669724771,0.003669724771,0
opinion,0.001834862385,0.001834862385,0
outfits,0.009174311927,0.009174311927,0
outside,0.001834862385,0.001834862385,0
pada,0.001834862385,0.001834862385,0
pan,0.001834862385,0.001834862385,0
panjang,0.001834862385,0.001834862385,0
park,0.001834862385,0.001834862385,0
parts,0.001834862385,0.001834862385,0
passion,0.003669724771,0.003669724771,0
pasta,0.001834862385,0.001834862385,0
pcm,0.003669724771,0.003669724771,0
peak,0.003669724771,0.003669724771,0
penonton,0.001834862385,0.001834862385,0
persistence,0.001834862385,0.001834862385,0
personaldevelopment,0.001834862385,0.001834862385,0
phone,0.02018348624,0.02018348624,0
pilates,0.001834862385,0.001834862385,0
pink,0.003669724771,0.003669724771,0
pitch,0.003669724771,0.003669724771,0
places,0.005504587156,0.005504587156,0
plate,0.001834862385,0.001834862385,0
plss,0.001834862385,0.001834862385,0
point,0.001834862385,0.001834862385,0
pomo,0.001834862385,0.001834862385,0
pov,0.005504587156,0.005504587156,0
prepping,0.001834862385,0.001834862385,0
prismlivestudio,0.003669724771,0.003669724771,0
process,0.003669724771,0.003669724771,0
productivityshorts,0.001834862385,0.001834862385,0
prom,0.001834862385,0.001834862385,0
proses,0.001834862385,0.001834862385,0
provide,0.001834862385,0.001834862385,0
proyek,0.005504587156,0.005504587156,0
pterosaurs,0.001834862385,0.001834862385,0
pterosaurus,0.001834862385,0.001834862385,0
pulling,0.001834862385,0.001834862385,0
punekar,0.001834862385,0.001834862385,0
purba,0.001834862385,0.001834862385,0
purpose,0.005504587156,0.005504587156,0
purposes,0.0128440367,0.0128440367,0
puts,0.001834862385,0.001834862385,0
pyar,0.003669724771,0.003669724771,0
quitting,0.001834862385,0.001834862385,0
rak,0.001834862385,0.001834862385,0
rant,0.001834862385,0.001834862385,0
reasoning,0.001834862385,0.001834862385,0
region,0.001834862385,0.001834862385,0
related,0.005504587156,0.005504587156,0
reminded,0.001834862385,0.001834862385,0
removed,0.001834862385,0.001834862385,0
ride,0.001834862385,0.001834862385,0
road,0.003669724771,0.003669724771,0
roadtrip,0.001834862385,0.001834862385,0
rules,0.001834862385,0.001834862385,0
run,0.003669724771,0.003669724771,0
rurallife,0.001834862385,0.001834862385,0
sab,0.02018348624,0.02018348624,0
safar,0.003669724771,0.003669724771,0
sains,0.001834862385,0.001834862385,0
samar,0.001834862385,0.001834862385,0
sarkari,0.001834862385,0.001834862385,0
saurabhjoshivlogs,0.001834862385,0.001834862385,0
saved,0.001834862385,0.001834862385,0
schoollife,0.003669724771,0.003669724771,0
schoolroutine,0.001834862385,0.001834862385,0
script,0.003669724771,0.003669724771,0
sebuah,0.003669724771,0.003669724771,0
secrets,0.001834862385,0.001834862385,0
sedang,0.003669724771,0.003669724771,0
selfimprovement,0.005504587156,0.005504587156,0
seo,0.001834862385,0.001834862385,0
series,0.01651376147,0.01651376147,0
seriously,0.001834862385,0.001834862385,0
server,0.001834862385,0.001834862385,0
shares,0.001834862385,0.001834862385,0
shayad,0.003669724771,0.003669724771,0
shift,0.001834862385,0.001834862385,0
shortfilm,0.001834862385,0.001834862385,0
shortviral,0.001834862385,0.001834862385,0
shree,0.001834862385,0.001834862385,0
shuruaat,0.001834862385,0.001834862385,0
shuruat,0.001834862385,0.001834862385,0
silence,0.001834862385,0.001834862385,0
simpleroutine,0.001834862385,0.001834862385,0
sinematik,0.001834862385,0.001834862385,0
sirf,0.0128440367,0.0128440367,0
sisi,0.001834862385,0.001834862385,0
sistem,0.001834862385,0.001834862385,0
sister,0.001834862385,0.001834862385,0
situation,0.003669724771,0.003669724771,0
skincare,0.01834862385,0.01834862385,0
slice,0.001834862385,0.001834862385,0
slowliving,0.001834862385,0.001834862385,0
smartphone,0.001834862385,0.001834862385,0
smooth,0.001834862385,0.001834862385,0
softgirl,0.001834862385,0.001834862385,0
software,0.001834862385,0.001834862385,0
somnath,0.001834862385,0.001834862385,0
sorry,0.003669724771,0.003669724771,0
souravjoshivlogs,0.003669724771,0.003669724771,0
speculative,0.003669724771,0.003669724771,0
speculativebiology,0.001834862385,0.001834862385,0
spent,0.003669724771,0.003669724771,0
spider,0.001834862385,0.001834862385,0
spiritualjourney,0.001834862385,0.001834862385,0
sri,0.001834862385,0.001834862385,0
sscpreparation,0.001834862385,0.001834862385,0
stamps,0.001834862385,0.001834862385,0
stayed,0.001834862385,0.001834862385,0
stepping,0.001834862385,0.001834862385,0
stops,0.001834862385,0.001834862385,0
streamer,0.003669724771,0.003669724771,0
struggling,0.001834862385,0.001834862385,0
studentproductivity,0.001834862385,0.001834862385,0
studentsuccess,0.001834862385,0.001834862385,0
studydaily,0.001834862385,0.001834862385,0
studyflow,0.001834862385,0.001834862385,0
studyfocus,0.001834862385,0.001834862385,0
studygoals,0.001834862385,0.001834862385,0
studyjourney,0.001834862385,0.001834862385,0
studysession,0.001834862385,0.001834862385,0
studysmarter,0.001834862385,0.001834862385,0
stuff,0.003669724771,0.003669724771,0
suasana,0.001834862385,0.001834862385,0
suggestions,0.001834862385,0.001834862385,0
supports,0.001834862385,0.001834862385,0
surajjvlog,0.003669724771,0.003669724771,0
talking,0.001834862385,0.001834862385,0
task,0.001834862385,0.001834862385,0
tebing,0.001834862385,0.001834862385,0
tekanan,0.001834862385,0.001834862385,0
tell,0.007339449541,0.007339449541,0
terbang,0.001834862385,0.001834862385,0
terbentuk,0.001834862385,0.001834862385,0
terhubung,0.001834862385,0.001834862385,0
terima,0.001834862385,0.001834862385,0
term,0.001834862385,0.001834862385,0
tethys,0.01651376147,0.01651376147,0
thats,0.001834862385,0.001834862385,0
thewatcher,0.001834862385,0.001834862385,0
thing,0.003669724771,0.003669724771,0
thoda,0.005504587156,0.005504587156,0
thumbs,0.001834862385,0.001834862385,0
tiny,0.001834862385,0.001834862385,0
tired,0.003669724771,0.003669724771,0
tomra,0.001834862385,0.001834862385,0
too,0.01651376147,0.01651376147,0
topic,0.001834862385,0.001834862385,0
toppers,0.003669724771,0.003669724771,0
topstudent,0.001834862385,0.001834862385,0
total,0.007339449541,0.007339449541,0
tourist,0.001834862385,0.001834862385,0
track,0.005504587156,0.005504587156,0
translates,0.001834862385,0.001834862385,0
translator,0.001834862385,0.001834862385,0
travelreels,0.001834862385,0.001834862385,0
trendinglive,0.003669724771,0.003669724771,0
triggeredinsaan,0.001834862385,0.001834862385,0
trip,0.007339449541,0.007339449541,0
trump,0.001834862385,0.001834862385,0
tumhare,0.001834862385,0.001834862385,0
twitch,0.007339449541,0.007339449541,0
ultimate,0.003669724771,0.003669724771,0
ultra,0.001834862385,0.001834862385,0
unboxing,0.02018348624,0.02018348624,0
unexpected,0.003669724771,0.003669724771,0
unforgettable,0.001834862385,0.001834862385,0
untuk,0.005504587156,0.005504587156,0
upcoming,0.001834862385,0.001834862385,0
uploading,0.005504587156,0.005504587156,0
useful,0.003669724771,0.003669724771,0
uske,0.001834862385,0.001834862385,0
vbloger,0.003669724771,0.003669724771,0
veri,0.001834862385,0.001834862385,0
vibrant,0.003669724771,0.003669724771,0
view,0.009174311927,0.009174311927,0
viralindia,0.001834862385,0.001834862385,0
visual,0.009174311927,0.009174311927,0
voiceless,0.003669724771,0.003669724771,0
volcanic,0.001834862385,0.001834862385,0
vulkanik,0.001834862385,0.001834862385,0
wall,0.001834862385,0.001834862385,0
wapas,0.001834862385,0.001834862385,0
watcher,0.003669724771,0.003669724771,0
wear,0.003669724771,0.003669724771,0
weightlossjourney,0.001834862385,0.001834862385,0
well,0.01100917431,0.01100917431,0
wellbeing,0.001834862385,0.001834862385,0
whatsinmyplate,0.001834862385,0.001834862385,0
wilayah,0.001834862385,0.001834862385,0
woman,0.003669724771,0.003669724771,0
womenlifestyle,0.003669724771,0.003669724771,0
won,0.001834862385,0.001834862385,0
word,0.003669724771,0.003669724771,0
worked,0.001834862385,0.001834862385,0
works,0.001834862385,0.001834862385,0
world,0.04036697248,0.04036697248,0
worldbuilding,0.009174311927,0.009174311927,0
worldoftethys,0.001834862385,0.001834862385,0
worldwide,0.001834862385,0.001834862385,0
yah,0.001834862385,0.001834862385,0
yle,0.001834862385,0.001834862385,0
youtubeindia,0.01651376147,0.01651376147,0
youtubelive,0.003669724771,0.003669724771,0
youtubeviral,0.001834862385,0.001834862385,0
ytdayibenionecikarnolur,0.009174311927,0.009174311927,0
aacha,0,0.001834862385,-0.001834862385
aaliya,0,0.001834862385,-0.001834862385
aankhon,0,0.001834862385,-0.001834862385
aansu,0,0.001834862385,-0.001834862385
aapka,0.007339449541,0.009174311927,-0.001834862385
aapne,0,0.001834862385,-0.001834862385
aashisrecipes,0,0.001834862385,-0.001834862385
aaungi,0,0.001834862385,-0.001834862385
aaya,0,0.001834862385,-0.001834862385
aayengi,0,0.001834862385,-0.001834862385
aayi,0,0.001834862385,-0.001834862385
abhi,0,0.001834862385,-0.001834862385
abis,0,0.001834862385,-0.001834862385
aboneollll,0,0.001834862385,-0.001834862385
abroad,0,0.001834862385,-0.001834862385
academicvlog,0,0.001834862385,-0.001834862385
accident,0,0.001834862385,-0.001834862385
achcha,0,0.001834862385,-0.001834862385
activity,0,0.001834862385,-0.001834862385
actually,0.0128440367,0.01467889908,-0.001834862385
adapting,0,0.001834862385,-0.001834862385
aday,0,0.001834862385,-0.001834862385
adayinmylifeind,0,0.001834862385,-0.001834862385
adayinthelife,0,0.001834862385,-0.001834862385
adda,0.001834862385,0.003669724771,-0.001834862385
addmission,0,0.001834862385,-0.001834862385
adhi,0,0.001834862385,-0.001834862385
adiyogi,0,0.001834862385,-0.001834862385
adventuretime,0,0.001834862385,-0.001834862385
advertisement,0,0.001834862385,-0.001834862385
advika,0,0.001834862385,-0.001834862385
aedocutoff,0,0.001834862385,-0.001834862385
aestheticcleaning,0,0.001834862385,-0.001834862385
aestheticday,0,0.001834862385,-0.001834862385
aestheticlife,0,0.001834862385,-0.001834862385
aestheticlifestyle,0,0.001834862385,-0.001834862385
aestheticstudyvlog,0,0.001834862385,-0.001834862385
aestheticvideo,0.001834862385,0.003669724771,-0.001834862385
affairs,0.001834862385,0.003669724771,-0.001834862385
aftermarriage,0,0.001834862385,-0.001834862385
afterschool,0,0.001834862385,-0.001834862385
against,0,0.001834862385,-0.001834862385
aghori,0,0.001834862385,-0.001834862385
agle,0,0.001834862385,-0.001834862385
agr,0,0.001834862385,-0.001834862385
aicreativeidea,0,0.001834862385,-0.001834862385
aiming,0,0.001834862385,-0.001834862385
aims,0,0.001834862385,-0.001834862385
aiptaramix,0,0.001834862385,-0.001834862385
airport,0,0.001834862385,-0.001834862385
aise,0.007339449541,0.009174311927,-0.001834862385
ajke,0,0.001834862385,-0.001834862385
akal,0,0.001834862385,-0.001834862385
akela,0,0.001834862385,-0.001834862385
akele,0,0.001834862385,-0.001834862385
akhirnya,0,0.001834862385,-0.001834862385
akka,0,0.001834862385,-0.001834862385
akkalkot,0,0.001834862385,-0.001834862385
akkalkotswami,0,0.001834862385,-0.001834862385
akkalkotswamisamarthmaharajkijai,0,0.001834862385,-0.001834862385
akshita,0,0.001834862385,-0.001834862385
aktif,0,0.001834862385,-0.001834862385
alakhpandey,0,0.001834862385,-0.001834862385
alight,0,0.001834862385,-0.001834862385
allindia,0,0.001834862385,-0.001834862385
almost,0,0.001834862385,-0.001834862385
ambientmusic,0,0.001834862385,-0.001834862385
american,0.001834862385,0.003669724771,-0.001834862385
americanintheuk,0,0.001834862385,-0.001834862385
amhi,0,0.001834862385,-0.001834862385
ami,0,0.001834862385,-0.001834862385
amisha,0,0.001834862385,-0.001834862385
amkare,0,0.001834862385,-0.001834862385
amount,0,0.001834862385,-0.001834862385
amroutine,0,0.001834862385,-0.001834862385
amrrakgondola,0,0.001834862385,-0.001834862385
amstudysession,0,0.001834862385,-0.001834862385
amusementpark,0,0.001834862385,-0.001834862385
ancestors,0,0.001834862385,-0.001834862385
anduke,0,0.001834862385,-0.001834862385
ani,0,0.001834862385,-0.001834862385
animake,0,0.001834862385,-0.001834862385
anirudh,0,0.001834862385,-0.001834862385
answering,0,0.001834862385,-0.001834862385
anushkaa,0,0.001834862385,-0.001834862385
anymore,0,0.001834862385,-0.001834862385
anywhere,0,0.001834862385,-0.001834862385
apmaan,0,0.001834862385,-0.001834862385
apna,0.005504587156,0.007339449541,-0.001834862385
apne,0.009174311927,0.01100917431,-0.001834862385
app,0.01100917431,0.0128440367,-0.001834862385
appachiwadi,0,0.001834862385,-0.001834862385
apply,0,0.001834862385,-0.001834862385
appreciate,0.001834862385,0.003669724771,-0.001834862385
appreciated,0,0.001834862385,-0.001834862385
appudu,0,0.001834862385,-0.001834862385
arabicmehndi,0,0.001834862385,-0.001834862385
aradan,0,0.001834862385,-0.001834862385
arc,0,0.001834862385,-0.001834862385
arithmetic,0,0.001834862385,-0.001834862385
army,0.001834862385,0.003669724771,-0.001834862385
artisticchannel,0,0.001834862385,-0.001834862385
artvideos,0,0.001834862385,-0.001834862385
arya,0,0.001834862385,-0.001834862385
aseni,0,0.001834862385,-0.001834862385
asmrshorts,0,0.001834862385,-0.001834862385
asmrsounds,0,0.001834862385,-0.001834862385
asparint,0,0.001834862385,-0.001834862385
aspirantaura,0,0.001834862385,-0.001834862385
aspirantslife,0,0.001834862385,-0.001834862385
aspirantsupsc,0,0.001834862385,-0.001834862385
aspirantvlog,0,0.001834862385,-0.001834862385
aspiration,0,0.001834862385,-0.001834862385
assembly,0,0.001834862385,-0.001834862385
assignmentstress,0,0.001834862385,-0.001834862385
assignmentvlog,0,0.001834862385,-0.001834862385
astuti,0,0.001834862385,-0.001834862385
attain,0,0.001834862385,-0.001834862385
attorney,0,0.001834862385,-0.001834862385
aucklanduni,0,0.001834862385,-0.001834862385
aundha,0,0.001834862385,-0.001834862385
authenticity,0,0.001834862385,-0.001834862385
automatic,0,0.001834862385,-0.001834862385
avatar,0,0.001834862385,-0.001834862385
avatarfrontiersofpandoragameplay,0,0.001834862385,-0.001834862385
avishi,0,0.001834862385,-0.001834862385
awasthi,0,0.001834862385,-0.001834862385
ayodhya,0,0.001834862385,-0.001834862385
aytgames,0,0.001834862385,-0.001834862385
azzamstainless,0,0.001834862385,-0.001834862385
bacche,0,0.001834862385,-0.001834862385
backbenchersunite,0,0.001834862385,-0.001834862385
backgroundmusicminivlog,0,0.001834862385,-0.001834862385
backpack,0,0.001834862385,-0.001834862385
badges,0,0.001834862385,-0.001834862385
badhne,0,0.001834862385,-0.001834862385
bagshopping,0,0.001834862385,-0.001834862385
bahasa,0,0.001834862385,-0.001834862385
baik,0,0.001834862385,-0.001834862385
bairan,0,0.001834862385,-0.001834862385
bajrangbali,0.003669724771,0.005504587156,-0.001834862385
bakricharana,0,0.001834862385,-0.001834862385
bali,0,0.001834862385,-0.001834862385
balumama,0,0.001834862385,-0.001834862385
banata,0,0.001834862385,-0.001834862385
banaye,0.02935779817,0.03119266055,-0.001834862385
banayenge,0,0.001834862385,-0.001834862385
bandung,0,0.001834862385,-0.001834862385
bane,0.003669724771,0.005504587156,-0.001834862385
bangladeshivlog,0,0.001834862385,-0.001834862385
banglatutorial,0,0.001834862385,-0.001834862385
banglavideo,0,0.001834862385,-0.001834862385
banglaviral,0,0.001834862385,-0.001834862385
bani,0,0.001834862385,-0.001834862385
banna,0,0.001834862385,-0.001834862385
banne,0,0.001834862385,-0.001834862385
bano,0,0.001834862385,-0.001834862385
banyak,0,0.001834862385,-0.001834862385
bar,0.001834862385,0.003669724771,-0.001834862385
baseball,0,0.001834862385,-0.001834862385
bataya,0,0.001834862385,-0.001834862385
battery,0,0.001834862385,-0.001834862385
battle,0,0.001834862385,-0.001834862385
battlefield,0,0.001834862385,-0.001834862385
bazaar,0,0.001834862385,-0.001834862385
bbsr,0,0.001834862385,-0.001834862385
bcz,0,0.001834862385,-0.001834862385
beachvlog,0,0.001834862385,-0.001834862385
beads,0,0.001834862385,-0.001834862385
beautifulmehndi,0,0.001834862385,-0.001834862385
bed,0.003669724771,0.005504587156,-0.001834862385
begin,0.003669724771,0.005504587156,-0.001834862385
behavior,0,0.001834862385,-0.001834862385
behen,0,0.001834862385,-0.001834862385
belajarbahasainggris,0,0.001834862385,-0.001834862385
benefits,0,0.001834862385,-0.001834862385
beraktivitas,0,0.001834862385,-0.001834862385
berlibur,0,0.001834862385,-0.001834862385
bestie,0,0.001834862385,-0.001834862385
bestmomos,0,0.001834862385,-0.001834862385
beta,0,0.001834862385,-0.001834862385
bhaagaya,0,0.001834862385,-0.001834862385
bhaage,0,0.001834862385,-0.001834862385
bhabhidance,0.001834862385,0.003669724771,-0.001834862385
bhagalpurkayoutuber,0,0.001834862385,-0.001834862385
bhagalpurvlog,0,0.001834862385,-0.001834862385
bhagavadgita,0,0.001834862385,-0.001834862385
bhagaya,0,0.001834862385,-0.001834862385
bhagwan,0,0.001834862385,-0.001834862385
bhaktisongviralpunjabi,0,0.001834862385,-0.001834862385
bhar,0,0.001834862385,-0.001834862385
bhare,0,0.001834862385,-0.001834862385
bhat,0,0.001834862385,-0.001834862385
bhaut,0,0.001834862385,-0.001834862385
bhavnaon,0,0.001834862385,-0.001834862385
bheja,0,0.001834862385,-0.001834862385
bhojpuri,0.009174311927,0.01100917431,-0.001834862385
bhojpurisong,0,0.001834862385,-0.001834862385
bholebaba,0,0.001834862385,-0.001834862385
bhoolen,0,0.001834862385,-0.001834862385
bhul,0,0.001834862385,-0.001834862385
bhumiglow,0,0.001834862385,-0.001834862385
bickelover,0,0.001834862385,-0.001834862385
biharspecial,0,0.001834862385,-0.001834862385
biharvlogs,0,0.001834862385,-0.001834862385
biharvlogviral,0,0.001834862385,-0.001834862385
bik,0,0.001834862385,-0.001834862385
bikerlife,0,0.001834862385,-0.001834862385
bikers,0,0.001834862385,-0.001834862385
bikes,0,0.001834862385,-0.001834862385
bikevlog,0,0.001834862385,-0.001834862385
bilkul,0.003669724771,0.005504587156,-0.001834862385
bio,0.001834862385,0.003669724771,-0.001834862385
biology,0.003669724771,0.005504587156,-0.001834862385
biriyani,0,0.001834862385,-0.001834862385
birthdaycelebration,0,0.001834862385,-0.001834862385
birthdayoutfit,0,0.001834862385,-0.001834862385
birthdayvlog,0,0.001834862385,-0.001834862385
bjp,0,0.001834862385,-0.001834862385
blackgirlvlog,0,0.001834862385,-0.001834862385
blockmy,0,0.001834862385,-0.001834862385
bloke,0,0.001834862385,-0.001834862385
bloom,0,0.001834862385,-0.001834862385
bnaye,0,0.001834862385,-0.001834862385
boardexampressure,0,0.001834862385,-0.001834862385
boardsvlog,0,0.001834862385,-0.001834862385
bodyfacts,0,0.001834862385,-0.001834862385
bola,0,0.001834862385,-0.001834862385
bolemy,0,0.001834862385,-0.001834862385
bolna,0,0.001834862385,-0.001834862385
bolu,0,0.001834862385,-0.001834862385
booklist,0,0.001834862385,-0.001834862385
boring,0,0.001834862385,-0.001834862385
boss,0,0.001834862385,-0.001834862385
bouquet,0,0.001834862385,-0.001834862385
bpscaedosyllabus,0,0.001834862385,-0.001834862385
bpscexam,0,0.001834862385,-0.001834862385
bpscresult,0,0.001834862385,-0.001834862385
bpscupdates,0,0.001834862385,-0.001834862385
brainhealth,0,0.001834862385,-0.001834862385
brasilphonk,0,0.001834862385,-0.001834862385
bridal,0,0.001834862385,-0.001834862385
bridalmehndi,0,0.001834862385,-0.001834862385
brighten,0,0.001834862385,-0.001834862385
bscstudentlife,0,0.001834862385,-0.001834862385
bscstudyroutine,0,0.001834862385,-0.001834862385
bscstudyvlog,0,0.001834862385,-0.001834862385
bst,0,0.001834862385,-0.001834862385
bts,0.007339449541,0.009174311927,-0.001834862385
budding,0,0.001834862385,-0.001834862385
buddy,0,0.001834862385,-0.001834862385
budgetshopping,0,0.001834862385,-0.001834862385
budgettravel,0,0.001834862385,-0.001834862385
builds,0.001834862385,0.003669724771,-0.001834862385
bujhsoi,0,0.001834862385,-0.001834862385
bulking,0,0.001834862385,-0.001834862385
bundle,0,0.001834862385,-0.001834862385
bustling,0,0.001834862385,-0.001834862385
cab,0,0.001834862385,-0.001834862385
caf,0.001834862385,0.003669724771,-0.001834862385
calligraphy,0,0.001834862385,-0.001834862385
callofduty,0,0.001834862385,-0.001834862385
calmlife,0,0.001834862385,-0.001834862385
camaraderie,0,0.001834862385,-0.001834862385
cameraman,0,0.001834862385,-0.001834862385
camere,0,0.001834862385,-0.001834862385
camman,0,0.001834862385,-0.001834862385
canadadiaries,0,0.001834862385,-0.001834862385
canadianstyle,0,0.001834862385,-0.001834862385
candid,0,0.001834862385,-0.001834862385
candidphotograph,0,0.001834862385,-0.001834862385
cap,0,0.001834862385,-0.001834862385
capability,0,0.001834862385,-0.001834862385
capital,0,0.001834862385,-0.001834862385
cara,0,0.001834862385,-0.001834862385
carlover,0,0.001834862385,-0.001834862385
carry,0,0.001834862385,-0.001834862385
carscollaction,0,0.001834862385,-0.001834862385
carvlog,0,0.001834862385,-0.001834862385
casuallook,0,0.001834862385,-0.001834862385
catch,0.001834862385,0.003669724771,-0.001834862385
cbseclass,0.003669724771,0.005504587156,-0.001834862385
cbsenotes,0,0.001834862385,-0.001834862385
ccc,0,0.001834862385,-0.001834862385
celebrity,0,0.001834862385,-0.001834862385
cgwedding,0,0.001834862385,-0.001834862385
chahat,0,0.001834862385,-0.001834862385
chahiye,0.001834862385,0.003669724771,-0.001834862385
chahti,0,0.001834862385,-0.001834862385
chahtu,0,0.001834862385,-0.001834862385
chai,0,0.001834862385,-0.001834862385
chainblock,0,0.001834862385,-0.001834862385
chainpulley,0,0.001834862385,-0.001834862385
chaiye,0,0.001834862385,-0.001834862385
challengeaccepted,0,0.001834862385,-0.001834862385
challengecollegevlog,0,0.001834862385,-0.001834862385
chance,0.001834862385,0.003669724771,-0.001834862385
chandni,0,0.001834862385,-0.001834862385
changed,0.01834862385,0.02018348624,-0.001834862385
channellifestyle,0,0.001834862385,-0.001834862385
charger,0,0.001834862385,-0.001834862385
charte,0,0.001834862385,-0.001834862385
chartered,0,0.001834862385,-0.001834862385
chase,0,0.001834862385,-0.001834862385
chashma,0,0.001834862385,-0.001834862385
chatrapati,0,0.001834862385,-0.001834862385
chatrapatishivajimaharaj,0,0.001834862385,-0.001834862385
chattai,0,0.001834862385,-0.001834862385
cheer,0,0.001834862385,-0.001834862385
cheet,0,0.001834862385,-0.001834862385
cheez,0,0.001834862385,-0.001834862385
cheezein,0,0.001834862385,-0.001834862385
chembur,0,0.001834862385,-0.001834862385
chemistryclass,0,0.001834862385,-0.001834862385
chemistryvlog,0,0.001834862385,-0.001834862385
chesthunnanu,0,0.001834862385,-0.001834862385
chesukundam,0,0.001834862385,-0.001834862385
cheyadaniki,0,0.001834862385,-0.001834862385
cheyandi,0,0.001834862385,-0.001834862385
cheyava,0,0.001834862385,-0.001834862385
chhatrapati,0,0.001834862385,-0.001834862385
chhatrapatishivajimaharaj,0,0.001834862385,-0.001834862385
chhod,0,0.001834862385,-0.001834862385
chhote,0.001834862385,0.003669724771,-0.001834862385
chic,0,0.001834862385,-0.001834862385
chicagolife,0,0.001834862385,-0.001834862385
chillvlog,0,0.001834862385,-0.001834862385
chinafood,0,0.001834862385,-0.001834862385
chinastudy,0,0.001834862385,-0.001834862385
chinesefood,0,0.001834862385,-0.001834862385
chinesestudy,0,0.001834862385,-0.001834862385
chocolates,0,0.001834862385,-0.001834862385
choline,0,0.001834862385,-0.001834862385
chor,0,0.001834862385,-0.001834862385
choti,0,0.001834862385,-0.001834862385
choudhary,0,0.001834862385,-0.001834862385
chowk,0,0.001834862385,-0.001834862385
chulmati,0,0.001834862385,-0.001834862385
chusi,0,0.001834862385,-0.001834862385
citytour,0,0.001834862385,-0.001834862385
civil,0,0.001834862385,-0.001834862385
civilserviceexam,0,0.001834862385,-0.001834862385
civilservices,0,0.001834862385,-0.001834862385
claim,0.001834862385,0.003669724771,-0.001834862385
clarify,0,0.001834862385,-0.001834862385
cleaner,0,0.001834862385,-0.001834862385
cleaningmotivation,0,0.001834862385,-0.001834862385
cleanse,0,0.001834862385,-0.001834862385
cleantok,0,0.001834862385,-0.001834862385
cleanwithme,0,0.001834862385,-0.001834862385
clearsci,0,0.001834862385,-0.001834862385
clening,0,0.001834862385,-0.001834862385
clickers,0,0.001834862385,-0.001834862385
cmastudent,0,0.001834862385,-0.001834862385
collaborationshoot,0,0.001834862385,-0.001834862385
collagedays,0,0.001834862385,-0.001834862385
collagelife,0,0.001834862385,-0.001834862385
collegegirl,0,0.001834862385,-0.001834862385
collegeminivlog,0,0.001834862385,-0.001834862385
colleqelife,0,0.001834862385,-0.001834862385
combination,0,0.001834862385,-0.001834862385
combo,0,0.001834862385,-0.001834862385
comfortfood,0,0.001834862385,-0.001834862385
commentary,0,0.001834862385,-0.001834862385
committed,0,0.001834862385,-0.001834862385
communicate,0,0.001834862385,-0.001834862385
comparison,0,0.001834862385,-0.001834862385
compound,0,0.001834862385,-0.001834862385
compromising,0,0.001834862385,-0.001834862385
concentration,0,0.001834862385,-0.001834862385
concert,0,0.001834862385,-0.001834862385
conditions,0,0.001834862385,-0.001834862385
confident,0,0.001834862385,-0.001834862385
congrats,0,0.001834862385,-0.001834862385
connections,0,0.001834862385,-0.001834862385
consistencyvlog,0,0.001834862385,-0.001834862385
constable,0,0.001834862385,-0.001834862385
constantly,0,0.001834862385,-0.001834862385
contain,0,0.001834862385,-0.001834862385
contentcreatorindia,0,0.001834862385,-0.001834862385
contentwarning,0,0.001834862385,-0.001834862385
contentwarninggame,0,0.001834862385,-0.001834862385
contentwarninggameplay,0,0.001834862385,-0.001834862385
continues,0,0.001834862385,-0.001834862385
conversation,0,0.001834862385,-0.001834862385
convince,0,0.001834862385,-0.001834862385
cookbooks,0,0.001834862385,-0.001834862385
cookie,0,0.001834862385,-0.001834862385
copyevaluation,0,0.001834862385,-0.001834862385
counter,0,0.001834862385,-0.001834862385
counts,0,0.001834862385,-0.001834862385
couplegaming,0,0.001834862385,-0.001834862385
courage,0,0.001834862385,-0.001834862385
courses,0,0.001834862385,-0.001834862385
coversong,0,0.001834862385,-0.001834862385
coworker,0,0.001834862385,-0.001834862385
cozydesk,0,0.001834862385,-0.001834862385
cozystudy,0.001834862385,0.003669724771,-0.001834862385
cozyvibes,0.001834862385,0.003669724771,-0.001834862385
cracked,0,0.001834862385,-0.001834862385
crafted,0,0.001834862385,-0.001834862385
cramming,0,0.001834862385,-0.001834862385
crane,0,0.001834862385,-0.001834862385
crazylifewithdeba,0,0.001834862385,-0.001834862385
crazyvlog,0,0.001834862385,-0.001834862385
creadordecontenido,0,0.001834862385,-0.001834862385
creater,0,0.001834862385,-0.001834862385
creating,0.001834862385,0.003669724771,-0.001834862385
creativecontentcreator,0,0.001834862385,-0.001834862385
creativehenna,0,0.001834862385,-0.001834862385
creatorli,0,0.001834862385,-0.001834862385
crieter,0,0.001834862385,-0.001834862385
crore,0,0.001834862385,-0.001834862385
crossing,0,0.001834862385,-0.001834862385
csatprep,0,0.001834862385,-0.001834862385
cse,0,0.001834862385,-0.001834862385
cuetaspirant,0,0.001834862385,-0.001834862385
cuetenglish,0,0.001834862385,-0.001834862385
cuetgeneraltest,0,0.001834862385,-0.001834862385
cuetgirl,0,0.001834862385,-0.001834862385
cuetmaths,0,0.001834862385,-0.001834862385
cuetpreparation,0,0.001834862385,-0.001834862385
cuettips,0,0.001834862385,-0.001834862385
cultural,0,0.001834862385,-0.001834862385
curious,0.001834862385,0.003669724771,-0.001834862385
curvy,0,0.001834862385,-0.001834862385
custom,0,0.001834862385,-0.001834862385
customised,0,0.001834862385,-0.001834862385
customize,0,0.001834862385,-0.001834862385
cuteness,0,0.001834862385,-0.001834862385
cuteoutfits,0,0.001834862385,-0.001834862385
cutestationery,0,0.001834862385,-0.001834862385
cuties,0,0.001834862385,-0.001834862385
cutoff,0,0.001834862385,-0.001834862385
cycle,0.001834862385,0.003669724771,-0.001834862385
daal,0,0.001834862385,-0.001834862385
daba,0,0.001834862385,-0.001834862385
dabana,0,0.001834862385,-0.001834862385
dailuroutine,0,0.001834862385,-0.001834862385
dailycleaningroutine,0,0.001834862385,-0.001834862385
dailyfacts,0,0.001834862385,-0.001834862385
dailyminivlogs,0,0.001834862385,-0.001834862385
dailyroutinevlogs,0,0.001834862385,-0.001834862385
dailyshorts,0.009174311927,0.01100917431,-0.001834862385
dailystudentroutine,0,0.001834862385,-0.001834862385
dailystudy,0.001834862385,0.003669724771,-0.001834862385
dailystudyroutine,0,0.001834862385,-0.001834862385
dailystudyvlog,0,0.001834862385,-0.001834862385
dailystudyvlogs,0,0.001834862385,-0.001834862385
dailytodofail,0,0.001834862385,-0.001834862385
dailyvibes,0,0.001834862385,-0.001834862385
dailyvideoblog,0,0.001834862385,-0.001834862385
dailyvlogindia,0,0.001834862385,-0.001834862385
dailyvlogupsc,0,0.001834862385,-0.001834862385
dalam,0,0.001834862385,-0.001834862385
daliy,0,0.001834862385,-0.001834862385
dalti,0,0.001834862385,-0.001834862385
dalunga,0,0.001834862385,-0.001834862385
dancecover,0,0.001834862385,-0.001834862385
dancevideo,0,0.001834862385,-0.001834862385
darjeelingand,0,0.001834862385,-0.001834862385
darjeelingandgangtok,0,0.001834862385,-0.001834862385
darjeelingandgangtoktour,0,0.001834862385,-0.001834862385
darjeelingandgangtoktourpackages,0,0.001834862385,-0.001834862385
darjeelingandgangtoktourplan,0,0.001834862385,-0.001834862385
darjeelingandkalimpongtour,0,0.001834862385,-0.001834862385
darjeelingandkalimpongtourpackage,0,0.001834862385,-0.001834862385
darjeelingandnepalborder,0,0.001834862385,-0.001834862385
darjeelingandoffbeattourplan,0,0.001834862385,-0.001834862385
darjeelingandsikkim,0,0.001834862385,-0.001834862385
darjeelingandsikkimhimalayas,0,0.001834862385,-0.001834862385
darjeelingandsikkimtour,0,0.001834862385,-0.001834862385
darjeelingandsikkimtourpackage,0,0.001834862385,-0.001834862385
darjeelingandsikkimtourplan,0,0.001834862385,-0.001834862385
darjeelingandsittongtour,0,0.001834862385,-0.001834862385
darjeelingtoytrain,0,0.001834862385,-0.001834862385
dark,0.003669724771,0.005504587156,-0.001834862385
dashara,0,0.001834862385,-0.001834862385
datta,0,0.001834862385,-0.001834862385
dattaguru,0,0.001834862385,-0.001834862385
dattajayanti,0,0.001834862385,-0.001834862385
dattatreya,0,0.001834862385,-0.001834862385
dav,0,0.001834862385,-0.001834862385
davs,0,0.001834862385,-0.001834862385
dayinlifeupsc,0,0.001834862385,-0.001834862385
dayinthelifeofupsc,0,0.001834862385,-0.001834862385
dayinthelifevlog,0,0.001834862385,-0.001834862385
dayoutfit,0,0.001834862385,-0.001834862385
dayoutvlog,0,0.001834862385,-0.001834862385
dayschallange,0,0.001834862385,-0.001834862385
deal,0,0.001834862385,-0.001834862385
decide,0.001834862385,0.003669724771,-0.001834862385
deepfocus,0,0.001834862385,-0.001834862385
degreecollege,0,0.001834862385,-0.001834862385
dehradun,0,0.001834862385,-0.001834862385
dekh,0.001834862385,0.003669724771,-0.001834862385
dekha,0,0.001834862385,-0.001834862385
dekhein,0,0.001834862385,-0.001834862385
deleted,0,0.001834862385,-0.001834862385
delhidiaries,0,0.001834862385,-0.001834862385
delhifood,0,0.001834862385,-0.001834862385
delhifoodie,0,0.001834862385,-0.001834862385
delhiwinters,0,0.001834862385,-0.001834862385
delicate,0,0.001834862385,-0.001834862385
delivering,0,0.001834862385,-0.001834862385
delyvlogs,0,0.001834862385,-0.001834862385
dem,0.001834862385,0.003669724771,-0.001834862385
demand,0,0.001834862385,-0.001834862385
dene,0,0.001834862385,-0.001834862385
depan,0,0.001834862385,-0.001834862385
desha,0,0.001834862385,-0.001834862385
desigirljounrey,0,0.001834862385,-0.001834862385
desigirlvlog,0,0.001834862385,-0.001834862385
designed,0.001834862385,0.003669724771,-0.001834862385
desikhana,0,0.001834862385,-0.001834862385
desistudentvlog,0,0.001834862385,-0.001834862385
deskdecor,0,0.001834862385,-0.001834862385
deskorganization,0,0.001834862385,-0.001834862385
destek,0,0.001834862385,-0.001834862385
destinationshoot,0,0.001834862385,-0.001834862385
deta,0.001834862385,0.003669724771,-0.001834862385
detailed,0,0.001834862385,-0.001834862385
developer,0,0.001834862385,-0.001834862385
devils,0,0.001834862385,-0.001834862385
devokedevmahadev,0,0.001834862385,-0.001834862385
dewansh,0,0.001834862385,-0.001834862385
dhakad,0,0.001834862385,-0.001834862385
dhankawadi,0,0.001834862385,-0.001834862385
dharm,0,0.001834862385,-0.001834862385
dhokla,0,0.001834862385,-0.001834862385
dia,0,0.001834862385,-0.001834862385
diamondart,0,0.001834862385,-0.001834862385
diamondpainting,0,0.001834862385,-0.001834862385
diamondpaintingasmr,0,0.001834862385,-0.001834862385
diarrhea,0,0.001834862385,-0.001834862385
dicipline,0,0.001834862385,-0.001834862385
didyouknow,0,0.001834862385,-0.001834862385
dietmatters,0,0.001834862385,-0.001834862385
digraj,0,0.001834862385,-0.001834862385
dikhaye,0,0.001834862385,-0.001834862385
dillifoodies,0,0.001834862385,-0.001834862385
dimplemalhanvlogs,0,0.001834862385,-0.001834862385
dindoripranitsevamarg,0,0.001834862385,-0.001834862385
dino,0.001834862385,0.003669724771,-0.001834862385
directtaxrevision,0,0.001834862385,-0.001834862385
disaster,0,0.001834862385,-0.001834862385
disciplined,0.001834862385,0.003669724771,-0.001834862385
discovery,0,0.001834862385,-0.001834862385
discrimination,0,0.001834862385,-0.001834862385
dishu,0,0.001834862385,-0.001834862385
distribute,0,0.001834862385,-0.001834862385
distribution,0,0.001834862385,-0.001834862385
divakar,0,0.001834862385,-0.001834862385
divakardance,0,0.001834862385,-0.001834862385
diving,0,0.001834862385,-0.001834862385
divyakirti,0,0.001834862385,-0.001834862385
divyanshi,0,0.001834862385,-0.001834862385
dobal,0,0.001834862385,-0.001834862385
documentingmylife,0,0.001834862385,-0.001834862385
doggy,0,0.001834862385,-0.001834862385
doinn,0,0.001834862385,-0.001834862385
doityourself,0,0.001834862385,-0.001834862385
domba,0,0.001834862385,-0.001834862385
dominatind,0,0.001834862385,-0.001834862385
donald,0,0.001834862385,-0.001834862385
donationalerts,0,0.001834862385,-0.001834862385
dontflop,0,0.001834862385,-0.001834862385
dontquit,0,0.001834862385,-0.001834862385
doong,0,0.001834862385,-0.001834862385
doosre,0,0.001834862385,-0.001834862385
doston,0.007339449541,0.009174311927,-0.001834862385
doubles,0,0.001834862385,-0.001834862385
dpps,0,0.001834862385,-0.001834862385
dpxplayz,0,0.001834862385,-0.001834862385
drama,0.009174311927,0.01100917431,-0.001834862385
dreamcometrue,0,0.001834862385,-0.001834862385
dreamed,0,0.001834862385,-0.001834862385
dreamland,0,0.001834862385,-0.001834862385
dreamtrackai,0,0.001834862385,-0.001834862385
dreamwork,0,0.001834862385,-0.001834862385
dreamy,0,0.001834862385,-0.001834862385
drying,0,0.001834862385,-0.001834862385
dti,0,0.001834862385,-0.001834862385
dubbing,0,0.001834862385,-0.001834862385
dulhan,0,0.001834862385,-0.001834862385
duo,0,0.001834862385,-0.001834862385
duty,0.001834862385,0.003669724771,-0.001834862385
duzenleyecegimm,0,0.001834862385,-0.001834862385
dynamics,0,0.001834862385,-0.001834862385
earlymorningroutine,0,0.001834862385,-0.001834862385
earlymorningstudy,0,0.001834862385,-0.001834862385
easier,0,0.001834862385,-0.001834862385
easily,0,0.001834862385,-0.001834862385
eastcoast,0,0.001834862385,-0.001834862385
easymehndi,0,0.001834862385,-0.001834862385
easymehndidesign,0,0.001834862385,-0.001834862385
eatingwell,0,0.001834862385,-0.001834862385
eatsmarter,0,0.001834862385,-0.001834862385
ebike,0,0.001834862385,-0.001834862385
edisi,0,0.001834862385,-0.001834862385
edited,0.001834862385,0.003669724771,-0.001834862385
editin,0,0.001834862385,-0.001834862385
edugudham,0,0.001834862385,-0.001834862385
effortlessly,0,0.001834862385,-0.001834862385
ekdomi,0,0.001834862385,-0.001834862385
ekdum,0,0.001834862385,-0.001834862385
ekta,0,0.001834862385,-0.001834862385
ektao,0,0.001834862385,-0.001834862385
elbaf,0,0.001834862385,-0.001834862385
elbaph,0,0.001834862385,-0.001834862385
electrichoist,0,0.001834862385,-0.001834862385
elements,0,0.001834862385,-0.001834862385
elonins,0,0.001834862385,-0.001834862385
emblem,0,0.001834862385,-0.001834862385
emon,0,0.001834862385,-0.001834862385
energetic,0,0.001834862385,-0.001834862385
engaging,0.003669724771,0.005504587156,-0.001834862385
engineer,0,0.001834862385,-0.001834862385
england,0,0.001834862385,-0.001834862385
enhance,0,0.001834862385,-0.001834862385
enquiry,0,0.001834862385,-0.001834862385
entertainmentvideo,0,0.001834862385,-0.001834862385
epicplays,0,0.001834862385,-0.001834862385
equation,0,0.001834862385,-0.001834862385
esports,0.001834862385,0.003669724771,-0.001834862385
essentials,0,0.001834862385,-0.001834862385
evaru,0,0.001834862385,-0.001834862385
eveningvlog,0,0.001834862385,-0.001834862385
eventshoot,0,0.001834862385,-0.001834862385
eventshoots,0,0.001834862385,-0.001834862385
everydaylook,0,0.001834862385,-0.001834862385
everythingieatinaday,0,0.001834862385,-0.001834862385
everyviewmatters,0,0.001834862385,-0.001834862385
examsarecoming,0,0.001834862385,-0.001834862385
examstress,0,0.001834862385,-0.001834862385
examtime,0,0.001834862385,-0.001834862385
excuses,0,0.001834862385,-0.001834862385
exfoliates,0,0.001834862385,-0.001834862385
expected,0,0.001834862385,-0.001834862385
explaining,0,0.001834862385,-0.001834862385
exploreshorts,0,0.001834862385,-0.001834862385
explorevlog,0,0.001834862385,-0.001834862385
exploring,0.009174311927,0.01100917431,-0.001834862385
eyeart,0,0.001834862385,-0.001834862385
facelesscooking,0,0.001834862385,-0.001834862385
fade,0,0.001834862385,-0.001834862385
fails,0,0.001834862385,-0.001834862385
fam,0,0.001834862385,-0.001834862385
familytrip,0,0.001834862385,-0.001834862385
farmers,0,0.001834862385,-0.001834862385
farminglife,0,0.001834862385,-0.001834862385
farmlife,0,0.001834862385,-0.001834862385
farmvlog,0,0.001834862385,-0.001834862385
farq,0,0.001834862385,-0.001834862385
fashionblogger,0,0.001834862385,-0.001834862385
fashionvlog,0,0.001834862385,-0.001834862385
favnaina,0,0.001834862385,-0.001834862385
favorite,0.007339449541,0.009174311927,-0.001834862385
fecebook,0,0.001834862385,-0.001834862385
feet,0.003669724771,0.005504587156,-0.001834862385
female,0,0.001834862385,-0.001834862385
ferrero,0,0.001834862385,-0.001834862385
festivalmehndi,0,0.001834862385,-0.001834862385
fetduas,0,0.001834862385,-0.001834862385
feted,0.003669724771,0.005504587156,-0.001834862385
fictional,0,0.001834862385,-0.001834862385
figure,0,0.001834862385,-0.001834862385
figuring,0,0.001834862385,-0.001834862385
fill,0,0.001834862385,-0.001834862385
filmedbylivvv,0,0.001834862385,-0.001834862385
finish,0.001834862385,0.003669724771,-0.001834862385
firstshort,0,0.001834862385,-0.001834862385
firsttime,0,0.001834862385,-0.001834862385
firstvedio,0,0.001834862385,-0.001834862385
firstvlogbaby,0,0.001834862385,-0.001834862385
firstvlogcamera,0,0.001834862385,-0.001834862385
firstvlogcommingsoon,0,0.001834862385,-0.001834862385
firstvlogentrycomplete,0,0.001834862385,-0.001834862385
firstvlogmas,0,0.001834862385,-0.001834862385
firstvlogs,0,0.001834862385,-0.001834862385
firstvlogtoday,0,0.001834862385,-0.001834862385
firstvloguptomorrow,0,0.001834862385,-0.001834862385
firstvlogvideo,0,0.001834862385,-0.001834862385
firstvlogviral,0,0.001834862385,-0.001834862385
fishes,0,0.001834862385,-0.001834862385
flats,0,0.001834862385,-0.001834862385
flexible,0,0.001834862385,-0.001834862385
flourishwithash,0,0.001834862385,-0.001834862385
flute,0,0.001834862385,-0.001834862385
foaming,0,0.001834862385,-0.001834862385
focusstudy,0,0.001834862385,-0.001834862385
focustime,0,0.001834862385,-0.001834862385
followforfollowback,0.001834862385,0.003669724771,-0.001834862385
following,0,0.001834862385,-0.001834862385
foodblogger,0,0.001834862385,-0.001834862385
foodchallenge,0,0.001834862385,-0.001834862385
foodchannel,0,0.001834862385,-0.001834862385
foodforfoodies,0,0.001834862385,-0.001834862385
foodlover,0.001834862385,0.003669724771,-0.001834862385
footmehndi,0,0.001834862385,-0.001834862385
foreyou,0,0.001834862385,-0.001834862385
forklift,0,0.001834862385,-0.001834862385
forkliftoperator,0,0.001834862385,-0.001834862385
fort,0,0.001834862385,-0.001834862385
forts,0,0.001834862385,-0.001834862385
foryou,0.02568807339,0.02752293578,-0.001834862385
foundation,0,0.001834862385,-0.001834862385
fpy,0,0.001834862385,-0.001834862385
freeediting,0,0.001834862385,-0.001834862385
frosty,0,0.001834862385,-0.001834862385
fulfilling,0,0.001834862385,-0.001834862385
funlife,0,0.001834862385,-0.001834862385
funnyindia,0,0.001834862385,-0.001834862385
funnymoments,0.003669724771,0.005504587156,-0.001834862385
funnystudymoments,0,0.001834862385,-0.001834862385
funphotoshoot,0,0.001834862385,-0.001834862385
future,0.009174311927,0.01100917431,-0.001834862385
fypmalayalam,0,0.001834862385,-0.001834862385
fypp,0,0.001834862385,-0.001834862385
gabut,0,0.001834862385,-0.001834862385
gadkille,0,0.001834862385,-0.001834862385
gaganpratapmaths,0,0.001834862385,-0.001834862385
gai,0,0.001834862385,-0.001834862385
gainanda,0,0.001834862385,-0.001834862385
gajanan,0,0.001834862385,-0.001834862385
gajananmaharaj,0,0.001834862385,-0.001834862385
gak,0,0.001834862385,-0.001834862385
galat,0,0.001834862385,-0.001834862385
gameclips,0,0.001834862385,-0.001834862385
gamerlife,0,0.001834862385,-0.001834862385
gamersofindia,0,0.001834862385,-0.001834862385
gamerz,0,0.001834862385,-0.001834862385
gamingcouple,0,0.001834862385,-0.001834862385
gaminglive,0,0.001834862385,-0.001834862385
gamingreels,0,0.001834862385,-0.001834862385
gamingshorts,0.001834862385,0.003669724771,-0.001834862385
gamingvideos,0,0.001834862385,-0.001834862385
ganne,0,0.001834862385,-0.001834862385
gaonkamousam,0,0.001834862385,-0.001834862385
garam,0,0.001834862385,-0.001834862385
garden,0,0.001834862385,-0.001834862385
garry,0,0.001834862385,-0.001834862385
gaurangs,0,0.001834862385,-0.001834862385
gautam,0,0.001834862385,-0.001834862385
gave,0,0.001834862385,-0.001834862385
gayi,0.001834862385,0.003669724771,-0.001834862385
gelecekk,0,0.001834862385,-0.001834862385
gelle,0,0.001834862385,-0.001834862385
gemini,0,0.001834862385,-0.001834862385
gentle,0,0.001834862385,-0.001834862385
gently,0,0.001834862385,-0.001834862385
genuinely,0.001834862385,0.003669724771,-0.001834862385
geography,0,0.001834862385,-0.001834862385
geridondum,0,0.001834862385,-0.001834862385
gets,0,0.001834862385,-0.001834862385
ghante,0,0.001834862385,-0.001834862385
gharkiroutine,0,0.001834862385,-0.001834862385
ghatnayein,0,0.001834862385,-0.001834862385
girigosavi,0,0.001834862385,-0.001834862385
girlroutine,0,0.001834862385,-0.001834862385
girlyaesthetic,0,0.001834862385,-0.001834862385
girnar,0,0.001834862385,-0.001834862385
giveaways,0,0.001834862385,-0.001834862385
glass,0.001834862385,0.003669724771,-0.001834862385
glassskin,0,0.001834862385,-0.001834862385
glowing,0,0.001834862385,-0.001834862385
glycolicacid,0,0.001834862385,-0.001834862385
goalgetter,0,0.001834862385,-0.001834862385
goatfarm,0,0.001834862385,-0.001834862385
godstatus,0,0.001834862385,-0.001834862385
golden,0,0.001834862385,-0.001834862385
gonna,0,0.001834862385,-0.001834862385
goodmorning,0.001834862385,0.003669724771,-0.001834862385
gorgeous,0,0.001834862385,-0.001834862385
gotta,0,0.001834862385,-0.001834862385
goviral,0.001834862385,0.003669724771,-0.001834862385
grab,0,0.001834862385,-0.001834862385
gratis,0,0.001834862385,-0.001834862385
great,0,0.001834862385,-0.001834862385
greatly,0,0.001834862385,-0.001834862385
grindneverstops,0,0.001834862385,-0.001834862385
grinds,0,0.001834862385,-0.001834862385
grouptravel,0,0.001834862385,-0.001834862385
growingyoutuber,0,0.001834862385,-0.001834862385
growthaudio,0,0.001834862385,-0.001834862385
grwmhindi,0,0.001834862385,-0.001834862385
grwmindia,0,0.001834862385,-0.001834862385
grwmoutfit,0,0.001834862385,-0.001834862385
grwn,0,0.001834862385,-0.001834862385
gufranup,0,0.001834862385,-0.001834862385
guidexmode,0,0.001834862385,-0.001834862385
gujarati,0.001834862385,0.003669724771,-0.001834862385
gulimata,0,0.001834862385,-0.001834862385
gurthuvachai,0,0.001834862385,-0.001834862385
gurucharitra,0,0.001834862385,-0.001834862385
gurudev,0,0.001834862385,-0.001834862385
gurudevdatta,0,0.001834862385,-0.001834862385
guyes,0,0.001834862385,-0.001834862385
guyss,0,0.001834862385,-0.001834862385
guyzzz,0,0.001834862385,-0.001834862385
gyeongtaegidong,0,0.001834862385,-0.001834862385
gymmotivation,0,0.001834862385,-0.001834862385
gymvlog,0,0.001834862385,-0.001834862385
haat,0,0.001834862385,-0.001834862385
habits,0.0128440367,0.01467889908,-0.001834862385
hain,0.03669724771,0.03853211009,-0.001834862385
haircare,0,0.001834862385,-0.001834862385
hairclips,0,0.001834862385,-0.001834862385
hairstyle,0,0.001834862385,-0.001834862385
haldermilan,0,0.001834862385,-0.001834862385
half,0.003669724771,0.005504587156,-0.001834862385
halifax,0,0.001834862385,-0.001834862385
halsidhnath,0,0.001834862385,-0.001834862385
halsidhnathmaharaj,0,0.001834862385,-0.001834862385
hamar,0,0.001834862385,-0.001834862385
hamara,0.001834862385,0.003669724771,-0.001834862385
hanumanasana,0,0.001834862385,-0.001834862385
hanumanchalisa,0,0.001834862385,-0.001834862385
hanumangarh,0,0.001834862385,-0.001834862385
hanumantemple,0,0.001834862385,-0.001834862385
happyshopping,0,0.001834862385,-0.001834862385
hargarakmurah,0,0.001834862385,-0.001834862385
harm,0,0.001834862385,-0.001834862385
hasenge,0,0.001834862385,-0.001834862385
hashtag,0,0.001834862385,-0.001834862385
hashtags,0.009174311927,0.01100917431,-0.001834862385
hataye,0,0.001834862385,-0.001834862385
hate,0.001834862385,0.003669724771,-0.001834862385
haven,0,0.001834862385,-0.001834862385
hazirlik,0,0.001834862385,-0.001834862385
headshot,0,0.001834862385,-0.001834862385
headshotking,0,0.001834862385,-0.001834862385
headshots,0,0.001834862385,-0.001834862385
healing,0,0.001834862385,-0.001834862385
health,0.005504587156,0.007339449541,-0.001834862385
healthfacts,0,0.001834862385,-0.001834862385
healthydrink,0,0.001834862385,-0.001834862385
healthyhabits,0,0.001834862385,-0.001834862385
healthylifestyle,0.001834862385,0.003669724771,-0.001834862385
heero,0,0.001834862385,-0.001834862385
helpmegrow,0,0.001834862385,-0.001834862385
hennadesign,0.001834862385,0.003669724771,-0.001834862385
hennatatto,0,0.001834862385,-0.001834862385
hennatattoodesign,0,0.001834862385,-0.001834862385
hero,0,0.001834862385,-0.001834862385
heroxtreme,0,0.001834862385,-0.001834862385
hewanlucu,0,0.001834862385,-0.001834862385
hewanpeliharaan,0,0.001834862385,-0.001834862385
heyy,0,0.001834862385,-0.001834862385
hichki,0,0.001834862385,-0.001834862385
hidupku,0,0.001834862385,-0.001834862385
hiii,0,0.001834862385,-0.001834862385
hill,0,0.001834862385,-0.001834862385
hillstation,0,0.001834862385,-0.001834862385
hindicomedy,0,0.001834862385,-0.001834862385
hindicontent,0,0.001834862385,-0.001834862385
hindigaming,0,0.001834862385,-0.001834862385
hindikomedy,0,0.001834862385,-0.001834862385
hindimy,0,0.001834862385,-0.001834862385
hindustan,0,0.001834862385,-0.001834862385
hindutemple,0,0.001834862385,-0.001834862385
hiphop,0,0.001834862385,-0.001834862385
hissar,0,0.001834862385,-0.001834862385
historyfacts,0,0.001834862385,-0.001834862385
hobei,0,0.001834862385,-0.001834862385
hogaye,0,0.001834862385,-0.001834862385
hoise,0,0.001834862385,-0.001834862385
hoist,0,0.001834862385,-0.001834862385
holiday,0,0.001834862385,-0.001834862385
homedecor,0,0.001834862385,-0.001834862385
homeroutine,0,0.001834862385,-0.001834862385
homestead,0,0.001834862385,-0.001834862385
homesteading,0,0.001834862385,-0.001834862385
homevlogindia,0,0.001834862385,-0.001834862385
homework,0.001834862385,0.003669724771,-0.001834862385
honestly,0,0.001834862385,-0.001834862385
honeststudentlife,0,0.001834862385,-0.001834862385
horrorgaming,0,0.001834862385,-0.001834862385
hostel,0.001834862385,0.003669724771,-0.001834862385
hotnessoverloaded,0,0.001834862385,-0.001834862385
hourschallenge,0,0.001834862385,-0.001834862385
hoursstudy,0,0.001834862385,-0.001834862385
housewifehomelife,0,0.001834862385,-0.001834862385
housewifelife,0.001834862385,0.003669724771,-0.001834862385
housewifelifedailyvlog,0,0.001834862385,-0.001834862385
housewifevlog,0,0.001834862385,-0.001834862385
housework,0,0.001834862385,-0.001834862385
howstudentsreallystudy,0,0.001834862385,-0.001834862385
hoyegi,0,0.001834862385,-0.001834862385
hoyni,0,0.001834862385,-0.001834862385
huawei,0,0.001834862385,-0.001834862385
hue,0.001834862385,0.003669724771,-0.001834862385
hulk,0,0.001834862385,-0.001834862385
humanbody,0,0.001834862385,-0.001834862385
humara,0,0.001834862385,-0.001834862385
hume,0,0.001834862385,-0.001834862385
hun,0,0.001834862385,-0.001834862385
hunter,0,0.001834862385,-0.001834862385
hustles,0,0.001834862385,-0.001834862385
hydrate,0,0.001834862385,-0.001834862385
hydrated,0,0.001834862385,-0.001834862385
hype,0,0.001834862385,-0.001834862385
hypothesis,0,0.001834862385,-0.001834862385
iam,0,0.001834862385,-0.001834862385
iasaspirants,0,0.001834862385,-0.001834862385
iasmotivationalvideo,0,0.001834862385,-0.001834862385
iaspcsdiaries,0,0.001834862385,-0.001834862385
iasresult,0,0.001834862385,-0.001834862385
ibu,0,0.001834862385,-0.001834862385
ibuhamillucu,0,0.001834862385,-0.001834862385
icechallenge,0,0.001834862385,-0.001834862385
icmai,0,0.001834862385,-0.001834862385
icse,0,0.001834862385,-0.001834862385
identity,0,0.001834862385,-0.001834862385
ied,0,0.001834862385,-0.001834862385
imagine,0.001834862385,0.003669724771,-0.001834862385
impact,0,0.001834862385,-0.001834862385
imperfect,0,0.001834862385,-0.001834862385
importantly,0,0.001834862385,-0.001834862385
impress,0,0.001834862385,-0.001834862385
impressed,0,0.001834862385,-0.001834862385
improving,0.001834862385,0.003669724771,-0.001834862385
include,0,0.001834862385,-0.001834862385
incometax,0,0.001834862385,-0.001834862385
incorporated,0,0.001834862385,-0.001834862385
ind,0,0.001834862385,-0.001834862385
independence,0,0.001834862385,-0.001834862385
indiadiaries,0,0.001834862385,-0.001834862385
indiancomedy,0,0.001834862385,-0.001834862385
indiancreatormy,0,0.001834862385,-0.001834862385
indiandailylife,0,0.001834862385,-0.001834862385
indianfarmer,0,0.001834862385,-0.001834862385
indianmehndi,0,0.001834862385,-0.001834862385
indianmomlife,0,0.001834862385,-0.001834862385
indianshorts,0,0.001834862385,-0.001834862385
indianstudentcmainter,0,0.001834862385,-0.001834862385
indianstudentlife,0,0.001834862385,-0.001834862385
indiantourism,0,0.001834862385,-0.001834862385
indianvillage,0,0.001834862385,-0.001834862385
indianyoutubervlog,0,0.001834862385,-0.001834862385
indiashorts,0,0.001834862385,-0.001834862385
indiatravel,0,0.001834862385,-0.001834862385
indiatrip,0,0.001834862385,-0.001834862385
indiavlogvideodaily,0,0.001834862385,-0.001834862385
indiayoutuber,0,0.001834862385,-0.001834862385
indonesia,0.005504587156,0.007339449541,-0.001834862385
influencer,0,0.001834862385,-0.001834862385
information,0.001834862385,0.003669724771,-0.001834862385
informs,0,0.001834862385,-0.001834862385
infused,0,0.001834862385,-0.001834862385
inggris,0,0.001834862385,-0.001834862385
insane,0,0.001834862385,-0.001834862385
instacreators,0,0.001834862385,-0.001834862385
installation,0,0.001834862385,-0.001834862385
instant,0,0.001834862385,-0.001834862385
intentions,0,0.001834862385,-0.001834862385
intern,0,0.001834862385,-0.001834862385
international,0,0.001834862385,-0.001834862385
internationalstudent,0,0.001834862385,-0.001834862385
internet,0,0.001834862385,-0.001834862385
intramurals,0,0.001834862385,-0.001834862385
inverterhoist,0,0.001834862385,-0.001834862385
inviting,0,0.001834862385,-0.001834862385
ipl,0.001834862385,0.003669724771,-0.001834862385
irmalomboky,0,0.001834862385,-0.001834862385
irmydw,0,0.001834862385,-0.001834862385
isi,0,0.001834862385,-0.001834862385
iska,0,0.001834862385,-0.001834862385
islamiccreater,0,0.001834862385,-0.001834862385
isnt,0,0.001834862385,-0.001834862385
item,0,0.001834862385,-0.001834862385
itsjojo,0,0.001834862385,-0.001834862385
itslachlanturnbull,0,0.001834862385,-0.001834862385
itzy,0,0.001834862385,-0.001834862385
itzycrazyinlove,0,0.001834862385,-0.001834862385
itzymidzy,0,0.001834862385,-0.001834862385
jaag,0,0.001834862385,-0.001834862385
jaaungi,0,0.001834862385,-0.001834862385
jabalpur,0,0.001834862385,-0.001834862385
jac,0,0.001834862385,-0.001834862385
jaha,0,0.001834862385,-0.001834862385
jaibajrangbali,0,0.001834862385,-0.001834862385
jaihanuman,0,0.001834862385,-0.001834862385
jaikslyf,0,0.001834862385,-0.001834862385
jaiksvlog,0,0.001834862385,-0.001834862385
jaimatadi,0,0.001834862385,-0.001834862385
jaise,0,0.001834862385,-0.001834862385
jaishankar,0,0.001834862385,-0.001834862385
jaisiyaram,0,0.001834862385,-0.001834862385
jakarta,0,0.001834862385,-0.001834862385
jake,0,0.001834862385,-0.001834862385
jal,0,0.001834862385,-0.001834862385
jaldi,0.001834862385,0.003669724771,-0.001834862385
jamthra,0,0.001834862385,-0.001834862385
janna,0,0.001834862385,-0.001834862385
jao,0,0.001834862385,-0.001834862385
jati,0,0.001834862385,-0.001834862385
jaymaharashtra,0,0.001834862385,-0.001834862385
jayshivray,0,0.001834862385,-0.001834862385
jazz,0,0.001834862385,-0.001834862385
jeegirl,0,0.001834862385,-0.001834862385
jeeta,0,0.001834862385,-0.001834862385
jeevan,0,0.001834862385,-0.001834862385
jei,0,0.001834862385,-0.001834862385
jennie,0,0.001834862385,-0.001834862385
jesuscristo,0,0.001834862385,-0.001834862385
jesuslovesyou,0.001834862385,0.003669724771,-0.001834862385
jhaadu,0,0.001834862385,-0.001834862385
jhalak,0,0.001834862385,-0.001834862385
jhoothi,0,0.001834862385,-0.001834862385
jisoo,0,0.001834862385,-0.001834862385
jobexplained,0,0.001834862385,-0.001834862385
jodi,0,0.001834862385,-0.001834862385
johartech,0,0.001834862385,-0.001834862385
journal,0.001834862385,0.003669724771,-0.001834862385
journalinginspiration,0,0.001834862385,-0.001834862385
journalingstickers,0,0.001834862385,-0.001834862385
journalism,0,0.001834862385,-0.001834862385
joys,0,0.001834862385,-0.001834862385
joystick,0,0.001834862385,-0.001834862385
jrotc,0,0.001834862385,-0.001834862385
jualtroli,0,0.001834862385,-0.001834862385
jualtrolley,0,0.001834862385,-0.001834862385
jude,0,0.001834862385,-0.001834862385
juice,0,0.001834862385,-0.001834862385
junk,0,0.001834862385,-0.001834862385
justrealstruggle,0,0.001834862385,-0.001834862385
jyada,0.003669724771,0.005504587156,-0.001834862385
kaalpanik,0,0.001834862385,-0.001834862385
kaam,0.0128440367,0.01467889908,-0.001834862385
kabutar,0,0.001834862385,-0.001834862385
kaie,0,0.001834862385,-0.001834862385
kaisa,0.003669724771,0.005504587156,-0.001834862385
kalinga,0,0.001834862385,-0.001834862385
kambing,0,0.001834862385,-0.001834862385
kambinglucu,0,0.001834862385,-0.001834862385
kamra,0,0.001834862385,-0.001834862385
kanhagopiandnehavlogs,0,0.001834862385,-0.001834862385
kapoor,0,0.001834862385,-0.001834862385
karanff,0,0.001834862385,-0.001834862385
karankumarblog,0,0.001834862385,-0.001834862385
karemy,0,0.001834862385,-0.001834862385
karna,0.01651376147,0.01834862385,-0.001834862385
karva,0,0.001834862385,-0.001834862385
katse,0,0.001834862385,-0.001834862385
kaunsa,0,0.001834862385,-0.001834862385
kcleaning,0,0.001834862385,-0.001834862385
keepsupporting,0,0.001834862385,-0.001834862385
kegiataniburumahtangga,0,0.001834862385,-0.001834862385
kerala,0,0.001834862385,-0.001834862385
keralavlog,0,0.001834862385,-0.001834862385
keranjangmirani,0,0.001834862385,-0.001834862385
kesfetdus,0,0.001834862385,-0.001834862385
khada,0,0.001834862385,-0.001834862385
khan,0,0.001834862385,-0.001834862385
khatushyam,0,0.001834862385,-0.001834862385
khelna,0,0.001834862385,-0.001834862385
kheti,0,0.001834862385,-0.001834862385
khisak,0,0.001834862385,-0.001834862385
kholna,0,0.001834862385,-0.001834862385
khtm,0,0.001834862385,-0.001834862385
khushal,0,0.001834862385,-0.001834862385
kick,0,0.001834862385,-0.001834862385
kidsvlog,0,0.001834862385,-0.001834862385
kills,0,0.001834862385,-0.001834862385
kintu,0,0.001834862385,-0.001834862385
kirtana,0,0.001834862385,-0.001834862385
kirti,0,0.001834862385,-0.001834862385
kirtidhakad,0,0.001834862385,-0.001834862385
kirtidhakadvlog,0,0.001834862385,-0.001834862385
kisan,0,0.001834862385,-0.001834862385
kisanlife,0,0.001834862385,-0.001834862385
kisi,0.009174311927,0.01100917431,-0.001834862385
kit,0,0.001834862385,-0.001834862385
kobe,0,0.001834862385,-0.001834862385
kokan,0,0.001834862385,-0.001834862385
kolkata,0,0.001834862385,-0.001834862385
kpop,0.003669724771,0.005504587156,-0.001834862385
kripa,0,0.001834862385,-0.001834862385
kruthitalkss,0,0.001834862385,-0.001834862385
kuchh,0,0.001834862385,-0.001834862385
kuliner,0,0.001834862385,-0.001834862385
kulkarni,0,0.001834862385,-0.001834862385
kunali,0,0.001834862385,-0.001834862385
kuromi,0,0.001834862385,-0.001834862385
kviews,0,0.001834862385,-0.001834862385
lab,0.005504587156,0.007339449541,-0.001834862385
labor,0,0.001834862385,-0.001834862385
ladai,0.001834862385,0.003669724771,-0.001834862385
ladki,0,0.001834862385,-0.001834862385
lagegi,0,0.001834862385,-0.001834862385
lahari,0,0.001834862385,-0.001834862385
lalluthegreat,0,0.001834862385,-0.001834862385
lana,0.001834862385,0.003669724771,-0.001834862385
lane,0,0.001834862385,-0.001834862385
laptop,0,0.001834862385,-0.001834862385
las,0,0.001834862385,-0.001834862385
lastminutestudy,0,0.001834862385,-0.001834862385
latenightgrind,0,0.001834862385,-0.001834862385
latenightmood,0,0.001834862385,-0.001834862385
latenightstudysession,0,0.001834862385,-0.001834862385
latestmehndi,0,0.001834862385,-0.001834862385
laughoutloud,0,0.001834862385,-0.001834862385
laundryday,0,0.001834862385,-0.001834862385
learner,0,0.001834862385,-0.001834862385
learningeveryday,0,0.001834862385,-0.001834862385
lebaran,0,0.001834862385,-0.001834862385
lebih,0.001834862385,0.003669724771,-0.001834862385
lecture,0,0.001834862385,-0.001834862385
leeds,0,0.001834862385,-0.001834862385
lega,0,0.001834862385,-0.001834862385
legend,0,0.001834862385,-0.001834862385
legends,0,0.001834862385,-0.001834862385
lego,0,0.001834862385,-0.001834862385
lekar,0.003669724771,0.005504587156,-0.001834862385
lekin,0.007339449541,0.009174311927,-0.001834862385
leliya,0,0.001834862385,-0.001834862385
leru,0,0.001834862385,-0.001834862385
letsgo,0,0.001834862385,-0.001834862385
leverblock,0,0.001834862385,-0.001834862385
leverhoist,0,0.001834862385,-0.001834862385
lifeafter,0,0.001834862385,-0.001834862385
lifestylecontent,0,0.001834862385,-0.001834862385
lifestyleek,0,0.001834862385,-0.001834862385
lifestylevideo,0,0.001834862385,-0.001834862385
lifestylevlogindia,0,0.001834862385,-0.001834862385
lifevlog,0,0.001834862385,-0.001834862385
lifevlogs,0,0.001834862385,-0.001834862385
lightweight,0,0.001834862385,-0.001834862385
liked,0,0.001834862385,-0.001834862385
likeeee,0,0.001834862385,-0.001834862385
likeforlikes,0.001834862385,0.003669724771,-0.001834862385
lil,0,0.001834862385,-0.001834862385
line,0.001834862385,0.003669724771,-0.001834862385
lip,0,0.001834862385,-0.001834862385
lipstick,0,0.001834862385,-0.001834862385
lisa,0,0.001834862385,-0.001834862385
lived,0,0.001834862385,-0.001834862385
livestream,0.003669724771,0.005504587156,-0.001834862385
livingabroad,0,0.001834862385,-0.001834862385
loading,0,0.001834862385,-0.001834862385
local,0,0.001834862385,-0.001834862385
localtravel,0,0.001834862385,-0.001834862385
lod,0,0.001834862385,-0.001834862385
lofimusic,0,0.001834862385,-0.001834862385
lofivibes,0,0.001834862385,-0.001834862385
lollipopsmusician,0,0.001834862385,-0.001834862385
longer,0,0.001834862385,-0.001834862385
lordhanuman,0,0.001834862385,-0.001834862385
lordkrishna,0,0.001834862385,-0.001834862385
lordrama,0,0.001834862385,-0.001834862385
lovesss,0,0.001834862385,-0.001834862385
lovestory,0,0.001834862385,-0.001834862385
lowcarb,0,0.001834862385,-0.001834862385
luffy,0,0.001834862385,-0.001834862385
luggagebag,0,0.001834862385,-0.001834862385
luna,0,0.001834862385,-0.001834862385
lupa,0,0.001834862385,-0.001834862385
madhya,0,0.001834862385,-0.001834862385
mahadev,0.007339449541,0.009174311927,-0.001834862385
mahadeva,0,0.001834862385,-0.001834862385
mahakaleshwar,0,0.001834862385,-0.001834862385
mahakali,0,0.001834862385,-0.001834862385
mahamari,0,0.001834862385,-0.001834862385
maharaj,0,0.001834862385,-0.001834862385
maharaja,0,0.001834862385,-0.001834862385
maharashtradesha,0,0.001834862385,-0.001834862385
maharashtrian,0,0.001834862385,-0.001834862385
maharastra,0,0.001834862385,-0.001834862385
mahashivratri,0,0.001834862385,-0.001834862385
mahasiswa,0,0.001834862385,-0.001834862385
mahra,0,0.001834862385,-0.001834862385
maidan,0,0.001834862385,-0.001834862385
mainali,0,0.001834862385,-0.001834862385
makeuphaul,0,0.001834862385,-0.001834862385
makeuptutorial,0,0.001834862385,-0.001834862385
makkaar,0,0.001834862385,-0.001834862385
mal,0,0.001834862385,-0.001834862385
malayalamdayinmylife,0,0.001834862385,-0.001834862385
malayalamreels,0,0.001834862385,-0.001834862385
malaysia,0,0.001834862385,-0.001834862385
malaysianlivingabroad,0,0.001834862385,-0.001834862385
malhan,0,0.001834862385,-0.001834862385
mallugram,0,0.001834862385,-0.001834862385
mam,0.001834862385,0.003669724771,-0.001834862385
mana,0,0.001834862385,-0.001834862385
manchale,0,0.001834862385,-0.001834862385
mandir,0,0.001834862385,-0.001834862385
mango,0.003669724771,0.005504587156,-0.001834862385
manifest,0,0.001834862385,-0.001834862385
manishchaurasiyavlogs,0,0.001834862385,-0.001834862385
mann,0,0.001834862385,-0.001834862385
manoranjan,0,0.001834862385,-0.001834862385
manualhoist,0,0.001834862385,-0.001834862385
mara,0,0.001834862385,-0.001834862385
maratha,0,0.001834862385,-0.001834862385
marathaempire,0,0.001834862385,-0.001834862385
marathahistory,0,0.001834862385,-0.001834862385
marathas,0,0.001834862385,-0.001834862385
marathiculture,0,0.001834862385,-0.001834862385
marathimotivational,0,0.001834862385,-0.001834862385
marcdez,0,0.001834862385,-0.001834862385
marketvlog,0,0.001834862385,-0.001834862385
marriage,0,0.001834862385,-0.001834862385
married,0,0.001834862385,-0.001834862385
marriedlife,0,0.001834862385,-0.001834862385
masculine,0,0.001834862385,-0.001834862385
masculinity,0,0.001834862385,-0.001834862385
mashallah,0,0.001834862385,-0.001834862385
mata,0,0.001834862385,-0.001834862385
mathematics,0,0.001834862385,-0.001834862385
mathura,0,0.001834862385,-0.001834862385
mauli,0,0.001834862385,-0.001834862385
mazaa,0,0.001834862385,-0.001834862385
mazda,0,0.001834862385,-0.001834862385
mdbvlogska,0,0.001834862385,-0.001834862385
meaning,0,0.001834862385,-0.001834862385
meant,0,0.001834862385,-0.001834862385
meclass,0,0.001834862385,-0.001834862385
medium,0.001834862385,0.003669724771,-0.001834862385
meenakshivlog,0,0.001834862385,-0.001834862385
meet,0.001834862385,0.003669724771,-0.001834862385
mehandibysoniparwaiz,0,0.001834862385,-0.001834862385
mehn,0,0.001834862385,-0.001834862385
mehndiart,0,0.001834862385,-0.001834862385
mehndidesigner,0,0.001834862385,-0.001834862385
mehndifootdesign,0,0.001834862385,-0.001834862385
mehndiforbeginners,0,0.001834862385,-0.001834862385
mehndiinspiration,0,0.001834862385,-0.001834862385
mehndilove,0,0.001834862385,-0.001834862385
mehndilover,0,0.001834862385,-0.001834862385
mehndistyle,0,0.001834862385,-0.001834862385
mehnditrends,0,0.001834862385,-0.001834862385
mehndivideo,0,0.001834862385,-0.001834862385
mehndiworld,0,0.001834862385,-0.001834862385
mei,0,0.001834862385,-0.001834862385
melts,0.005504587156,0.007339449541,-0.001834862385
membership,0,0.001834862385,-0.001834862385
membuat,0,0.001834862385,-0.001834862385
memory,0,0.001834862385,-0.001834862385
mengatur,0,0.001834862385,-0.001834862385
message,0.003669724771,0.005504587156,-0.001834862385
mey,0,0.001834862385,-0.001834862385
meyers,0,0.001834862385,-0.001834862385
mil,0.001834862385,0.003669724771,-0.001834862385
milde,0,0.001834862385,-0.001834862385
milenge,0.001834862385,0.003669724771,-0.001834862385
milionplace,0,0.001834862385,-0.001834862385
millionaire,0,0.001834862385,-0.001834862385
millionairemindset,0,0.001834862385,-0.001834862385
mimi,0.001834862385,0.003669724771,-0.001834862385
minatimy,0,0.001834862385,-0.001834862385
mindfulness,0,0.001834862385,-0.001834862385
minecraft,0.007339449541,0.009174311927,-0.001834862385
minecraftmemes,0,0.001834862385,-0.001834862385
minecraftshorts,0,0.001834862385,-0.001834862385
minggu,0,0.001834862385,-0.001834862385
minifigs,0,0.001834862385,-0.001834862385
minimoochi,0,0.001834862385,-0.001834862385
minivlogaivoice,0,0.001834862385,-0.001834862385
minivlogand,0,0.001834862385,-0.001834862385
minivlogandcomedy,0,0.001834862385,-0.001834862385
minivlogandlongvlogs,0,0.001834862385,-0.001834862385
minivlogandodia,0,0.001834862385,-0.001834862385
minivlogandradannayya,0,0.001834862385,-0.001834862385
minivlogandrew,0,0.001834862385,-0.001834862385
minivlogandroid,0,0.001834862385,-0.001834862385
minivlogandshorts,0,0.001834862385,-0.001834862385
minivlogandst,0,0.001834862385,-0.001834862385
minivlogandwhatieatinaday,0,0.001834862385,-0.001834862385
minivlogbackgroundmusic,0,0.001834862385,-0.001834862385
minivlogbihar,0,0.001834862385,-0.001834862385
minivlogcooking,0,0.001834862385,-0.001834862385
minivloggirl,0,0.001834862385,-0.001834862385
minivlogkaisebanatehain,0,0.001834862385,-0.001834862385
minivlogmalayalam,0,0.001834862385,-0.001834862385
minivlognepali,0,0.001834862385,-0.001834862385
minivlogpadel,0,0.001834862385,-0.001834862385
minivlogsbykathyandmia,0,0.001834862385,-0.001834862385
minivlogsong,0,0.001834862385,-0.001834862385
minivlogsongs,0,0.001834862385,-0.001834862385
minivlogsounds,0,0.001834862385,-0.001834862385
minivlogtamil,0,0.001834862385,-0.001834862385
minivlogtextediting,0,0.001834862385,-0.001834862385
minivlogtextsoundeffect,0,0.001834862385,-0.001834862385
minivloguzair,0,0.001834862385,-0.001834862385
mira,0,0.001834862385,-0.001834862385
mitalithisside,0,0.001834862385,-0.001834862385
mittal,0,0.001834862385,-0.001834862385
miya,0,0.001834862385,-0.001834862385
mobilegames,0,0.001834862385,-0.001834862385
mobs,0,0.001834862385,-0.001834862385
mochi,0,0.001834862385,-0.001834862385
mommieveevlogs,0,0.001834862385,-0.001834862385
momof,0,0.001834862385,-0.001834862385
momoslover,0,0.001834862385,-0.001834862385
monetize,0,0.001834862385,-0.001834862385
monkey,0,0.001834862385,-0.001834862385
moochi,0,0.001834862385,-0.001834862385
mornigroutine,0,0.001834862385,-0.001834862385
mornigvibes,0,0.001834862385,-0.001834862385
morningroutineforupsc,0,0.001834862385,-0.001834862385
morningtonightroutine,0,0.001834862385,-0.001834862385
motamoti,0,0.001834862385,-0.001834862385
motion,0,0.001834862385,-0.001834862385
motivating,0,0.001834862385,-0.001834862385
motivationforstudents,0.001834862385,0.003669724771,-0.001834862385
moto,0,0.001834862385,-0.001834862385
motorcyclelife,0,0.001834862385,-0.001834862385
mountainvlog,0,0.001834862385,-0.001834862385
mouth,0,0.001834862385,-0.001834862385
moves,0,0.001834862385,-0.001834862385
movieworldaus,0,0.001834862385,-0.001834862385
moving,0.001834862385,0.003669724771,-0.001834862385
mowing,0,0.001834862385,-0.001834862385
mpgk,0,0.001834862385,-0.001834862385
mppsc,0,0.001834862385,-0.001834862385
mrgurufunny,0,0.001834862385,-0.001834862385
mrindiahacker,0,0.001834862385,-0.001834862385
mrindianhacker,0,0.001834862385,-0.001834862385
mrindianhackershortvideo,0,0.001834862385,-0.001834862385
mujhe,0.003669724771,0.005504587156,-0.001834862385
mujhse,0,0.001834862385,-0.001834862385
mukesh,0,0.001834862385,-0.001834862385
multiplayer,0,0.001834862385,-0.001834862385
multiple,0,0.001834862385,-0.001834862385
mus,0,0.001834862385,-0.001834862385
muscles,0,0.001834862385,-0.001834862385
musician,0,0.001834862385,-0.001834862385
musicshorts,0,0.001834862385,-0.001834862385
muskuraya,0,0.001834862385,-0.001834862385
muslim,0,0.001834862385,-0.001834862385
muslimah,0,0.001834862385,-0.001834862385
myartistlife,0,0.001834862385,-0.001834862385
mydailylifevlog,0,0.001834862385,-0.001834862385
myday,0,0.001834862385,-0.001834862385
myfirstvideo,0.001834862385,0.003669724771,-0.001834862385
myfirstvloggingsetup,0,0.001834862385,-0.001834862385
myfirstvlogincity,0,0.001834862385,-0.001834862385
myfirstvlogindia,0,0.001834862385,-0.001834862385
myfirstvloginhindi,0,0.001834862385,-0.001834862385
myfirstvloginyoutube,0,0.001834862385,-0.001834862385
myfirstvlogs,0,0.001834862385,-0.001834862385
myfirstvlogtoday,0,0.001834862385,-0.001834862385
myfirstvlogvideo,0,0.001834862385,-0.001834862385
myfirstvlogviralkaisekare,0,0.001834862385,-0.001834862385
myfirstyoutubevideo,0,0.001834862385,-0.001834862385
mysecondvlog,0,0.001834862385,-0.001834862385
naa,0.003669724771,0.005504587156,-0.001834862385
naam,0.001834862385,0.003669724771,-0.001834862385
nagpur,0,0.001834862385,-0.001834862385
nah,0,0.001834862385,-0.001834862385
nails,0.005504587156,0.007339449541,-0.001834862385
nainafirst,0,0.001834862385,-0.001834862385
najneenneela,0,0.001834862385,-0.001834862385
naku,0,0.001834862385,-0.001834862385
nala,0,0.001834862385,-0.001834862385
namatavinadhi,0,0.001834862385,-0.001834862385
narendramodi,0,0.001834862385,-0.001834862385
nashik,0,0.001834862385,-0.001834862385
nashta,0,0.001834862385,-0.001834862385
nath,0,0.001834862385,-0.001834862385
nathpanth,0,0.001834862385,-0.001834862385
natural,0.01100917431,0.0128440367,-0.001834862385
naturalmakeup,0,0.001834862385,-0.001834862385
naturevlog,0,0.001834862385,-0.001834862385
nava,0,0.001834862385,-0.001834862385
naver,0,0.001834862385,-0.001834862385
navigates,0,0.001834862385,-0.001834862385
ncert,0,0.001834862385,-0.001834862385
needing,0,0.001834862385,-0.001834862385
neelu,0,0.001834862385,-0.001834862385
neelus,0,0.001834862385,-0.001834862385
neetaspirant,0.001834862385,0.003669724771,-0.001834862385
neetaspirents,0,0.001834862385,-0.001834862385
neetprep,0.001834862385,0.003669724771,-0.001834862385
neetvlog,0,0.001834862385,-0.001834862385
negotiate,0,0.001834862385,-0.001834862385
negotiating,0,0.001834862385,-0.001834862385
nehavlogs,0,0.001834862385,-0.001834862385
nervous,0,0.001834862385,-0.001834862385
newbag,0,0.001834862385,-0.001834862385
newbed,0,0.001834862385,-0.001834862385
newera,0,0.001834862385,-0.001834862385
newhome,0,0.001834862385,-0.001834862385
newjourney,0,0.001834862385,-0.001834862385
newphone,0,0.001834862385,-0.001834862385
newpurchase,0,0.001834862385,-0.001834862385
newsong,0,0.001834862385,-0.001834862385
newstart,0,0.001834862385,-0.001834862385
newstudents,0,0.001834862385,-0.001834862385
newtrolley,0,0.001834862385,-0.001834862385
newvideo,0.003669724771,0.005504587156,-0.001834862385
newyoutubervlog,0,0.001834862385,-0.001834862385
newzealand,0,0.001834862385,-0.001834862385
nighter,0.001834862385,0.003669724771,-0.001834862385
nightshift,0,0.001834862385,-0.001834862385
nighttimeskincareroutine,0,0.001834862385,-0.001834862385
nighty,0,0.001834862385,-0.001834862385
nikaali,0,0.001834862385,-0.001834862385
nikhil,0,0.001834862385,-0.001834862385
nilam,0,0.001834862385,-0.001834862385
nobacklog,0,0.001834862385,-0.001834862385
nobgm,0,0.001834862385,-0.001834862385
nofakestudy,0,0.001834862385,-0.001834862385
noise,0.001834862385,0.003669724771,-0.001834862385
nonveg,0,0.001834862385,-0.001834862385
noob,0,0.001834862385,-0.001834862385
noodle,0,0.001834862385,-0.001834862385
noone,0,0.001834862385,-0.001834862385
noonevlog,0,0.001834862385,-0.001834862385
northindianfood,0,0.001834862385,-0.001834862385
notalkingasmr,0,0.001834862385,-0.001834862385
notesss,0,0.001834862385,-0.001834862385
notetaking,0,0.001834862385,-0.001834862385
numbers,0,0.001834862385,-0.001834862385
nurselife,0,0.001834862385,-0.001834862385
nursing,0,0.001834862385,-0.001834862385
nusrat,0,0.001834862385,-0.001834862385
nutrition,0.001834862385,0.003669724771,-0.001834862385
nutritionist,0,0.001834862385,-0.001834862385
nutritious,0,0.001834862385,-0.001834862385
nya,0,0.001834862385,-0.001834862385
nykaa,0,0.001834862385,-0.001834862385
nykaafacewash,0,0.001834862385,-0.001834862385
obostha,0,0.001834862385,-0.001834862385
occasion,0,0.001834862385,-0.001834862385
occasions,0,0.001834862385,-0.001834862385
oddlysatisfying,0,0.001834862385,-0.001834862385
odds,0,0.001834862385,-0.001834862385
odiavolg,0,0.001834862385,-0.001834862385
offend,0,0.001834862385,-0.001834862385
officelife,0,0.001834862385,-0.001834862385
officer,0,0.001834862385,-0.001834862385
oitai,0,0.001834862385,-0.001834862385
oka,0,0.001834862385,-0.001834862385
okariki,0,0.001834862385,-0.001834862385
okaru,0,0.001834862385,-0.001834862385
oldsong,0,0.001834862385,-0.001834862385
oldu,0,0.001834862385,-0.001834862385
omnamahshivay,0,0.001834862385,-0.001834862385
onepiece,0,0.001834862385,-0.001834862385
onestepatatime,0,0.001834862385,-0.001834862385
ooltah,0,0.001834862385,-0.001834862385
ootds,0,0.001834862385,-0.001834862385
optimized,0,0.001834862385,-0.001834862385
optionsstudy,0,0.001834862385,-0.001834862385
ordinary,0,0.001834862385,-0.001834862385
originalcontent,0,0.001834862385,-0.001834862385
ott,0,0.001834862385,-0.001834862385
outcomes,0,0.001834862385,-0.001834862385
outdoor,0,0.001834862385,-0.001834862385
outfitoftheday,0,0.001834862385,-0.001834862385
outputting,0,0.001834862385,-0.001834862385
overanalyse,0,0.001834862385,-0.001834862385
overanalysing,0,0.001834862385,-0.001834862385
overhyped,0,0.001834862385,-0.001834862385
overload,0,0.001834862385,-0.001834862385
overlook,0,0.001834862385,-0.001834862385
overpaying,0,0.001834862385,-0.001834862385
paatra,0,0.001834862385,-0.001834862385
pabrikrak,0,0.001834862385,-0.001834862385
padhai,0.001834862385,0.003669724771,-0.001834862385
padhne,0,0.001834862385,-0.001834862385
pahunchana,0,0.001834862385,-0.001834862385
paidpromotion,0,0.001834862385,-0.001834862385
pakai,0,0.001834862385,-0.001834862385
pakwan,0,0.001834862385,-0.001834862385
pani,0,0.001834862385,-0.001834862385
panty,0,0.001834862385,-0.001834862385
papa,0,0.001834862385,-0.001834862385
party,0,0.001834862385,-0.001834862385
paruluniversity,0,0.001834862385,-0.001834862385
parvati,0,0.001834862385,-0.001834862385
pasti,0,0.001834862385,-0.001834862385
pause,0,0.001834862385,-0.001834862385
pay,0,0.001834862385,-0.001834862385
peacefulhome,0,0.001834862385,-0.001834862385
peacefulmorning,0,0.001834862385,-0.001834862385
pehlavlog,0,0.001834862385,-0.001834862385
perfection,0.001834862385,0.003669724771,-0.001834862385
perform,0,0.001834862385,-0.001834862385
permission,0,0.001834862385,-0.001834862385
perspectives,0,0.001834862385,-0.001834862385
phir,0.005504587156,0.007339449541,-0.001834862385
photographerlife,0,0.001834862385,-0.001834862385
photooftheday,0,0.001834862385,-0.001834862385
physicsclass,0,0.001834862385,-0.001834862385
physique,0,0.001834862385,-0.001834862385
pic,0,0.001834862385,-0.001834862385
pigeon,0,0.001834862385,-0.001834862385
pigeonlove,0,0.001834862385,-0.001834862385
pilane,0,0.001834862385,-0.001834862385
pinterestvibes,0,0.001834862385,-0.001834862385
pintrestinspired,0,0.001834862385,-0.001834862385
pizza,0,0.001834862385,-0.001834862385
pizzalover,0,0.001834862385,-0.001834862385
pizzarecipe,0,0.001834862385,-0.001834862385
pizzatime,0,0.001834862385,-0.001834862385
planner,0,0.001834862385,-0.001834862385
plantbasedrunner,0,0.001834862385,-0.001834862385
plants,0,0.001834862385,-0.001834862385
platform,0,0.001834862385,-0.001834862385
playbook,0,0.001834862385,-0.001834862385
playlist,0,0.001834862385,-0.001834862385
pleasesupport,0,0.001834862385,-0.001834862385
pleasure,0,0.001834862385,-0.001834862385
plise,0,0.001834862385,-0.001834862385
pliss,0,0.001834862385,-0.001834862385
plus,0,0.001834862385,-0.001834862385
political,0,0.001834862385,-0.001834862385
pomodorotechnique,0,0.001834862385,-0.001834862385
pomodorotimer,0,0.001834862385,-0.001834862385
pooch,0,0.001834862385,-0.001834862385
pooh,0,0.001834862385,-0.001834862385
poop,0,0.001834862385,-0.001834862385
pooping,0,0.001834862385,-0.001834862385
poore,0,0.001834862385,-0.001834862385
popepay,0,0.001834862385,-0.001834862385
popeye,0,0.001834862385,-0.001834862385
pore,0,0.001834862385,-0.001834862385
pores,0,0.001834862385,-0.001834862385
porinai,0,0.001834862385,-0.001834862385
positivevibes,0,0.001834862385,-0.001834862385
povprocrastinator,0,0.001834862385,-0.001834862385
povs,0,0.001834862385,-0.001834862385
povschoollife,0,0.001834862385,-0.001834862385
povshorts,0,0.001834862385,-0.001834862385
povstudent,0,0.001834862385,-0.001834862385
povstudylife,0,0.001834862385,-0.001834862385
povtodolist,0,0.001834862385,-0.001834862385
power,0.003669724771,0.005504587156,-0.001834862385
powerpoint,0,0.001834862385,-0.001834862385
prachi,0,0.001834862385,-0.001834862385
practices,0,0.001834862385,-0.001834862385
practising,0,0.001834862385,-0.001834862385
prakash,0,0.001834862385,-0.001834862385
pramotion,0,0.001834862385,-0.001834862385
prankvlog,0,0.001834862385,-0.001834862385
prasad,0,0.001834862385,-0.001834862385
pre,0.001834862385,0.003669724771,-0.001834862385
prefer,0,0.001834862385,-0.001834862385
preparationjourney,0,0.001834862385,-0.001834862385
preparationssc,0,0.001834862385,-0.001834862385
prepare,0.003669724771,0.005504587156,-0.001834862385
preps,0,0.001834862385,-0.001834862385
preshoot,0,0.001834862385,-0.001834862385
previous,0,0.001834862385,-0.001834862385
price,0.001834862385,0.003669724771,-0.001834862385
primarily,0,0.001834862385,-0.001834862385
priyatomar,0,0.001834862385,-0.001834862385
procrastination,0.003669724771,0.005504587156,-0.001834862385
procrastinationvlog,0,0.001834862385,-0.001834862385
productivedayinmy,0,0.001834862385,-0.001834862385
productivedayinmylife,0,0.001834862385,-0.001834862385
productivemorning,0,0.001834862385,-0.001834862385
productivityvlog,0,0.001834862385,-0.001834862385
profile,0.003669724771,0.005504587156,-0.001834862385
promise,0,0.001834862385,-0.001834862385
prompt,0,0.001834862385,-0.001834862385
prospect,0,0.001834862385,-0.001834862385
proving,0,0.001834862385,-0.001834862385
pubgm,0,0.001834862385,-0.001834862385
publicreaction,0,0.001834862385,-0.001834862385
publicvlog,0,0.001834862385,-0.001834862385
punjabisong,0,0.001834862385,-0.001834862385
pura,0.001834862385,0.003669724771,-0.001834862385
purana,0,0.001834862385,-0.001834862385
purane,0,0.001834862385,-0.001834862385
purely,0,0.001834862385,-0.001834862385
putting,0,0.001834862385,-0.001834862385
pwvidyapeeth,0,0.001834862385,-0.001834862385
pyaara,0,0.001834862385,-0.001834862385
pyq,0,0.001834862385,-0.001834862385
quickrevision,0.001834862385,0.003669724771,-0.001834862385
quietly,0,0.001834862385,-0.001834862385
quite,0,0.001834862385,-0.001834862385
racing,0,0.001834862385,-0.001834862385
radhakrishna,0,0.001834862385,-0.001834862385
radhamani,0,0.001834862385,-0.001834862385
raha,0.01467889908,0.01651376147,-0.001834862385
raigad,0,0.001834862385,-0.001834862385
raigadfort,0,0.001834862385,-0.001834862385
rainbows,0,0.001834862385,-0.001834862385
raj,0,0.001834862385,-0.001834862385
rajasthanboard,0,0.001834862385,-0.001834862385
rajasthanvillage,0,0.001834862385,-0.001834862385
rajasthanvlog,0,0.001834862385,-0.001834862385
raje,0,0.001834862385,-0.001834862385
rajgad,0,0.001834862385,-0.001834862385
rajpoot,0,0.001834862385,-0.001834862385
rakgondolasurabaya,0,0.001834862385,-0.001834862385
rakha,0,0.001834862385,-0.001834862385
rakhi,0,0.001834862385,-0.001834862385
raksurabaya,0,0.001834862385,-0.001834862385
rakswalayan,0,0.001834862385,-0.001834862385
rama,0,0.001834862385,-0.001834862385
ramayan,0,0.001834862385,-0.001834862385
ramayana,0,0.001834862385,-0.001834862385
ranbir,0,0.001834862385,-0.001834862385
randomvlog,0,0.001834862385,-0.001834862385
rani,0,0.001834862385,-0.001834862385
rankedplay,0,0.001834862385,-0.001834862385
rao,0,0.001834862385,-0.001834862385
rap,0,0.001834862385,-0.001834862385
rarahmathalie,0,0.001834862385,-0.001834862385
rbseboard,0,0.001834862385,-0.001834862385
rda,0,0.001834862385,-0.001834862385
reach,0.003669724771,0.005504587156,-0.001834862385
realafstudylife,0,0.001834862385,-0.001834862385
realise,0,0.001834862385,-0.001834862385
realisticstudy,0,0.001834862385,-0.001834862385
realities,0,0.001834862385,-0.001834862385
realized,0,0.001834862385,-0.001834862385
reallifestory,0,0.001834862385,-0.001834862385
realmadrid,0,0.001834862385,-0.001834862385
realsound,0.001834862385,0.003669724771,-0.001834862385
realvlog,0.003669724771,0.005504587156,-0.001834862385
reasonina,0,0.001834862385,-0.001834862385
recent,0,0.001834862385,-0.001834862385
reception,0,0.001834862385,-0.001834862385
recipes,0.001834862385,0.003669724771,-0.001834862385
reellife,0,0.001834862385,-0.001834862385
reelschallenge,0,0.001834862385,-0.001834862385
reelsmusic,0,0.001834862385,-0.001834862385
reframe,0,0.001834862385,-0.001834862385
refreshed,0,0.001834862385,-0.001834862385
regardless,0,0.001834862385,-0.001834862385
regularly,0.001834862385,0.003669724771,-0.001834862385
rehta,0,0.001834862385,-0.001834862385
reklamdegil,0,0.001834862385,-0.001834862385
relatablecomedy,0,0.001834862385,-0.001834862385
relatablepov,0,0.001834862385,-0.001834862385
relatablestudentvlog,0,0.001834862385,-0.001834862385
relatablestudypov,0,0.001834862385,-0.001834862385
relatablevlog,0,0.001834862385,-0.001834862385
relate,0.003669724771,0.005504587156,-0.001834862385
relates,0,0.001834862385,-0.001834862385
relaxingroutine,0,0.001834862385,-0.001834862385
relevant,0,0.001834862385,-0.001834862385
reminding,0,0.001834862385,-0.001834862385
repairing,0,0.001834862385,-0.001834862385
repeatable,0,0.001834862385,-0.001834862385
required,0,0.001834862385,-0.001834862385
reserved,0,0.001834862385,-0.001834862385
resin,0,0.001834862385,-0.001834862385
resinart,0,0.001834862385,-0.001834862385
resincrafts,0,0.001834862385,-0.001834862385
resinphotoframe,0,0.001834862385,-0.001834862385
resistance,0,0.001834862385,-0.001834862385
resonates,0,0.001834862385,-0.001834862385
respective,0.003669724771,0.005504587156,-0.001834862385
responds,0,0.001834862385,-0.001834862385
revannath,0,0.001834862385,-0.001834862385
reviewmy,0,0.001834862385,-0.001834862385
reviews,0.003669724771,0.005504587156,-0.001834862385
revise,0,0.001834862385,-0.001834862385
revising,0,0.001834862385,-0.001834862385
revision,0.01100917431,0.0128440367,-0.001834862385
revisiontime,0,0.001834862385,-0.001834862385
rewarding,0,0.001834862385,-0.001834862385
ricewater,0,0.001834862385,-0.001834862385
rich,0,0.001834862385,-0.001834862385
riderlife,0,0.001834862385,-0.001834862385
riding,0,0.001834862385,-0.001834862385
right,0.01467889908,0.01651376147,-0.001834862385
ringas,0,0.001834862385,-0.001834862385
roast,0,0.001834862385,-0.001834862385
roasts,0,0.001834862385,-0.001834862385
robloxedit,0,0.001834862385,-0.001834862385
roigar,0,0.001834862385,-0.001834862385
royalmarathi,0,0.001834862385,-0.001834862385
ruin,0,0.001834862385,-0.001834862385
ruk,0,0.001834862385,-0.001834862385
rumah,0,0.001834862385,-0.001834862385
runner,0.001834862385,0.003669724771,-0.001834862385
rupaye,0,0.001834862385,-0.001834862385
rush,0.003669724771,0.005504587156,-0.001834862385
saaf,0,0.001834862385,-0.001834862385
saamne,0,0.001834862385,-0.001834862385
saare,0,0.001834862385,-0.001834862385
saath,0.01834862385,0.02018348624,-0.001834862385
sabka,0.001834862385,0.003669724771,-0.001834862385
sabke,0,0.001834862385,-0.001834862385
sabziwale,0,0.001834862385,-0.001834862385
safari,0,0.001834862385,-0.001834862385
sahab,0,0.001834862385,-0.001834862385
sahakarnagar,0,0.001834862385,-0.001834862385
sahi,0,0.001834862385,-0.001834862385
sahyadri,0,0.001834862385,-0.001834862385
saibaba,0,0.001834862385,-0.001834862385
sakte,0,0.001834862385,-0.001834862385
salasarbalaji,0,0.001834862385,-0.001834862385
saman,0.001834862385,0.003669724771,-0.001834862385
samarth,0,0.001834862385,-0.001834862385
sambhaji,0,0.001834862385,-0.001834862385
sambhajimaharaj,0,0.001834862385,-0.001834862385
sambhajiraje,0,0.001834862385,-0.001834862385
same,0.005504587156,0.007339449541,-0.001834862385
sameer,0,0.001834862385,-0.001834862385
sameerstylo,0,0.001834862385,-0.001834862385
samjha,0,0.001834862385,-0.001834862385
samne,0,0.001834862385,-0.001834862385
sanchitabhattacharjee,0,0.001834862385,-0.001834862385
sand,0.001834862385,0.003669724771,-0.001834862385
sannomiya,0,0.001834862385,-0.001834862385
santoriniphotoshoot,0,0.001834862385,-0.001834862385
sara,0,0.001834862385,-0.001834862385
sariya,0,0.001834862385,-0.001834862385
sas,0,0.001834862385,-0.001834862385
sat,0,0.001834862385,-0.001834862385
satara,0,0.001834862385,-0.001834862385
satisfying,0.003669724771,0.005504587156,-0.001834862385
satvani,0,0.001834862385,-0.001834862385
saurav,0,0.001834862385,-0.001834862385
sawaal,0,0.001834862385,-0.001834862385
saya,0.003669724771,0.005504587156,-0.001834862385
saying,0,0.001834862385,-0.001834862385
schoolstruggles,0,0.001834862385,-0.001834862385
scientist,0,0.001834862385,-0.001834862385
sebagai,0,0.001834862385,-0.001834862385
sebenarnya,0,0.001834862385,-0.001834862385
secretly,0,0.001834862385,-0.001834862385
seedha,0,0.001834862385,-0.001834862385
sehari,0,0.001834862385,-0.001834862385
selection,0,0.001834862385,-0.001834862385
selfcare,0.003669724771,0.005504587156,-0.001834862385
selfedit,0,0.001834862385,-0.001834862385
selfstudyjourney,0,0.001834862385,-0.001834862385
send,0,0.001834862385,-0.001834862385
sensitive,0,0.001834862385,-0.001834862385
seorang,0,0.001834862385,-0.001834862385
separately,0,0.001834862385,-0.001834862385
serene,0,0.001834862385,-0.001834862385
serious,0,0.001834862385,-0.001834862385
service,0,0.001834862385,-0.001834862385
services,0,0.001834862385,-0.001834862385
shahar,0,0.001834862385,-0.001834862385
shambhu,0,0.001834862385,-0.001834862385
shankar,0,0.001834862385,-0.001834862385
shankarmaharaj,0,0.001834862385,-0.001834862385
shankermaharaj,0,0.001834862385,-0.001834862385
shared,0,0.001834862385,-0.001834862385
shawarma,0,0.001834862385,-0.001834862385
shegaon,0,0.001834862385,-0.001834862385
sheikha,0,0.001834862385,-0.001834862385
shekhar,0,0.001834862385,-0.001834862385
shiorts,0,0.001834862385,-0.001834862385
shivajimaharaj,0,0.001834862385,-0.001834862385
shivajimaharajhistory,0,0.001834862385,-0.001834862385
shivajiraje,0,0.001834862385,-0.001834862385
shivji,0,0.001834862385,-0.001834862385
shivray,0,0.001834862385,-0.001834862385
shivshakti,0,0.001834862385,-0.001834862385
shivshankar,0,0.001834862385,-0.001834862385
shob,0,0.001834862385,-0.001834862385
sholl,0,0.001834862385,-0.001834862385
shooter,0,0.001834862385,-0.001834862385
shootingsets,0,0.001834862385,-0.001834862385
shoots,0,0.001834862385,-0.001834862385
shop,0.003669724771,0.005504587156,-0.001834862385
shoppingtime,0,0.001834862385,-0.001834862385
shoppingvlog,0,0.001834862385,-0.001834862385
shortcontent,0,0.001834862385,-0.001834862385
shortfeed,0.005504587156,0.007339449541,-0.001834862385
shortsdance,0,0.001834862385,-0.001834862385
shortsexperiment,0,0.001834862385,-0.001834862385
shortsgaming,0,0.001834862385,-0.001834862385
shortsstories,0,0.001834862385,-0.001834862385
shovelling,0,0.001834862385,-0.001834862385
showed,0,0.001834862385,-0.001834862385
shower,0,0.001834862385,-0.001834862385
shows,0.005504587156,0.007339449541,-0.001834862385
showsmirnovactor,0,0.001834862385,-0.001834862385
shreeghare,0,0.001834862385,-0.001834862385
shreegurudevdatta,0,0.001834862385,-0.001834862385
shreeram,0,0.001834862385,-0.001834862385
shreeswamisamarth,0,0.001834862385,-0.001834862385
shripad,0,0.001834862385,-0.001834862385
shripadshrivallabha,0,0.001834862385,-0.001834862385
shriram,0,0.001834862385,-0.001834862385
shriswamisamarth,0,0.001834862385,-0.001834862385
sign,0.001834862385,0.003669724771,-0.001834862385
sikh,0,0.001834862385,-0.001834862385
silaveau,0,0.001834862385,-0.001834862385
silent,0.001834862385,0.003669724771,-0.001834862385
silly,0,0.001834862385,-0.001834862385
simplemakeup,0,0.001834862385,-0.001834862385
simplemehndi,0,0.001834862385,-0.001834862385
sitaram,0,0.001834862385,-0.001834862385
situations,0,0.001834862385,-0.001834862385
siwan,0,0.001834862385,-0.001834862385
siyaram,0,0.001834862385,-0.001834862385
size,0.001834862385,0.003669724771,-0.001834862385
skeletix,0,0.001834862385,-0.001834862385
skipp,0,0.001834862385,-0.001834862385
smallbusiness,0.001834862385,0.003669724771,-0.001834862385
smallstreamer,0,0.001834862385,-0.001834862385
smp,0,0.001834862385,-0.001834862385
snacks,0,0.001834862385,-0.001834862385
sneha,0,0.001834862385,-0.001834862385
soaking,0,0.001834862385,-0.001834862385
soap,0,0.001834862385,-0.001834862385
socha,0.003669724771,0.005504587156,-0.001834862385
socho,0,0.001834862385,-0.001834862385
sochta,0,0.001834862385,-0.001834862385
society,0,0.001834862385,-0.001834862385
softgirlaesthetic,0,0.001834862385,-0.001834862385
softlife,0.001834862385,0.003669724771,-0.001834862385
softmotherhood,0,0.001834862385,-0.001834862385
solid,0,0.001834862385,-0.001834862385
solotravel,0,0.001834862385,-0.001834862385
solution,0,0.001834862385,-0.001834862385
someone,0.001834862385,0.003669724771,-0.001834862385
songshoot,0,0.001834862385,-0.001834862385
soni,0,0.001834862385,-0.001834862385
sonra,0,0.001834862385,-0.001834862385
sort,0,0.001834862385,-0.001834862385
sorts,0,0.001834862385,-0.001834862385
sourab,0,0.001834862385,-0.001834862385
spectrum,0,0.001834862385,-0.001834862385
sportmy,0,0.001834862385,-0.001834862385
springdiaries,0,0.001834862385,-0.001834862385
sprint,0,0.001834862385,-0.001834862385
srmcollege,0,0.001834862385,-0.001834862385
srmgirls,0,0.001834862385,-0.001834862385
srmstudents,0,0.001834862385,-0.001834862385
ssccal,0,0.001834862385,-0.001834862385
ssccg,0,0.001834862385,-0.001834862385
sscexam,0,0.001834862385,-0.001834862385
sscghl,0,0.001834862385,-0.001834862385
ssclife,0,0.001834862385,-0.001834862385
sscsteno,0,0.001834862385,-0.001834862385
sse,0,0.001834862385,-0.001834862385
ssscgl,0,0.001834862385,-0.001834862385
sst,0,0.001834862385,-0.001834862385
stagnant,0,0.001834862385,-0.001834862385
stain,0,0.001834862385,-0.001834862385
stand,0.005504587156,0.007339449541,-0.001834862385
standalone,0,0.001834862385,-0.001834862385
standup,0,0.001834862385,-0.001834862385
starrlyss,0,0.001834862385,-0.001834862385
starrlyys,0,0.001834862385,-0.001834862385
started,0.01651376147,0.01834862385,-0.001834862385
starting,0.01834862385,0.02018348624,-0.001834862385
startingearly,0,0.001834862385,-0.001834862385
startmyfirstvlog,0,0.001834862385,-0.001834862385
startup,0,0.001834862385,-0.001834862385
startyoutubechannel,0,0.001834862385,-0.001834862385
stasya,0,0.001834862385,-0.001834862385
state,0,0.001834862385,-0.001834862385
station,0,0.001834862385,-0.001834862385
statues,0,0.001834862385,-0.001834862385
statutes,0,0.001834862385,-0.001834862385
stayconsistent,0,0.001834862385,-0.001834862385
stick,0,0.001834862385,-0.001834862385
stopping,0.001834862385,0.003669724771,-0.001834862385
streetfo,0,0.001834862385,-0.001834862385
stretched,0,0.001834862385,-0.001834862385
striving,0,0.001834862385,-0.001834862385
struggled,0,0.001834862385,-0.001834862385
struggles,0.001834862385,0.003669724771,-0.001834862385
studentcomedy,0,0.001834862385,-0.001834862385
studentgrowth,0,0.001834862385,-0.001834862385
studenthustle,0,0.001834862385,-0.001834862385
studentmotivation,0.003669724771,0.005504587156,-0.001834862385
studentproblems,0,0.001834862385,-0.001834862385
studentrelatable,0,0.001834862385,-0.001834862385
studentroutine,0,0.001834862385,-0.001834862385
studentslife,0,0.001834862385,-0.001834862385
studentsofyoutube,0,0.001834862385,-0.001834862385
studentstruggles,0.001834862385,0.003669724771,-0.001834862385
studentvibecheck,0,0.001834862385,-0.001834862385
studied,0,0.001834862385,-0.001834862385
studios,0,0.001834862385,-0.001834862385
studvvlog,0,0.001834862385,-0.001834862385
studyabroad,0.001834862385,0.003669724771,-0.001834862385
studyadvice,0,0.001834862385,-0.001834862385
studyaesthetic,0,0.001834862385,-0.001834862385
studyaestheticfail,0,0.001834862385,-0.001834862385
studyasmr,0,0.001834862385,-0.001834862385
studyathome,0,0.001834862385,-0.001834862385
studychallenge,0.001834862385,0.003669724771,-0.001834862385
studycommunity,0,0.001834862385,-0.001834862385
studycontent,0,0.001834862385,-0.001834862385
studyenglish,0,0.001834862385,-0.001834862385
studygirl,0,0.001834862385,-0.001834862385
studygoal,0,0.001834862385,-0.001834862385
studyhardorhardlystudy,0,0.001834862385,-0.001834862385
studyismylife,0,0.001834862385,-0.001834862385
studylifereality,0,0.001834862385,-0.001834862385
studymood,0,0.001834862385,-0.001834862385
studyplanner,0,0.001834862385,-0.001834862385
studypov,0,0.001834862385,-0.001834862385
studypressure,0,0.001834862385,-0.001834862385
studyrant,0,0.001834862385,-0.001834862385
studyreels,0,0.001834862385,-0.001834862385
studyreelsindia,0,0.001834862385,-0.001834862385
studyreelvibes,0,0.001834862385,-0.001834862385
studyschedule,0,0.001834862385,-0.001834862385
studyseries,0,0.001834862385,-0.001834862385
studysmart,0,0.001834862385,-0.001834862385
studysuccess,0,0.001834862385,-0.001834862385
studytimetimelapse,0,0.001834862385,-0.001834862385
studytok,0.001834862385,0.003669724771,-0.001834862385
studyvibes,0.003669724771,0.005504587156,-0.001834862385
studywithmebsc,0,0.001834862385,-0.001834862385
studywithmeupsc,0,0.001834862385,-0.001834862385
studywithmeupscaspirants,0,0.001834862385,-0.001834862385
studyyoutuber,0,0.001834862385,-0.001834862385
stunning,0,0.001834862385,-0.001834862385
stupid,0,0.001834862385,-0.001834862385
stylishmehndi,0,0.001834862385,-0.001834862385
stylo,0,0.001834862385,-0.001834862385
subcribemychannel,0,0.001834862385,-0.001834862385
subcribers,0,0.001834862385,-0.001834862385
subject,0.003669724771,0.005504587156,-0.001834862385
subscribed,0,0.001834862385,-0.001834862385
subscribing,0.001834862385,0.003669724771,-0.001834862385
subwaysurf,0,0.001834862385,-0.001834862385
subwaysurferindia,0,0.001834862385,-0.001834862385
subwaysurfersgameplay,0,0.001834862385,-0.001834862385
subwaysurferslive,0,0.001834862385,-0.001834862385
subwaysurfvideos,0,0.001834862385,-0.001834862385
succeeded,0,0.001834862385,-0.001834862385
successs,0,0.001834862385,-0.001834862385
sudhu,0,0.001834862385,-0.001834862385
suffering,0,0.001834862385,-0.001834862385
sulochanayadavvlogs,0,0.001834862385,-0.001834862385
sulochanayadavvlogsvideo,0,0.001834862385,-0.001834862385
summerholidays,0,0.001834862385,-0.001834862385
summery,0,0.001834862385,-0.001834862385
sundar,0,0.001834862385,-0.001834862385
sunday,0.0128440367,0.01467889908,-0.001834862385
sunrise,0,0.001834862385,-0.001834862385
sunset,0,0.001834862385,-0.001834862385
sunshine,0,0.001834862385,-0.001834862385
suport,0.001834862385,0.003669724771,-0.001834862385
supper,0,0.001834862385,-0.001834862385
supporteachother,0,0.001834862385,-0.001834862385
supporter,0,0.001834862385,-0.001834862385
supportmychannel,0.001834862385,0.003669724771,-0.001834862385
supportsmallchannels,0,0.001834862385,-0.001834862385
surabaya,0,0.001834862385,-0.001834862385
surely,0,0.001834862385,-0.001834862385
suscribe,0,0.001834862385,-0.001834862385
sut,0,0.001834862385,-0.001834862385
svlogtalkshow,0,0.001834862385,-0.001834862385
swagat,0.001834862385,0.003669724771,-0.001834862385
swami,0,0.001834862385,-0.001834862385
swamisamarth,0,0.001834862385,-0.001834862385
swamisamartha,0,0.001834862385,-0.001834862385
swamisamarthstatus,0,0.001834862385,-0.001834862385
swaraj,0,0.001834862385,-0.001834862385
swarajya,0,0.001834862385,-0.001834862385
swarajyarakshaksambhaji,0,0.001834862385,-0.001834862385
sweet,0,0.001834862385,-0.001834862385
sydney,0,0.001834862385,-0.001834862385
sykuniverse,0,0.001834862385,-0.001834862385
taehyung,0,0.001834862385,-0.001834862385
taekook,0,0.001834862385,-0.001834862385
tag,0,0.001834862385,-0.001834862385
tagmy,0,0.001834862385,-0.001834862385
tahole,0,0.001834862385,-0.001834862385
takeaways,0,0.001834862385,-0.001834862385
taki,0,0.001834862385,-0.001834862385
talha,0,0.001834862385,-0.001834862385
tangga,0,0.001834862385,-0.001834862385
tanisha,0,0.001834862385,-0.001834862385
tapasya,0,0.001834862385,-0.001834862385
tapi,0,0.001834862385,-0.001834862385
tapioca,0,0.001834862385,-0.001834862385
taqat,0,0.001834862385,-0.001834862385
tar,0,0.001834862385,-0.001834862385
tarah,0.003669724771,0.005504587156,-0.001834862385
target,0.001834862385,0.003669724771,-0.001834862385
targets,0,0.001834862385,-0.001834862385
tarndeng,0,0.001834862385,-0.001834862385
tarndengvlogs,0,0.001834862385,-0.001834862385
taught,0,0.001834862385,-0.001834862385
tauhid,0,0.001834862385,-0.001834862385
taxation,0,0.001834862385,-0.001834862385
taylorswift,0,0.001834862385,-0.001834862385
tbh,0,0.001834862385,-0.001834862385
tearfultails,0,0.001834862385,-0.001834862385
techlife,0,0.001834862385,-0.001834862385
techniques,0.003669724771,0.005504587156,-0.001834862385
teencreatorindia,0,0.001834862385,-0.001834862385
telugucreator,0,0.001834862385,-0.001834862385
telugushorts,0.001834862385,0.003669724771,-0.001834862385
teluguyoutube,0,0.001834862385,-0.001834862385
templevlog,0,0.001834862385,-0.001834862385
tend,0,0.001834862385,-0.001834862385
tentunya,0,0.001834862385,-0.001834862385
texture,0,0.001834862385,-0.001834862385
thak,0,0.001834862385,-0.001834862385
thako,0,0.001834862385,-0.001834862385
thanda,0,0.001834862385,-0.001834862385
thanksforwatching,0,0.001834862385,-0.001834862385
thedarjeelinglimited,0,0.001834862385,-0.001834862385
theflavorlab,0,0.001834862385,-0.001834862385
theke,0,0.001834862385,-0.001834862385
thes,0,0.001834862385,-0.001834862385
theshivanidiary,0,0.001834862385,-0.001834862385
thevishalks,0,0.001834862385,-0.001834862385
thi,0.001834862385,0.003669724771,-0.001834862385
things,0.0128440367,0.01467889908,-0.001834862385
tho,0.001834862385,0.003669724771,-0.001834862385
thvlog,0,0.001834862385,-0.001834862385
tier,0,0.001834862385,-0.001834862385
tiktokviral,0,0.001834862385,-0.001834862385
til,0,0.001834862385,-0.001834862385
till,0.009174311927,0.01100917431,-0.001834862385
timemanagement,0.003669724771,0.005504587156,-0.001834862385
timepass,0,0.001834862385,-0.001834862385
timer,0.001834862385,0.003669724771,-0.001834862385
timetablefail,0,0.001834862385,-0.001834862385
timing,0.001834862385,0.003669724771,-0.001834862385
tip,0,0.001834862385,-0.001834862385
tkcreater,0,0.001834862385,-0.001834862385
todays,0,0.001834862385,-0.001834862385
toddler,0,0.001834862385,-0.001834862385
todolist,0,0.001834862385,-0.001834862385
todoliststruggles,0,0.001834862385,-0.001834862385
tofiq,0,0.001834862385,-0.001834862385
tomar,0,0.001834862385,-0.001834862385
tools,0.003669724771,0.005504587156,-0.001834862385
topc,0,0.001834862385,-0.001834862385
tops,0,0.001834862385,-0.001834862385
toronto,0,0.001834862385,-0.001834862385
totalincome,0,0.001834862385,-0.001834862385
touristplaces,0,0.001834862385,-0.001834862385
tournament,0,0.001834862385,-0.001834862385
toward,0,0.001834862385,-0.001834862385
town,0,0.001834862385,-0.001834862385
tractor,0,0.001834862385,-0.001834862385
tractors,0,0.001834862385,-0.001834862385
trainjourney,0,0.001834862385,-0.001834862385
traits,0,0.001834862385,-0.001834862385
trandingshorts,0,0.001834862385,-0.001834862385
transitions,0,0.001834862385,-0.001834862385
traveladdict,0,0.001834862385,-0.001834862385
travelbag,0,0.001834862385,-0.001834862385
travelblog,0,0.001834862385,-0.001834862385
travelblogger,0,0.001834862385,-0.001834862385
travelessentials,0,0.001834862385,-0.001834862385
travelgram,0,0.001834862385,-0.001834862385
traveljourney,0,0.001834862385,-0.001834862385
travelwithfriends,0,0.001834862385,-0.001834862385
treat,0,0.001834862385,-0.001834862385
treats,0,0.001834862385,-0.001834862385
trendinggames,0,0.001834862385,-0.001834862385
trendingmehndi,0,0.001834862385,-0.001834862385
trendingonshorts,0,0.001834862385,-0.001834862385
trendingrshorts,0,0.001834862385,-0.001834862385
trendingshort,0.001834862385,0.003669724771,-0.001834862385
trendingsong,0.003669724771,0.005504587156,-0.001834862385
trendingvlog,0.005504587156,0.007339449541,-0.001834862385
trendnow,0,0.001834862385,-0.001834862385
trendvlog,0,0.001834862385,-0.001834862385
trik,0,0.001834862385,-0.001834862385
trolibarang,0,0.001834862385,-0.001834862385
trolibelanja,0,0.001834862385,-0.001834862385
trolleybag,0,0.001834862385,-0.001834862385
trolleymurah,0,0.001834862385,-0.001834862385
trolleys,0,0.001834862385,-0.001834862385
trolleysupermarket,0,0.001834862385,-0.001834862385
truth,0,0.001834862385,-0.001834862385
trying,0.01834862385,0.02018348624,-0.001834862385
ttending,0,0.001834862385,-0.001834862385
tuhaade,0,0.001834862385,-0.001834862385
tum,0.001834862385,0.003669724771,-0.001834862385
tumhara,0,0.001834862385,-0.001834862385
tumi,0,0.001834862385,-0.001834862385
tumpacretor,0,0.001834862385,-0.001834862385
turns,0.001834862385,0.003669724771,-0.001834862385
tushi,0,0.001834862385,-0.001834862385
tutarsa,0,0.001834862385,-0.001834862385
tution,0,0.001834862385,-0.001834862385
tutorial,0.01834862385,0.02018348624,-0.001834862385
tutsun,0,0.001834862385,-0.001834862385
tutsunart,0,0.001834862385,-0.001834862385
udaan,0,0.001834862385,-0.001834862385
uddeshya,0,0.001834862385,-0.001834862385
ugcnet,0,0.001834862385,-0.001834862385
ugcnetstrategy,0,0.001834862385,-0.001834862385
ujjain,0,0.001834862385,-0.001834862385
uklife,0,0.001834862385,-0.001834862385
unboxingexperience,0,0.001834862385,-0.001834862385
unboxingvideo,0,0.001834862385,-0.001834862385
undiaenlavida,0,0.001834862385,-0.001834862385
unexpectedly,0,0.001834862385,-0.001834862385
unfiltered,0,0.001834862385,-0.001834862385
unfortunately,0,0.001834862385,-0.001834862385
universityofauckland,0,0.001834862385,-0.001834862385
unke,0,0.001834862385,-0.001834862385
unlikely,0,0.001834862385,-0.001834862385
unlock,0,0.001834862385,-0.001834862385
unmistakably,0,0.001834862385,-0.001834862385
unstuck,0,0.001834862385,-0.001834862385
upliftment,0,0.001834862385,-0.001834862385
uplifts,0,0.001834862385,-0.001834862385
upscatudyvlog,0,0.001834862385,-0.001834862385
upscbeginnertips,0,0.001834862385,-0.001834862385
upsccoaching,0,0.001834862385,-0.001834862385
upsccse,0,0.001834862385,-0.001834862385
upscgrind,0,0.001834862385,-0.001834862385
upscinspiration,0,0.001834862385,-0.001834862385
upscmotivational,0,0.001834862385,-0.001834862385
upscoptional,0,0.001834862385,-0.001834862385
upscpreparationtips,0,0.001834862385,-0.001834862385
upscstrategy,0,0.001834862385,-0.001834862385
upscstudy,0,0.001834862385,-0.001834862385
upscstudyroutine,0,0.001834862385,-0.001834862385
upscvlog,0,0.001834862385,-0.001834862385
upse,0,0.001834862385,-0.001834862385
urban,0.001834862385,0.003669724771,-0.001834862385
users,0,0.001834862385,-0.001834862385
usethisaudio,0,0.001834862385,-0.001834862385
usi,0,0.001834862385,-0.001834862385
usse,0,0.001834862385,-0.001834862385
uthao,0,0.001834862385,-0.001834862385
uthne,0,0.001834862385,-0.001834862385
uzun,0,0.001834862385,-0.001834862385
vacations,0,0.001834862385,-0.001834862385
vacationvlog,0,0.001834862385,-0.001834862385
vachindi,0,0.001834862385,-0.001834862385
vaginal,0,0.001834862385,-0.001834862385
valentine,0,0.001834862385,-0.001834862385
validation,0,0.001834862385,-0.001834862385
vampireextra,0,0.001834862385,-0.001834862385
vampires,0,0.001834862385,-0.001834862385
vampireyt,0,0.001834862385,-0.001834862385
varel,0,0.001834862385,-0.001834862385
variablespeedhoist,0,0.001834862385,-0.001834862385
veg,0,0.001834862385,-0.001834862385
vendor,0,0.001834862385,-0.001834862385
veni,0,0.001834862385,-0.001834862385
verma,0,0.001834862385,-0.001834862385
versions,0,0.001834862385,-0.001834862385
vfdcontrolhoist,0,0.001834862385,-0.001834862385
vicky,0,0.001834862385,-0.001834862385
videoediting,0,0.001834862385,-0.001834862385
videolar,0,0.001834862385,-0.001834862385
videomy,0,0.001834862385,-0.001834862385
videomymhhtfhfnfgfkjhesmy,0,0.001834862385,-0.001834862385
videoooo,0,0.001834862385,-0.001834862385
videoviral,0,0.001834862385,-0.001834862385
videoweek,0,0.001834862385,-0.001834862385
videowhat,0,0.001834862385,-0.001834862385
vikas,0,0.001834862385,-0.001834862385
villagevibes,0,0.001834862385,-0.001834862385
villageweather,0,0.001834862385,-0.001834862385
villege,0,0.001834862385,-0.001834862385
vir,0,0.001834862385,-0.001834862385
viralfirst,0,0.001834862385,-0.001834862385
viralmehndi,0,0.001834862385,-0.001834862385
viralmy,0,0.001834862385,-0.001834862385
viralvideos,0.003669724771,0.005504587156,-0.001834862385
viralvloa,0,0.001834862385,-0.001834862385
viralvlogvideo,0,0.001834862385,-0.001834862385
viralyoutubeshorts,0,0.001834862385,-0.001834862385
virashorts,0.001834862385,0.003669724771,-0.001834862385
virel,0,0.001834862385,-0.001834862385
virelshorts,0,0.001834862385,-0.001834862385
visualasmr,0,0.001834862385,-0.001834862385
visualreel,0,0.001834862385,-0.001834862385
vlo,0,0.001834862385,-0.001834862385
vlogaftercollege,0.001834862385,0.003669724771,-0.001834862385
vlogday,0,0.001834862385,-0.001834862385
vlogfail,0,0.001834862385,-0.001834862385
vlogfunny,0.001834862385,0.003669724771,-0.001834862385
vloggerlife,0.007339449541,0.009174311927,-0.001834862385
vloggg,0,0.001834862385,-0.001834862385
vloggingchannel,0,0.001834862385,-0.001834862385
vloghindi,0,0.001834862385,-0.001834862385
vlogindia,0.005504587156,0.007339449541,-0.001834862385
vloginhindi,0,0.001834862385,-0.001834862385
vloginindia,0,0.001834862385,-0.001834862385
vlogmeraindian,0,0.001834862385,-0.001834862385
vlognew,0,0.001834862385,-0.001834862385
vlogreels,0,0.001834862385,-0.001834862385
vlogseries,0,0.001834862385,-0.001834862385
vlogssc,0,0.001834862385,-0.001834862385
vlogstudy,0,0.001834862385,-0.001834862385
vlogtalk,0,0.001834862385,-0.001834862385
vlogupdate,0,0.001834862385,-0.001834862385
vlogyoutube,0,0.001834862385,-0.001834862385
vloqs,0,0.001834862385,-0.001834862385
voice,0.01651376147,0.01834862385,-0.001834862385
voiced,0,0.001834862385,-0.001834862385
voicelessvlog,0,0.001834862385,-0.001834862385
voiceovers,0,0.001834862385,-0.001834862385
voiceovervideo,0,0.001834862385,-0.001834862385
vube,0,0.001834862385,-0.001834862385
vuzu,0,0.001834862385,-0.001834862385
vxhatner,0,0.001834862385,-0.001834862385
vyakti,0,0.001834862385,-0.001834862385
waiting,0.001834862385,0.003669724771,-0.001834862385
waktuku,0,0.001834862385,-0.001834862385
wanderlust,0,0.001834862385,-0.001834862385
wanted,0.001834862385,0.003669724771,-0.001834862385
warning,0,0.001834862385,-0.001834862385
washim,0,0.001834862385,-0.001834862385
watched,0.001834862385,0.003669724771,-0.001834862385
watermark,0,0.001834862385,-0.001834862385
wearing,0,0.001834862385,-0.001834862385
weatherupdate,0,0.001834862385,-0.001834862385
websites,0,0.001834862385,-0.001834862385
wedding,0.007339449541,0.009174311927,-0.001834862385
weddingmehndi,0,0.001834862385,-0.001834862385
weddings,0,0.001834862385,-0.001834862385
weddingvlog,0,0.001834862385,-0.001834862385
weeekkk,0,0.001834862385,-0.001834862385
welcomevideo,0,0.001834862385,-0.001834862385
westbengal,0,0.001834862385,-0.001834862385
whatiate,0,0.001834862385,-0.001834862385
whatieat,0.001834862385,0.003669724771,-0.001834862385
whatieatinaday,0.05137614679,0.05321100917,-0.001834862385
whatieatinadayshort,0,0.001834862385,-0.001834862385
whatieatonmydayoff,0,0.001834862385,-0.001834862385
wheel,0,0.001834862385,-0.001834862385
wholesome,0,0.001834862385,-0.001834862385
winner,0,0.001834862385,-0.001834862385
winter,0.003669724771,0.005504587156,-0.001834862385
woh,0.001834862385,0.003669724771,-0.001834862385
womenandstudentlife,0,0.001834862385,-0.001834862385
womenandstudy,0,0.001834862385,-0.001834862385
womens,0,0.001834862385,-0.001834862385
wonyoungism,0,0.001834862385,-0.001834862385
workflow,0,0.001834862385,-0.001834862385
workingartist,0,0.001834862385,-0.001834862385
writer,0.001834862385,0.003669724771,-0.001834862385
yang,0.01100917431,0.0128440367,-0.001834862385
yeah,0,0.001834862385,-0.001834862385
year,0.02752293578,0.02935779817,-0.001834862385
yearly,0,0.001834862385,-0.001834862385
yeh,0.009174311927,0.01100917431,-0.001834862385
yiutubeviralshorts,0,0.001834862385,-0.001834862385
youareoneofakind,0,0.001834862385,-0.001834862385
youcandoit,0,0.001834862385,-0.001834862385
yourself,0.005504587156,0.007339449541,-0.001834862385
yourtopic,0,0.001834862385,-0.001834862385
yourtopicshorts,0,0.001834862385,-0.001834862385
youtub,0,0.001834862385,-0.001834862385
youtubealternative,0.001834862385,0.003669724771,-0.001834862385
youtubebeginners,0,0.001834862385,-0.001834862385
youtubecomedy,0,0.001834862385,-0.001834862385
youtubefavnainaviralfirst,0,0.001834862385,-0.001834862385
youtubeintros,0,0.001834862385,-0.001834862385
youtubemoney,0,0.001834862385,-0.001834862385
youtubenextup,0.001834862385,0.003669724771,-0.001834862385
youtubeprofile,0,0.001834862385,-0.001834862385
youtuberkecil,0,0.001834862385,-0.001834862385
youtubeshortsviral,0,0.001834862385,-0.001834862385
youtubestudyvlog,0,0.001834862385,-0.001834862385
youtubesupport,0,0.001834862385,-0.001834862385
youtubetrend,0,0.001834862385,-0.001834862385
youtubeuploader,0,0.001834862385,-0.001834862385
youtubevloghindi,0,0.001834862385,-0.001834862385
yoytubeshorts,0,0.001834862385,-0.001834862385
ytcreate,0,0.001834862385,-0.001834862385
ytshortsvideo,0,0.001834862385,-0.001834862385
ytstudio,0,0.001834862385,-0.001834862385
yummyfood,0,0.001834862385,-0.001834862385
zara,0,0.001834862385,-0.001834862385
zoology,0,0.001834862385,-0.001834862385
abhishek,0,0.003669724771,-0.003669724771
achilldayinmylife,0.001834862385,0.005504587156,-0.003669724771
acid,0,0.003669724771,-0.003669724771
act,0.007339449541,0.01100917431,-0.003669724771
adit,0,0.003669724771,-0.003669724771
adn,0,0.003669724771,-0.003669724771
adrianazaj,0,0.003669724771,-0.003669724771
adventure,0.001834862385,0.005504587156,-0.003669724771
affiliate,0.001834862385,0.005504587156,-0.003669724771
akan,0.001834862385,0.005504587156,-0.003669724771
amazon,0.003669724771,0.007339449541,-0.003669724771
andarini,0,0.003669724771,-0.003669724771
andrea,0,0.003669724771,-0.003669724771
angry,0,0.003669724771,-0.003669724771
angrybirdcooking,0,0.003669724771,-0.003669724771
angrybirdvlog,0,0.003669724771,-0.003669724771
anusha,0,0.003669724771,-0.003669724771
appeal,0,0.003669724771,-0.003669724771
applemusic,0,0.003669724771,-0.003669724771
apsc,0,0.003669724771,-0.003669724771
arabichenna,0,0.003669724771,-0.003669724771
assignment,0,0.003669724771,-0.003669724771
auckland,0,0.003669724771,-0.003669724771
audioeffects,0,0.003669724771,-0.003669724771
australia,0.001834862385,0.005504587156,-0.003669724771
authentic,0.003669724771,0.007339449541,-0.003669724771
auto,0,0.003669724771,-0.003669724771
avudham,0,0.003669724771,-0.003669724771
aytgems,0,0.003669724771,-0.003669724771
baad,0.005504587156,0.009174311927,-0.003669724771
badal,0,0.003669724771,-0.003669724771
band,0,0.003669724771,-0.003669724771
battles,0,0.003669724771,-0.003669724771
beautiful,0.02201834862,0.02568807339,-0.003669724771
became,0,0.003669724771,-0.003669724771
beginnerrunner,0,0.003669724771,-0.003669724771
behindthescenes,0,0.003669724771,-0.003669724771
bersih,0,0.003669724771,-0.003669724771
bestplayer,0,0.003669724771,-0.003669724771
bhaiya,0,0.003669724771,-0.003669724771
bhoolna,0.005504587156,0.009174311927,-0.003669724771
bihar,0,0.003669724771,-0.003669724771
bikelovermy,0,0.003669724771,-0.003669724771
biker,0,0.003669724771,-0.003669724771
bikeride,0.001834862385,0.005504587156,-0.003669724771
biologyclass,0,0.003669724771,-0.003669724771
blackpink,0.001834862385,0.005504587156,-0.003669724771
bloggerneha,0,0.003669724771,-0.003669724771
boost,0.005504587156,0.009174311927,-0.003669724771
both,0,0.003669724771,-0.003669724771
bought,0,0.003669724771,-0.003669724771
brain,0,0.003669724771,-0.003669724771
breakfast,0.005504587156,0.009174311927,-0.003669724771
brown,0,0.003669724771,-0.003669724771
builders,0,0.003669724771,-0.003669724771
bunty,0,0.003669724771,-0.003669724771
buva,0,0.003669724771,-0.003669724771
cainter,0,0.003669724771,-0.003669724771
canada,0,0.003669724771,-0.003669724771
capcut,0.005504587156,0.009174311927,-0.003669724771
caption,0,0.003669724771,-0.003669724771
cbseboard,0,0.003669724771,-0.003669724771
celebraties,0,0.003669724771,-0.003669724771
centre,0,0.003669724771,-0.003669724771
certified,0,0.003669724771,-0.003669724771
cgviral,0,0.003669724771,-0.003669724771
channa,0,0.003669724771,-0.003669724771
characters,0,0.003669724771,-0.003669724771
charge,0,0.003669724771,-0.003669724771
chatwithme,0,0.003669724771,-0.003669724771
chennai,0,0.003669724771,-0.003669724771
chestaranukuntuna,0,0.003669724771,-0.003669724771
chhattisgarh,0,0.003669724771,-0.003669724771
chhotu,0,0.003669724771,-0.003669724771
chinna,0,0.003669724771,-0.003669724771
chole,0,0.003669724771,-0.003669724771
chuda,0,0.003669724771,-0.003669724771
chustu,0,0.003669724771,-0.003669724771
classy,0,0.003669724771,-0.003669724771
clg,0,0.003669724771,-0.003669724771
cmainter,0,0.003669724771,-0.003669724771
collage,0.001834862385,0.005504587156,-0.003669724771
confidenc,0,0.003669724771,-0.003669724771
consistent,0.02201834862,0.02568807339,-0.003669724771
construction,0.001834862385,0.005504587156,-0.003669724771
cookinglive,0,0.003669724771,-0.003669724771
cozyliving,0,0.003669724771,-0.003669724771
cozyvlog,0,0.003669724771,-0.003669724771
crack,0,0.003669724771,-0.003669724771
csupo,0,0.003669724771,-0.003669724771
cupid,0,0.003669724771,-0.003669724771
cut,0.001834862385,0.005504587156,-0.003669724771
cutting,0.003669724771,0.007339449541,-0.003669724771
dada,0,0.003669724771,-0.003669724771
dailv,0,0.003669724771,-0.003669724771
dailycontent,0.001834862385,0.005504587156,-0.003669724771
dally,0,0.003669724771,-0.003669724771
dan,0.009174311927,0.0128440367,-0.003669724771
dasharath,0,0.003669724771,-0.003669724771
dashboard,0,0.003669724771,-0.003669724771
dekhenge,0.003669724771,0.007339449541,-0.003669724771
dekhna,0,0.003669724771,-0.003669724771
delhiaspirant,0,0.003669724771,-0.003669724771
delhilife,0,0.003669724771,-0.003669724771
delhimomos,0,0.003669724771,-0.003669724771
demands,0,0.003669724771,-0.003669724771
deserve,0,0.003669724771,-0.003669724771
dey,0,0.003669724771,-0.003669724771
dhoye,0,0.003669724771,-0.003669724771
diamond,0,0.003669724771,-0.003669724771
diwali,0,0.003669724771,-0.003669724771
diybuild,0,0.003669724771,-0.003669724771
doing,0.005504587156,0.009174311927,-0.003669724771
dominating,0,0.003669724771,-0.003669724771
dream,0.009174311927,0.0128440367,-0.003669724771
dreamanddoon,0,0.003669724771,-0.003669724771
dreambig,0,0.003669724771,-0.003669724771
driving,0,0.003669724771,-0.003669724771
drop,0.009174311927,0.0128440367,-0.003669724771
dropping,0.001834862385,0.005504587156,-0.003669724771
dry,0,0.003669724771,-0.003669724771
duet,0,0.003669724771,-0.003669724771
dukh,0,0.003669724771,-0.003669724771
each,0.005504587156,0.009174311927,-0.003669724771
earn,0.007339449541,0.01100917431,-0.003669724771
eddition,0,0.003669724771,-0.003669724771
editor,0.001834862385,0.005504587156,-0.003669724771
effectsinspire,0,0.003669724771,-0.003669724771
elegant,0,0.003669724771,-0.003669724771
enjoylife,0,0.003669724771,-0.003669724771
episode,0.003669724771,0.007339449541,-0.003669724771
essential,0.001834862385,0.005504587156,-0.003669724771
eveningstudyvlog,0,0.003669724771,-0.003669724771
examprep,0,0.003669724771,-0.003669724771
exampreparation,0.001834862385,0.005504587156,-0.003669724771
examready,0.001834862385,0.005504587156,-0.003669724771
excitement,0,0.003669724771,-0.003669724771
exciting,0.003669724771,0.007339449541,-0.003669724771
exploreindia,0,0.003669724771,-0.003669724771
failure,0.003669724771,0.007339449541,-0.003669724771
faizan,0,0.003669724771,-0.003669724771
farming,0.001834862385,0.005504587156,-0.003669724771
fashion,0.0128440367,0.01651376147,-0.003669724771
fasting,0,0.003669724771,-0.003669724771
fat,0,0.003669724771,-0.003669724771
fav,0,0.003669724771,-0.003669724771
favour,0,0.003669724771,-0.003669724771
feedback,0,0.003669724771,-0.003669724771
festivalvlog,0,0.003669724771,-0.003669724771
ffviral,0,0.003669724771,-0.003669724771
firstvideoonyoutube,0,0.003669724771,-0.003669724771
fiza,0,0.003669724771,-0.003669724771
flowers,0.001834862385,0.005504587156,-0.003669724771
fnaf,0,0.003669724771,-0.003669724771
focuses,0,0.003669724771,-0.003669724771
focusvibes,0,0.003669724771,-0.003669724771
follow,0.03669724771,0.04036697248,-0.003669724771
formula,0,0.003669724771,-0.003669724771
fraind,0,0.003669724771,-0.003669724771
freefirelovers,0,0.003669724771,-0.003669724771
friendship,0,0.003669724771,-0.003669724771
fuels,0,0.003669724771,-0.003669724771
fullvlog,0,0.003669724771,-0.003669724771
fun,0.03119266055,0.03486238532,-0.003669724771
gaganpratapsir,0,0.003669724771,-0.003669724771
game,0.007339449541,0.01100917431,-0.003669724771
gamingchannel,0,0.003669724771,-0.003669724771
gav,0,0.003669724771,-0.003669724771
genuine,0,0.003669724771,-0.003669724771
glycolic,0,0.003669724771,-0.003669724771
government,0,0.003669724771,-0.003669724771
gravy,0,0.003669724771,-0.003669724771
grid,0,0.003669724771,-0.003669724771
growchannel,0,0.003669724771,-0.003669724771
guess,0.001834862385,0.005504587156,-0.003669724771
hacks,0.005504587156,0.009174311927,-0.003669724771
haider,0,0.003669724771,-0.003669724771
hamilton,0,0.003669724771,-0.003669724771
handmehndi,0,0.003669724771,-0.003669724771
hanumanjayanti,0,0.003669724771,-0.003669724771
hanumanji,0,0.003669724771,-0.003669724771
hard,0.01467889908,0.01834862385,-0.003669724771
harharmahadev,0,0.003669724771,-0.003669724771
hindutva,0,0.003669724771,-0.003669724771
hingoli,0,0.003669724771,-0.003669724771
hirakud,0,0.003669724771,-0.003669724771
hisar,0,0.003669724771,-0.003669724771
hogicolors,0,0.003669724771,-0.003669724771
hogienespa,0,0.003669724771,-0.003669724771
hogisongs,0,0.003669724771,-0.003669724771
homevlog,0.001834862385,0.005504587156,-0.003669724771
hooks,0,0.003669724771,-0.003669724771
hostellife,0.003669724771,0.007339449541,-0.003669724771
hotaunty,0.001834862385,0.005504587156,-0.003669724771
hote,0,0.003669724771,-0.003669724771
howa,0,0.003669724771,-0.003669724771
hub,0,0.003669724771,-0.003669724771
hum,0.009174311927,0.0128440367,-0.003669724771
hwy,0,0.003669724771,-0.003669724771
hygia,0,0.003669724771,-0.003669724771
iasaspirantstudyvlog,0,0.003669724771,-0.003669724771
imovie,0,0.003669724771,-0.003669724771
improve,0.007339449541,0.01100917431,-0.003669724771
impulse,0,0.003669724771,-0.003669724771
includes,0,0.003669724771,-0.003669724771
including,0,0.003669724771,-0.003669724771
indiagate,0,0.003669724771,-0.003669724771
indiamy,0,0.003669724771,-0.003669724771
indiancreator,0,0.003669724771,-0.003669724771
indianlaughs,0,0.003669724771,-0.003669724771
indianvlogs,0,0.003669724771,-0.003669724771
info,0,0.003669724771,-0.003669724771
inside,0.001834862385,0.005504587156,-0.003669724771
integrity,0,0.003669724771,-0.003669724771
intense,0,0.003669724771,-0.003669724771
interior,0,0.003669724771,-0.003669724771
intrologoeffects,0,0.003669724771,-0.003669724771
introvert,0,0.003669724771,-0.003669724771
ipop,0,0.003669724771,-0.003669724771
ips,0,0.003669724771,-0.003669724771
irungalur,0,0.003669724771,-0.003669724771
isaac,0,0.003669724771,-0.003669724771
istcollege,0,0.003669724771,-0.003669724771
itunes,0,0.003669724771,-0.003669724771
jaata,0,0.003669724771,-0.003669724771
jaimahakal,0,0.003669724771,-0.003669724771
jaishriram,0,0.003669724771,-0.003669724771
jana,0.001834862385,0.005504587156,-0.003669724771
jayanti,0,0.003669724771,-0.003669724771
jespersen,0,0.003669724771,-0.003669724771
jesuschrist,0,0.003669724771,-0.003669724771
jisme,0.001834862385,0.005504587156,-0.003669724771
job,0.003669724771,0.007339449541,-0.003669724771
journeystarts,0,0.003669724771,-0.003669724771
jugaad,0,0.003669724771,-0.003669724771
kabatti,0,0.003669724771,-0.003669724771
kaha,0,0.003669724771,-0.003669724771
kalke,0,0.003669724771,-0.003669724771
kapray,0,0.003669724771,-0.003669724771
kapraydhona,0,0.003669724771,-0.003669724771
kar,0.03302752294,0.03669724771,-0.003669724771
karan,0,0.003669724771,-0.003669724771
karein,0.01100917431,0.01467889908,-0.003669724771
karoge,0,0.003669724771,-0.003669724771
karu,0,0.003669724771,-0.003669724771
kawish,0,0.003669724771,-0.003669724771
kecil,0,0.003669724771,-0.003669724771
kedarnath,0,0.003669724771,-0.003669724771
keepgoing,0.001834862385,0.005504587156,-0.003669724771
kembali,0,0.003669724771,-0.003669724771
kese,0.003669724771,0.007339449541,-0.003669724771
keyboard,0,0.003669724771,-0.003669724771
khane,0,0.003669724771,-0.003669724771
khushiyan,0,0.003669724771,-0.003669724771
kiiboom,0,0.003669724771,-0.003669724771
kijiye,0,0.003669724771,-0.003669724771
kisanvlog,0,0.003669724771,-0.003669724771
kishano,0,0.003669724771,-0.003669724771
klaskycsupo,0,0.003669724771,-0.003669724771
klaskycsupoeffects,0,0.003669724771,-0.003669724771
kolhapur,0,0.003669724771,-0.003669724771
komal,0,0.003669724771,-0.003669724771
krishvlog,0,0.003669724771,-0.003669724771
kutte,0,0.003669724771,-0.003669724771
ladkiyo,0,0.003669724771,-0.003669724771
lage,0,0.003669724771,-0.003669724771
lagi,0,0.003669724771,-0.003669724771
lakh,0,0.003669724771,-0.003669724771
lallu,0,0.003669724771,-0.003669724771
laphing,0,0.003669724771,-0.003669724771
laveau,0,0.003669724771,-0.003669724771
laziz,0,0.003669724771,-0.003669724771
lena,0,0.003669724771,-0.003669724771
lene,0,0.003669724771,-0.003669724771
lewis,0,0.003669724771,-0.003669724771
likesharesubscribe,0,0.003669724771,-0.003669724771
lisalistens,0,0.003669724771,-0.003669724771
livecooking,0,0.003669724771,-0.003669724771
livevlog,0,0.003669724771,-0.003669724771
livishots,0,0.003669724771,-0.003669724771
logcabin,0,0.003669724771,-0.003669724771
logo,0.005504587156,0.009174311927,-0.003669724771
lonown,0,0.003669724771,-0.003669724771
looked,0,0.003669724771,-0.003669724771
lordshiva,0,0.003669724771,-0.003669724771
loss,0.001834862385,0.005504587156,-0.003669724771
lovemarriage,0,0.003669724771,-0.003669724771
mad,0,0.003669724771,-0.003669724771
madrid,0,0.003669724771,-0.003669724771
mahabharat,0,0.003669724771,-0.003669724771
mahakaal,0,0.003669724771,-0.003669724771
mahakal,0,0.003669724771,-0.003669724771
maher,0,0.003669724771,-0.003669724771
making,0.02018348624,0.02385321101,-0.003669724771
malayalamvlog,0,0.003669724771,-0.003669724771
manoj,0,0.003669724771,-0.003669724771
market,0.007339449541,0.01100917431,-0.003669724771
masty,0,0.003669724771,-0.003669724771
mat,0.007339449541,0.01100917431,-0.003669724771
material,0.001834862385,0.005504587156,-0.003669724771
materials,0,0.003669724771,-0.003669724771
mean,0,0.003669724771,-0.003669724771
medicallocation,0,0.003669724771,-0.003669724771
mehta,0,0.003669724771,-0.003669724771
memes,0.01467889908,0.01834862385,-0.003669724771
men,0,0.003669724771,-0.003669724771
meri,0.02018348624,0.02385321101,-0.003669724771
messages,0,0.003669724771,-0.003669724771
methods,0,0.003669724771,-0.003669724771
middle,0,0.003669724771,-0.003669724771
midzy,0,0.003669724771,-0.003669724771
minifirstvlog,0,0.003669724771,-0.003669724771
minimal,0.003669724771,0.007339449541,-0.003669724771
ministudyvlog,0.001834862385,0.005504587156,-0.003669724771
minivlogedit,0,0.003669724771,-0.003669724771
minivlogindia,0.001834862385,0.005504587156,-0.003669724771
minovlog,0,0.003669724771,-0.003669724771
mix,0.001834862385,0.005504587156,-0.003669724771
mobilegaming,0,0.003669724771,-0.003669724771
model,0.001834862385,0.005504587156,-0.003669724771
modify,0,0.003669724771,-0.003669724771
momosshorts,0,0.003669724771,-0.003669724771
months,0.003669724771,0.007339449541,-0.003669724771
mornings,0.001834862385,0.005504587156,-0.003669724771
morningvlog,0.001834862385,0.005504587156,-0.003669724771
mostpopular,0,0.003669724771,-0.003669724771
motivates,0,0.003669724771,-0.003669724771
mountain,0,0.003669724771,-0.003669724771
mrunknown,0,0.003669724771,-0.003669724771
mts,0,0.003669724771,-0.003669724771
mummy,0.003669724771,0.007339449541,-0.003669724771
mustwatch,0,0.003669724771,-0.003669724771
mydreambike,0,0.003669724771,-0.003669724771
myfirstblog,0,0.003669724771,-0.003669724771
myfirstvlogviral,0,0.003669724771,-0.003669724771
mythic,0,0.003669724771,-0.003669724771
nadu,0,0.003669724771,-0.003669724771
nannu,0,0.003669724771,-0.003669724771
natkhati,0,0.003669724771,-0.003669724771
needs,0,0.003669724771,-0.003669724771
nishchay,0,0.003669724771,-0.003669724771
notesmaking,0,0.003669724771,-0.003669724771
nurse,0.003669724771,0.007339449541,-0.003669724771
omlette,0,0.003669724771,-0.003669724771
omnamahshivaya,0,0.003669724771,-0.003669724771
opinions,0,0.003669724771,-0.003669724771
options,0,0.003669724771,-0.003669724771
organized,0,0.003669724771,-0.003669724771
outfit,0.005504587156,0.009174311927,-0.003669724771
over,0.0128440367,0.01651376147,-0.003669724771
paatu,0,0.003669724771,-0.003669724771
packed,0.001834862385,0.005504587156,-0.003669724771
pakija,0,0.003669724771,-0.003669724771
panipuri,0,0.003669724771,-0.003669724771
panties,0,0.003669724771,-0.003669724771
parmarssc,0,0.003669724771,-0.003669724771
pasand,0.02385321101,0.02752293578,-0.003669724771
passive,0,0.003669724771,-0.003669724771
patel,0,0.003669724771,-0.003669724771
patna,0,0.003669724771,-0.003669724771
pcbstudent,0.001834862385,0.005504587156,-0.003669724771
pehli,0.001834862385,0.005504587156,-0.003669724771
peyar,0,0.003669724771,-0.003669724771
pharmacy,0,0.003669724771,-0.003669724771
phonk,0,0.003669724771,-0.003669724771
pinterest,0.003669724771,0.007339449541,-0.003669724771
plan,0.01834862385,0.02201834862,-0.003669724771
playstation,0,0.003669724771,-0.003669724771
plimplim,0,0.003669724771,-0.003669724771
plz,0.003669724771,0.007339449541,-0.003669724771
poetry,0,0.003669724771,-0.003669724771
polity,0,0.003669724771,-0.003669724771
pomodorostudywithme,0.001834862385,0.005504587156,-0.003669724771
pooja,0,0.003669724771,-0.003669724771
poori,0.001834862385,0.005504587156,-0.003669724771
popat,0,0.003669724771,-0.003669724771
porsi,0,0.003669724771,-0.003669724771
positive,0.001834862385,0.005504587156,-0.003669724771
pragati,0,0.003669724771,-0.003669724771
prayagraj,0,0.003669724771,-0.003669724771
prices,0,0.003669724771,-0.003669724771
producer,0,0.003669724771,-0.003669724771
productivestudy,0.001834862385,0.005504587156,-0.003669724771
profit,0.007339449541,0.01100917431,-0.003669724771
promote,0,0.003669724771,-0.003669724771
ptara,0,0.003669724771,-0.003669724771
pune,0,0.003669724771,-0.003669724771
purchase,0,0.003669724771,-0.003669724771
pushed,0,0.003669724771,-0.003669724771
queries,0.001834862385,0.005504587156,-0.003669724771
question,0.007339449541,0.01100917431,-0.003669724771
questions,0.001834862385,0.005504587156,-0.003669724771
rabeenaguptaofficial,0,0.003669724771,-0.003669724771
raho,0.001834862385,0.005504587156,-0.003669724771
rahta,0,0.003669724771,-0.003669724771
rajasthani,0,0.003669724771,-0.003669724771
rajesh,0,0.003669724771,-0.003669724771
rajkot,0,0.003669724771,-0.003669724771
rakala,0,0.003669724771,-0.003669724771
rapper,0,0.003669724771,-0.003669724771
rare,0,0.003669724771,-0.003669724771
rcb,0,0.003669724771,-0.003669724771
realistic,0.04403669725,0.04770642202,-0.003669724771
realstudentlife,0,0.003669724771,-0.003669724771
record,0.001834862385,0.005504587156,-0.003669724771
reference,0,0.003669724771,-0.003669724771
relatablecontent,0,0.003669724771,-0.003669724771
relaxing,0.0128440367,0.01651376147,-0.003669724771
remember,0.001834862385,0.005504587156,-0.003669724771
replies,0,0.003669724771,-0.003669724771
repost,0,0.003669724771,-0.003669724771
require,0,0.003669724771,-0.003669724771
respect,0,0.003669724771,-0.003669724771
rights,0.003669724771,0.007339449541,-0.003669724771
robayed,0,0.003669724771,-0.003669724771
romanticizing,0,0.003669724771,-0.003669724771
rox,0,0.003669724771,-0.003669724771
running,0.003669724771,0.007339449541,-0.003669724771
rural,0,0.003669724771,-0.003669724771
sabhi,0,0.003669724771,-0.003669724771
sabji,0,0.003669724771,-0.003669724771
sachin,0,0.003669724771,-0.003669724771
safarwithsandhya,0,0.003669724771,-0.003669724771
sakta,0,0.003669724771,-0.003669724771
sanatandharma,0,0.003669724771,-0.003669724771
sangken,0,0.003669724771,-0.003669724771
sapne,0,0.003669724771,-0.003669724771
sare,0,0.003669724771,-0.003669724771
sascribe,0,0.003669724771,-0.003669724771
sayid,0,0.003669724771,-0.003669724771
scary,0,0.003669724771,-0.003669724771
selflove,0,0.003669724771,-0.003669724771
sephora,0.001834862385,0.005504587156,-0.003669724771
shiva,0,0.003669724771,-0.003669724771
shivbhakt,0,0.003669724771,-0.003669724771
shoppingvideo,0,0.003669724771,-0.003669724771
shoravjoshi,0,0.003669724771,-0.003669724771
shortsindia,0.003669724771,0.007339449541,-0.003669724771
shreya,0,0.003669724771,-0.003669724771
shuru,0,0.003669724771,-0.003669724771
simplecooking,0,0.003669724771,-0.003669724771
sliceoflife,0,0.003669724771,-0.003669724771
slow,0.009174311927,0.0128440367,-0.003669724771
slowproductivity,0,0.003669724771,-0.003669724771
smallbusinessowner,0,0.003669724771,-0.003669724771
smallyoutuber,0.05321100917,0.05688073394,-0.003669724771
smallyoutubers,0,0.003669724771,-0.003669724771
smart,0,0.003669724771,-0.003669724771
smartstudy,0.001834862385,0.005504587156,-0.003669724771
softproductivity,0,0.003669724771,-0.003669724771
solved,0,0.003669724771,-0.003669724771
sooo,0,0.003669724771,-0.003669724771
soundvariations,0,0.003669724771,-0.003669724771
south,0.003669724771,0.007339449541,-0.003669724771
sparta,0,0.003669724771,-0.003669724771
spending,0.001834862385,0.005504587156,-0.003669724771
sponsoredbypreview,0,0.003669724771,-0.003669724771
squad,0.003669724771,0.007339449541,-0.003669724771
square,0,0.003669724771,-0.003669724771
stationery,0.001834862385,0.005504587156,-0.003669724771
stbpsc,0,0.003669724771,-0.003669724771
streetfoodindia,0,0.003669724771,-0.003669724771
stretching,0,0.003669724771,-0.003669724771
studentjourney,0,0.003669724771,-0.003669724771
studentlife,0.04770642202,0.05137614679,-0.003669724771
studentlifeindia,0.001834862385,0.005504587156,-0.003669724771
studydiary,0,0.003669724771,-0.003669724771
studygrind,0,0.003669724771,-0.003669724771
studylife,0,0.003669724771,-0.003669724771
studyshorts,0.001834862385,0.005504587156,-0.003669724771
studyvlogindia,0,0.003669724771,-0.003669724771
studywithbigdreamspritam,0,0.003669724771,-0.003669724771
studywithmesscaspirants,0,0.003669724771,-0.003669724771
stvlog,0,0.003669724771,-0.003669724771
stylish,0,0.003669724771,-0.003669724771
subwaysurfers,0,0.003669724771,-0.003669724771
sulochana,0,0.003669724771,-0.003669724771
sumaiya,0,0.003669724771,-0.003669724771
supporting,0.003669724771,0.007339449541,-0.003669724771
supportsmallcreator,0.001834862385,0.005504587156,-0.003669724771
supportsmallcreators,0.005504587156,0.009174311927,-0.003669724771
surfers,0,0.003669724771,-0.003669724771
surge,0,0.003669724771,-0.003669724771
surprises,0,0.003669724771,-0.003669724771
suspense,0,0.003669724771,-0.003669724771
syllabus,0.003669724771,0.007339449541,-0.003669724771
tacoma,0,0.003669724771,-0.003669724771
takeoff,0,0.003669724771,-0.003669724771
talks,0,0.003669724771,-0.003669724771
tamimi,0,0.003669724771,-0.003669724771
tanya,0,0.003669724771,-0.003669724771
tarak,0,0.003669724771,-0.003669724771
telugulive,0,0.003669724771,-0.003669724771
teluguvlogger,0,0.003669724771,-0.003669724771
tending,0,0.003669724771,-0.003669724771
terending,0,0.003669724771,-0.003669724771
thatgirl,0,0.003669724771,-0.003669724771
thbpsc,0,0.003669724771,-0.003669724771
thclass,0,0.003669724771,-0.003669724771
thinking,0,0.003669724771,-0.003669724771
thoughts,0,0.003669724771,-0.003669724771
timelapsea,0,0.003669724771,-0.003669724771
tiruchirapalli,0,0.003669724771,-0.003669724771
toh,0.009174311927,0.0128440367,-0.003669724771
tone,0.001834862385,0.005504587156,-0.003669724771
tough,0.001834862385,0.005504587156,-0.003669724771
toyota,0,0.003669724771,-0.003669724771
trandingreel,0,0.003669724771,-0.003669724771
trap,0,0.003669724771,-0.003669724771
travelindia,0,0.003669724771,-0.003669724771
truckdriver,0,0.003669724771,-0.003669724771
trust,0,0.003669724771,-0.003669724771
tumhe,0,0.003669724771,-0.003669724771
ultimatecomedy,0,0.003669724771,-0.003669724771
under,0.009174311927,0.0128440367,-0.003669724771
universe,0,0.003669724771,-0.003669724771
unta,0,0.003669724771,-0.003669724771
upscaspirant,0,0.003669724771,-0.003669724771
upscaspirants,0,0.003669724771,-0.003669724771
upscenvironment,0,0.003669724771,-0.003669724771
upscexam,0,0.003669724771,-0.003669724771
usne,0,0.003669724771,-0.003669724771
uthna,0,0.003669724771,-0.003669724771
viewing,0,0.003669724771,-0.003669724771
vikramkiduniya,0,0.003669724771,-0.003669724771
villagevlog,0.005504587156,0.009174311927,-0.003669724771
vipra,0,0.003669724771,-0.003669724771
viralreel,0,0.003669724771,-0.003669724771
viralshortsvideo,0,0.003669724771,-0.003669724771
viralvedio,0,0.003669724771,-0.003669724771
viralvlogs,0,0.003669724771,-0.003669724771
virlvlogs,0,0.003669724771,-0.003669724771
viwes,0,0.003669724771,-0.003669724771
vlock,0,0.003669724771,-0.003669724771
vlod,0,0.003669724771,-0.003669724771
vlogff,0,0.003669724771,-0.003669724771
vlogginglife,0,0.003669724771,-0.003669724771
vloggingstart,0,0.003669724771,-0.003669724771
vlogshorts,0,0.003669724771,-0.003669724771
vloo,0,0.003669724771,-0.003669724771
voutube,0,0.003669724771,-0.003669724771
vrialshorts,0,0.003669724771,-0.003669724771
wala,0.003669724771,0.007339449541,-0.003669724771
wale,0.001834862385,0.005504587156,-0.003669724771
wash,0,0.003669724771,-0.003669724771
watchnow,0,0.003669724771,-0.003669724771
water,0.003669724771,0.007339449541,-0.003669724771
welcomeback,0,0.003669724771,-0.003669724771
wellness,0.001834862385,0.005504587156,-0.003669724771
whatiateinaday,0.001834862385,0.005504587156,-0.003669724771
winterstudy,0.001834862385,0.005504587156,-0.003669724771
woke,0.005504587156,0.009174311927,-0.003669724771
woodenhouse,0,0.003669724771,-0.003669724771
words,0,0.003669724771,-0.003669724771
worst,0.001834862385,0.005504587156,-0.003669724771
wow,0,0.003669724771,-0.003669724771
xbox,0,0.003669724771,-0.003669724771
xtreme,0,0.003669724771,-0.003669724771
youtubeinfluencer,0,0.003669724771,-0.003669724771
ytbeni,0,0.003669724771,-0.003669724771
ytlive,0,0.003669724771,-0.003669724771
ytviral,0,0.003669724771,-0.003669724771
zaroor,0.02018348624,0.02385321101,-0.003669724771
zero,0.003669724771,0.007339449541,-0.003669724771
zone,0,0.003669724771,-0.003669724771
aage,0,0.005504587156,-0.005504587156
academic,0,0.005504587156,-0.005504587156
acchi,0,0.005504587156,-0.005504587156
account,0,0.005504587156,-0.005504587156
action,0.001834862385,0.007339449541,-0.005504587156
aedo,0,0.005504587156,-0.005504587156
aesthetics,0.001834862385,0.007339449541,-0.005504587156
aestheticstudy,0.003669724771,0.009174311927,-0.005504587156
aku,0,0.005504587156,-0.005504587156
animix,0,0.005504587156,-0.005504587156
anni,0,0.005504587156,-0.005504587156
appointment,0,0.005504587156,-0.005504587156
armada,0,0.005504587156,-0.005504587156
around,0,0.005504587156,-0.005504587156
articleship,0,0.005504587156,-0.005504587156
aspirantlife,0.003669724771,0.009174311927,-0.005504587156
baar,0,0.005504587156,-0.005504587156
beech,0,0.005504587156,-0.005504587156
begins,0,0.005504587156,-0.005504587156
belajar,0,0.005504587156,-0.005504587156
belong,0.001834862385,0.007339449541,-0.005504587156
bhati,0,0.005504587156,-0.005504587156
bhfyp,0.001834862385,0.007339449541,-0.005504587156
bikelife,0,0.005504587156,-0.005504587156
birthday,0.01651376147,0.02201834862,-0.005504587156
biryani,0,0.005504587156,-0.005504587156
capture,0.001834862385,0.007339449541,-0.005504587156
career,0.001834862385,0.007339449541,-0.005504587156
cars,0.001834862385,0.007339449541,-0.005504587156
casual,0,0.005504587156,-0.005504587156
cbseindia,0,0.005504587156,-0.005504587156
cepat,0,0.005504587156,-0.005504587156
channelintro,0.001834862385,0.007339449541,-0.005504587156
cholesterol,0,0.005504587156,-0.005504587156
chota,0,0.005504587156,-0.005504587156
chote,0,0.005504587156,-0.005504587156
closer,0,0.005504587156,-0.005504587156
clothes,0.001834862385,0.007339449541,-0.005504587156
clutch,0.001834862385,0.007339449541,-0.005504587156
comedyshorts,0.001834862385,0.007339449541,-0.005504587156
competitiveexams,0.001834862385,0.007339449541,-0.005504587156
confusion,0.001834862385,0.007339449541,-0.005504587156
continue,0,0.005504587156,-0.005504587156
couple,0.01100917431,0.01651376147,-0.005504587156
cpla,0,0.005504587156,-0.005504587156
cql,0,0.005504587156,-0.005504587156
creative,0.01100917431,0.01651376147,-0.005504587156
crew,0,0.005504587156,-0.005504587156
criticism,0.005504587156,0.01100917431,-0.005504587156
darjeeling,0,0.005504587156,-0.005504587156
dayout,0,0.005504587156,-0.005504587156
desicomedy,0,0.005504587156,-0.005504587156
designs,0,0.005504587156,-0.005504587156
desivlog,0.005504587156,0.01100917431,-0.005504587156
dikhaya,0.001834862385,0.007339449541,-0.005504587156
draw,0,0.005504587156,-0.005504587156
driver,0.001834862385,0.007339449541,-0.005504587156
earlymorning,0,0.005504587156,-0.005504587156
egg,0,0.005504587156,-0.005504587156
enjoy,0.03486238532,0.04036697248,-0.005504587156
entertain,0,0.005504587156,-0.005504587156
epic,0.001834862385,0.007339449541,-0.005504587156
examstrategy,0,0.005504587156,-0.005504587156
excited,0.007339449541,0.0128440367,-0.005504587156
experiments,0,0.005504587156,-0.005504587156
feed,0.005504587156,0.01100917431,-0.005504587156
feta,0,0.005504587156,-0.005504587156
files,0,0.005504587156,-0.005504587156
focusmode,0.001834862385,0.007339449541,-0.005504587156
freefire,0.009174311927,0.01467889908,-0.005504587156
fresh,0.005504587156,0.01100917431,-0.005504587156
funnyvlog,0.01100917431,0.01651376147,-0.005504587156
ganesha,0,0.005504587156,-0.005504587156
gas,0,0.005504587156,-0.005504587156
gate,0,0.005504587156,-0.005504587156
goals,0.009174311927,0.01467889908,-0.005504587156
goalsetting,0.001834862385,0.007339449541,-0.005504587156
govt,0,0.005504587156,-0.005504587156
gya,0.003669724771,0.009174311927,-0.005504587156
haan,0,0.005504587156,-0.005504587156
hardwork,0.007339449541,0.0128440367,-0.005504587156
healthcare,0,0.005504587156,-0.005504587156
hindu,0,0.005504587156,-0.005504587156
hinduism,0,0.005504587156,-0.005504587156
homebody,0,0.005504587156,-0.005504587156
homemade,0,0.005504587156,-0.005504587156
hua,0.001834862385,0.007339449541,-0.005504587156
important,0.005504587156,0.01100917431,-0.005504587156
income,0.003669724771,0.009174311927,-0.005504587156
indianhousewife,0,0.005504587156,-0.005504587156
indianmom,0.001834862385,0.007339449541,-0.005504587156
insaan,0,0.005504587156,-0.005504587156
insights,0,0.005504587156,-0.005504587156
inspired,0.003669724771,0.009174311927,-0.005504587156
instagood,0.001834862385,0.007339449541,-0.005504587156
institute,0.001834862385,0.007339449541,-0.005504587156
intention,0,0.005504587156,-0.005504587156
iphone,0.003669724771,0.009174311927,-0.005504587156
ist,0.001834862385,0.007339449541,-0.005504587156
jaisa,0,0.005504587156,-0.005504587156
jaishreeram,0,0.005504587156,-0.005504587156
jaye,0,0.005504587156,-0.005504587156
jong,0,0.005504587156,-0.005504587156
journaling,0.001834862385,0.007339449541,-0.005504587156
kachori,0,0.005504587156,-0.005504587156
kahani,0,0.005504587156,-0.005504587156
kalisi,0,0.005504587156,-0.005504587156
karenge,0,0.005504587156,-0.005504587156
karte,0.007339449541,0.0128440367,-0.005504587156
khana,0.001834862385,0.007339449541,-0.005504587156
kim,0,0.005504587156,-0.005504587156
koreanstudy,0,0.005504587156,-0.005504587156
koreanstyle,0,0.005504587156,-0.005504587156
ladka,0,0.005504587156,-0.005504587156
lahar,0,0.005504587156,-0.005504587156
lifeinindia,0,0.005504587156,-0.005504587156
lifewithnu,0,0.005504587156,-0.005504587156
lose,0.005504587156,0.01100917431,-0.005504587156
luggage,0,0.005504587156,-0.005504587156
maharashtra,0,0.005504587156,-0.005504587156
mama,0,0.005504587156,-0.005504587156
masterclass,0,0.005504587156,-0.005504587156
math,0,0.005504587156,-0.005504587156
matter,0,0.005504587156,-0.005504587156
mehandi,0,0.005504587156,-0.005504587156
mehndidesign,0.001834862385,0.007339449541,-0.005504587156
mehrab,0,0.005504587156,-0.005504587156
mendapatkan,0,0.005504587156,-0.005504587156
moment,0.01651376147,0.02201834862,-0.005504587156
morningmotivation,0.001834862385,0.007339449541,-0.005504587156
most,0.02201834862,0.02752293578,-0.005504587156
myfirstvlogonyoutube,0,0.005504587156,-0.005504587156
mylife,0,0.005504587156,-0.005504587156
nayi,0,0.005504587156,-0.005504587156
nexttoppers,0,0.005504587156,-0.005504587156
nightvlog,0,0.005504587156,-0.005504587156
normal,0.003669724771,0.009174311927,-0.005504587156
note,0,0.005504587156,-0.005504587156
option,0.001834862385,0.007339449541,-0.005504587156
owners,0,0.005504587156,-0.005504587156
photography,0.001834862385,0.007339449541,-0.005504587156
pookie,0,0.005504587156,-0.005504587156
popular,0.003669724771,0.009174311927,-0.005504587156
practical,0,0.005504587156,-0.005504587156
prakashvlogsindia,0,0.005504587156,-0.005504587156
prep,0.003669724771,0.009174311927,-0.005504587156
preparing,0.009174311927,0.01467889908,-0.005504587156
productiveday,0.005504587156,0.01100917431,-0.005504587156
rahe,0.009174311927,0.01467889908,-0.005504587156
rajasthan,0.001834862385,0.007339449541,-0.005504587156
recovering,0,0.005504587156,-0.005504587156
reelscreator,0,0.005504587156,-0.005504587156
regular,0.001834862385,0.007339449541,-0.005504587156
reporting,0.005504587156,0.01100917431,-0.005504587156
rider,0.003669724771,0.009174311927,-0.005504587156
saf,0,0.005504587156,-0.005504587156
safai,0,0.005504587156,-0.005504587156
sanu,0,0.005504587156,-0.005504587156
schoollifeindia,0,0.005504587156,-0.005504587156
second,0.001834862385,0.007339449541,-0.005504587156
seema,0,0.005504587156,-0.005504587156
shivaji,0,0.005504587156,-0.005504587156
sing,0,0.005504587156,-0.005504587156
skills,0.003669724771,0.009174311927,-0.005504587156
skincareroutine,0,0.005504587156,-0.005504587156
smirti,0,0.005504587156,-0.005504587156
sniper,0,0.005504587156,-0.005504587156
sourav,0.001834862385,0.007339449541,-0.005504587156
souravjoshi,0,0.005504587156,-0.005504587156
sport,0,0.005504587156,-0.005504587156
statute,0.001834862385,0.007339449541,-0.005504587156
stop,0.005504587156,0.01100917431,-0.005504587156
streetfood,0,0.005504587156,-0.005504587156
studygram,0.003669724771,0.009174311927,-0.005504587156
studyinspo,0,0.005504587156,-0.005504587156
studymusic,0.001834862385,0.007339449541,-0.005504587156
studytime,0,0.005504587156,-0.005504587156
subscribenow,0.003669724771,0.009174311927,-0.005504587156
subway,0,0.005504587156,-0.005504587156
successful,0.001834862385,0.007339449541,-0.005504587156
such,0.007339449541,0.0128440367,-0.005504587156
suitcase,0,0.005504587156,-0.005504587156
sure,0.007339449541,0.0128440367,-0.005504587156
syk,0,0.005504587156,-0.005504587156
table,0.001834862385,0.007339449541,-0.005504587156
teaching,0.005504587156,0.01100917431,-0.005504587156
teluguvlogs,0,0.005504587156,-0.005504587156
thai,0,0.005504587156,-0.005504587156
thatgirlroutine,0,0.005504587156,-0.005504587156
train,0,0.005504587156,-0.005504587156
transformation,0.001834862385,0.007339449541,-0.005504587156
triggered,0,0.005504587156,-0.005504587156
tuned,0.005504587156,0.01100917431,-0.005504587156
tutorials,0.007339449541,0.0128440367,-0.005504587156
upsclover,0,0.005504587156,-0.005504587156
upscmotivation,0,0.005504587156,-0.005504587156
upscstudyvlog,0,0.005504587156,-0.005504587156
vibes,0.02201834862,0.02752293578,-0.005504587156
villagelife,0.0128440367,0.01834862385,-0.005504587156
viralchallenge,0,0.005504587156,-0.005504587156
viralsong,0,0.005504587156,-0.005504587156
viralvlog,0.01100917431,0.01651376147,-0.005504587156
vlogmy,0,0.005504587156,-0.005504587156
voiceover,0,0.005504587156,-0.005504587156
wake,0.001834862385,0.007339449541,-0.005504587156
wants,0,0.005504587156,-0.005504587156
watermelon,0,0.005504587156,-0.005504587156
weight,0.005504587156,0.01100917431,-0.005504587156
womenlifevlog,0,0.005504587156,-0.005504587156
workshop,0,0.005504587156,-0.005504587156
yadav,0,0.005504587156,-0.005504587156
yahan,0,0.005504587156,-0.005504587156
youtubeblogger,0.001834862385,0.007339449541,-0.005504587156
youtubecreator,0.005504587156,0.01100917431,-0.005504587156
youtubestart,0,0.005504587156,-0.005504587156
youtubevlog,0.001834862385,0.007339449541,-0.005504587156
yoyo,0,0.005504587156,-0.005504587156
aane,0,0.007339449541,-0.007339449541
accountant,0,0.007339449541,-0.007339449541
aestheticvlog,0.01100917431,0.01834862385,-0.007339449541
allowance,0.003669724771,0.01100917431,-0.007339449541
anil,0,0.007339449541,-0.007339449541
anime,0.009174311927,0.01651376147,-0.007339449541
asia,0,0.007339449541,-0.007339449541
asthetic,0,0.007339449541,-0.007339449541
aura,0,0.007339449541,-0.007339449541
avangard,0,0.007339449541,-0.007339449541
ayt,0.003669724771,0.01100917431,-0.007339449541
balance,0.009174311927,0.01651376147,-0.007339449541
banana,0.001834862385,0.009174311927,-0.007339449541
bebefinn,0,0.007339449541,-0.007339449541
below,0,0.007339449541,-0.007339449541
bilaspur,0,0.007339449541,-0.007339449541
blog,0.03853211009,0.04587155963,-0.007339449541
bohot,0,0.007339449541,-0.007339449541
bpscstrategy,0,0.007339449541,-0.007339449541
brand,0.005504587156,0.0128440367,-0.007339449541
budget,0.007339449541,0.01467889908,-0.007339449541
bus,0,0.007339449541,-0.007339449541
buy,0.001834862385,0.009174311927,-0.007339449541
buying,0.001834862385,0.009174311927,-0.007339449541
calm,0.01651376147,0.02385321101,-0.007339449541
carnivore,0,0.007339449541,-0.007339449541
charane,0,0.007339449541,-0.007339449541
chestu,0,0.007339449541,-0.007339449541
chicagotiktok,0,0.007339449541,-0.007339449541
chill,0.009174311927,0.01651376147,-0.007339449541
clean,0.007339449541,0.01467889908,-0.007339449541
competitive,0.001834862385,0.009174311927,-0.007339449541
complete,0.007339449541,0.01467889908,-0.007339449541
dailyroutinevlog,0.001834862385,0.009174311927,-0.007339449541
dengan,0.001834862385,0.009174311927,-0.007339449541
desk,0.003669724771,0.01100917431,-0.007339449541
desksetup,0,0.007339449541,-0.007339449541
dheere,0,0.007339449541,-0.007339449541
djo,0,0.007339449541,-0.007339449541
dress,0.001834862385,0.009174311927,-0.007339449541
dubai,0,0.007339449541,-0.007339449541
educational,0.007339449541,0.01467889908,-0.007339449541
emirates,0,0.007339449541,-0.007339449541
experience,0.01467889908,0.02201834862,-0.007339449541
fan,0,0.007339449541,-0.007339449541
favor,0.001834862385,0.009174311927,-0.007339449541
fet,0.01100917431,0.01834862385,-0.007339449541
floor,0,0.007339449541,-0.007339449541
foot,0,0.007339449541,-0.007339449541
fruit,0,0.007339449541,-0.007339449541
gamavision,0,0.007339449541,-0.007339449541
glowup,0,0.007339449541,-0.007339449541
grade,0.003669724771,0.01100917431,-0.007339449541
hanuman,0.001834862385,0.009174311927,-0.007339449541
hindivlog,0.005504587156,0.0128440367,-0.007339449541
history,0.005504587156,0.0128440367,-0.007339449541
interview,0,0.007339449541,-0.007339449541
joshi,0.003669724771,0.01100917431,-0.007339449541
kaafi,0.003669724771,0.01100917431,-0.007339449541
kachalu,0,0.007339449541,-0.007339449541
kalindar,0,0.007339449541,-0.007339449541
kashish,0,0.007339449541,-0.007339449541
kaun,0,0.007339449541,-0.007339449541
klasky,0,0.007339449541,-0.007339449541
latenightstudy,0.001834862385,0.009174311927,-0.007339449541
lite,0,0.007339449541,-0.007339449541
liye,0.03486238532,0.04220183486,-0.007339449541
logon,0,0.007339449541,-0.007339449541
lollapalooza,0,0.007339449541,-0.007339449541
lovely,0.003669724771,0.01100917431,-0.007339449541
mart,0,0.007339449541,-0.007339449541
mindset,0.003669724771,0.01100917431,-0.007339449541
minute,0.001834862385,0.009174311927,-0.007339449541
myself,0.005504587156,0.0128440367,-0.007339449541
nail,0.001834862385,0.009174311927,-0.007339449541
naina,0,0.007339449541,-0.007339449541
newreel,0.001834862385,0.009174311927,-0.007339449541
newvlogger,0,0.007339449541,-0.007339449541
nezox,0,0.007339449541,-0.007339449541
plim,0,0.007339449541,-0.007339449541
podcast,0.005504587156,0.0128440367,-0.007339449541
poojai,0,0.007339449541,-0.007339449541
practice,0.001834862385,0.009174311927,-0.007339449541
productivity,0.04403669725,0.05137614679,-0.007339449541
puja,0.003669724771,0.01100917431,-0.007339449541
reactions,0.001834862385,0.009174311927,-0.007339449541
reallifevlog,0.001834862385,0.009174311927,-0.007339449541
research,0.007339449541,0.01467889908,-0.007339449541
review,0.003669724771,0.01100917431,-0.007339449541
routines,0.005504587156,0.0128440367,-0.007339449541
routinevlog,0.009174311927,0.01651376147,-0.007339449541
scholarship,0.005504587156,0.0128440367,-0.007339449541
search,0,0.007339449541,-0.007339449541
secret,0,0.007339449541,-0.007339449541
section,0.005504587156,0.0128440367,-0.007339449541
selfdiscipline,0.001834862385,0.009174311927,-0.007339449541
shots,0.005504587156,0.0128440367,-0.007339449541
skin,0.007339449541,0.01467889908,-0.007339449541
slowed,0,0.007339449541,-0.007339449541
speed,0.001834862385,0.009174311927,-0.007339449541
strong,0.003669724771,0.01100917431,-0.007339449541
studentlifelndia,0,0.007339449541,-0.007339449541
studv,0,0.007339449541,-0.007339449541
studyhacks,0.001834862385,0.009174311927,-0.007339449541
studywithmelive,0,0.007339449541,-0.007339449541
tam,0,0.007339449541,-0.007339449541
thank,0.02935779817,0.03669724771,-0.007339449541
thankyou,0,0.007339449541,-0.007339449541
thar,0,0.007339449541,-0.007339449541
trendingvideo,0.007339449541,0.01467889908,-0.007339449541
type,0.001834862385,0.009174311927,-0.007339449541
unique,0,0.007339449541,-0.007339449541
vairal,0.001834862385,0.009174311927,-0.007339449541
vampire,0,0.007339449541,-0.007339449541
version,0,0.007339449541,-0.007339449541
vid,0,0.007339449541,-0.007339449541
vloa,0,0.007339449541,-0.007339449541
vloc,0,0.007339449541,-0.007339449541
yet,0,0.007339449541,-0.007339449541
adayinmylife,0.01467889908,0.02385321101,-0.009174311927
also,0.02935779817,0.03853211009,-0.009174311927
armadamusic,0,0.009174311927,-0.009174311927
bahut,0.001834862385,0.01100917431,-0.009174311927
becoming,0.001834862385,0.01100917431,-0.009174311927
bgmi,0.007339449541,0.01651376147,-0.009174311927
body,0,0.009174311927,-0.009174311927
chapter,0.001834862385,0.01100917431,-0.009174311927
city,0.005504587156,0.01467889908,-0.009174311927
clothing,0.001834862385,0.01100917431,-0.009174311927
evening,0.005504587156,0.01467889908,-0.009174311927
explore,0.03669724771,0.04587155963,-0.009174311927
firstvideo,0.01100917431,0.02018348624,-0.009174311927
foodshorts,0,0.009174311927,-0.009174311927
holidays,0,0.009174311927,-0.009174311927
homelife,0,0.009174311927,-0.009174311927
hoon,0.01100917431,0.02018348624,-0.009174311927
infringing,0.001834862385,0.01100917431,-0.009174311927
inspiration,0.007339449541,0.01651376147,-0.009174311927
inspire,0,0.009174311927,-0.009174311927
inter,0,0.009174311927,-0.009174311927
interesting,0.001834862385,0.01100917431,-0.009174311927
korean,0.02385321101,0.03302752294,-0.009174311927
mai,0,0.009174311927,-0.009174311927
might,0.003669724771,0.0128440367,-0.009174311927
million,0.003669724771,0.0128440367,-0.009174311927
moments,0.05871559633,0.06788990826,-0.009174311927
momos,0,0.009174311927,-0.009174311927
morningroutine,0.02568807339,0.03486238532,-0.009174311927
motovlog,0.007339449541,0.01651376147,-0.009174311927
mumbai,0,0.009174311927,-0.009174311927
neha,0.001834862385,0.01100917431,-0.009174311927
otherwise,0.001834862385,0.01100917431,-0.009174311927
peaceful,0.009174311927,0.01834862385,-0.009174311927
per,0.001834862385,0.01100917431,-0.009174311927
pls,0,0.009174311927,-0.009174311927
preview,0.001834862385,0.01100917431,-0.009174311927
rahul,0,0.009174311927,-0.009174311927
relatable,0.02752293578,0.03669724771,-0.009174311927
shortvlog,0,0.009174311927,-0.009174311927
soft,0.007339449541,0.01651376147,-0.009174311927
studies,0.005504587156,0.01467889908,-0.009174311927
surprise,0.005504587156,0.01467889908,-0.009174311927
thgrade,0,0.009174311927,-0.009174311927
travel,0.07155963303,0.08073394495,-0.009174311927
upscjourney,0,0.009174311927,-0.009174311927
want,0.03486238532,0.04403669725,-0.009174311927
welcome,0.06422018349,0.07339449541,-0.009174311927
youtubejourney,0.005504587156,0.01467889908,-0.009174311927
youtubevloggers,0.007339449541,0.01651376147,-0.009174311927
ankit,0,0.01100917431,-0.01100917431
bakri,0,0.01100917431,-0.01100917431
batao,0,0.01100917431,-0.01100917431
cabin,0,0.01100917431,-0.01100917431
copyright,0.02935779817,0.04036697248,-0.01100917431
disclaimer,0.009174311927,0.02018348624,-0.01100917431
entertaining,0,0.01100917431,-0.01100917431
gym,0.02018348624,0.03119266055,-0.01100917431
hogi,0,0.01100917431,-0.01100917431
hot,0.003669724771,0.01467889908,-0.01100917431
indianvlogger,0.02201834862,0.03302752294,-0.01100917431
indianyoutuber,0.01100917431,0.02201834862,-0.01100917431
journey,0.1412844037,0.152293578,-0.01100917431
karen,0.001834862385,0.0128440367,-0.01100917431
maine,0.007339449541,0.01834862385,-0.01100917431
manage,0.003669724771,0.01467889908,-0.01100917431
meme,0.001834862385,0.0128440367,-0.01100917431
notes,0.003669724771,0.01467889908,-0.01100917431
part,0.02752293578,0.03853211009,-0.01100917431
perfect,0.01651376147,0.02752293578,-0.01100917431
permitted,0.001834862385,0.0128440367,-0.01100917431
productive,0.08623853211,0.09724770642,-0.01100917431
shortsviral,0.01467889908,0.02568807339,-0.01100917431
sports,0.001834862385,0.0128440367,-0.01100917431
topper,0.01100917431,0.02201834862,-0.01100917431
vacation,0,0.01100917431,-0.01100917431
vedios,0,0.01100917431,-0.01100917431
views,0.03302752294,0.04403669725,-0.01100917431
women,0,0.01100917431,-0.01100917431
wooden,0,0.01100917431,-0.01100917431
amazing,0.005504587156,0.01834862385,-0.0128440367
block,0.003669724771,0.01651376147,-0.0128440367
design,0.02568807339,0.03853211009,-0.0128440367
eggs,0,0.0128440367,-0.0128440367
english,0.009174311927,0.02201834862,-0.0128440367
ever,0.007339449541,0.02018348624,-0.0128440367
facts,0,0.0128440367,-0.0128440367
fast,0.01100917431,0.02385321101,-0.0128440367
fitness,0.005504587156,0.01834862385,-0.0128440367
healthy,0.003669724771,0.01651376147,-0.0128440367
hospital,0.001834862385,0.01467889908,-0.0128440367
karne,0,0.0128440367,-0.0128440367
karo,0.02385321101,0.03669724771,-0.0128440367
kelsey,0,0.0128440367,-0.0128440367
kelspersen,0,0.0128440367,-0.0128440367
money,0.007339449541,0.02018348624,-0.0128440367
non,0.003669724771,0.01651376147,-0.0128440367
routine,0.3651376147,0.3779816514,-0.0128440367
self,0.02018348624,0.03302752294,-0.0128440367
summer,0.009174311927,0.02201834862,-0.0128440367
tarbuj,0,0.0128440367,-0.0128440367
truck,0,0.0128440367,-0.0128440367
vedio,0,0.0128440367,-0.0128440367
wait,0.005504587156,0.01834862385,-0.0128440367
books,0.01100917431,0.02568807339,-0.01467889908
cocomelon,0,0.01467889908,-0.01467889908
cute,0.02201834862,0.03669724771,-0.01467889908
entertainment,0.02201834862,0.03669724771,-0.01467889908
firstshortvideo,0,0.01467889908,-0.01467889908
gamer,0.003669724771,0.01834862385,-0.01467889908
games,0.01100917431,0.02568807339,-0.01467889908
haul,0.01467889908,0.02935779817,-0.01467889908
henna,0,0.01467889908,-0.01467889908
lifestylevlog,0.02752293578,0.04220183486,-0.01467889908
liya,0.001834862385,0.01651376147,-0.01467889908
london,0.005504587156,0.02018348624,-0.01467889908
minivlogs,0.007339449541,0.02201834862,-0.01467889908
myfirstvlog,0.005504587156,0.02018348624,-0.01467889908
pehla,0.003669724771,0.01834862385,-0.01467889908
side,0.003669724771,0.01834862385,-0.01467889908
trp,0,0.01467889908,-0.01467889908
vlogvideo,0.007339449541,0.02201834862,-0.01467889908
arts,0.007339449541,0.02385321101,-0.01651376147
bpsc,0,0.01651376147,-0.01651376147
cuet,0,0.01651376147,-0.01651376147
earning,0.003669724771,0.02018348624,-0.01651376147
edition,0.009174311927,0.02568807339,-0.01651376147
every,0.03119266055,0.04770642202,-0.01651376147
experiences,0.003669724771,0.02018348624,-0.01651376147
introduction,0.01467889908,0.03119266055,-0.01651376147
keywords,0.007339449541,0.02385321101,-0.01651376147
kiya,0.01100917431,0.02752293578,-0.01651376147
kya,0.02018348624,0.03669724771,-0.01651376147
makeup,0.009174311927,0.02568807339,-0.01651376147
marketing,0.001834862385,0.01834862385,-0.01651376147
mehndi,0.01467889908,0.03119266055,-0.01651376147
mobile,0.01467889908,0.03119266055,-0.01651376147
shopping,0.01834862385,0.03486238532,-0.01651376147
skinny,0,0.01651376147,-0.01651376147
spicy,0.001834862385,0.01834862385,-0.01651376147
studytips,0.005504587156,0.02201834862,-0.01651376147
tha,0.007339449541,0.02385321101,-0.01651376147
aap,0.03119266055,0.0495412844,-0.01834862385
bengali,0,0.01834862385,-0.01834862385
care,0.007339449541,0.02568807339,-0.01834862385
chicago,0,0.01834862385,-0.01834862385
eating,0.01467889908,0.03302752294,-0.01834862385
malayalam,0.003669724771,0.02201834862,-0.01834862385
please,0.05688073394,0.0752293578,-0.01834862385
strategy,0.02752293578,0.04587155963,-0.01834862385
tags,0.01467889908,0.03302752294,-0.01834862385
telugu,0.001834862385,0.02018348624,-0.01834862385
tips,0.09174311927,0.1100917431,-0.01834862385
use,0.05137614679,0.06972477064,-0.01834862385
bag,0,0.02018348624,-0.02018348624
ghar,0.02385321101,0.04403669725,-0.02018348624
malik,0,0.02018348624,-0.02018348624
next,0.01834862385,0.03853211009,-0.02018348624
public,0.001834862385,0.02201834862,-0.02018348624
students,0.03302752294,0.05321100917,-0.02018348624
which,0.009174311927,0.02935779817,-0.02018348624
aur,0.1100917431,0.1321100917,-0.02201834862
cma,0,0.02201834862,-0.02201834862
effects,0,0.02201834862,-0.02201834862
gaye,0.003669724771,0.02568807339,-0.02201834862
gtb,0,0.02201834862,-0.02201834862
house,0.007339449541,0.02935779817,-0.02201834862
log,0.001834862385,0.02385321101,-0.02201834862
main,0.01834862385,0.04036697248,-0.02201834862
mehak,0,0.02201834862,-0.02201834862
personal,0.009174311927,0.03119266055,-0.02201834862
police,0,0.02201834862,-0.02201834862
survival,0,0.02201834862,-0.02201834862
viralshorts,0.03853211009,0.06055045872,-0.02201834862
ias,0,0.02385321101,-0.02385321101
mein,0.02752293578,0.05137614679,-0.02385321101
shinchan,0,0.02385321101,-0.02385321101
shortsvideo,0.007339449541,0.03119266055,-0.02385321101
trolley,0,0.02385321101,-0.02385321101
war,0.001834862385,0.02568807339,-0.02385321101
gameplay,0.005504587156,0.03119266055,-0.02568807339
science,0.005504587156,0.03119266055,-0.02568807339
street,0.01834862385,0.04403669725,-0.02568807339
foodie,0.0128440367,0.04036697248,-0.02752293578
grader,0.02018348624,0.04770642202,-0.02752293578
grwm,0.01834862385,0.04587155963,-0.02752293578
nagar,0,0.02752293578,-0.02752293578
studywithme,0.06788990826,0.09541284404,-0.02752293578
edit,0.03486238532,0.06422018349,-0.02935779817
studyroutine,0.003669724771,0.03302752294,-0.02935779817
bhagalpur,0,0.03119266055,-0.03119266055
cozy,0.009174311927,0.04036697248,-0.03119266055
delhi,0.02752293578,0.05871559633,-0.03119266055
fair,0.009174311927,0.04036697248,-0.03119266055
how,0.2385321101,0.2697247706,-0.03119266055
trichy,0,0.03119266055,-0.03119266055
trick,0,0.03119266055,-0.03119266055
challenge,0.03669724771,0.06972477064,-0.03302752294
gaya,0.005504587156,0.03853211009,-0.03302752294
housewife,0.007339449541,0.04036697248,-0.03302752294
pubg,0,0.03302752294,-0.03302752294
cal,0,0.03486238532,-0.03486238532
firstvlog,0.01651376147,0.05137614679,-0.03486238532
kaise,0.0752293578,0.1100917431,-0.03486238532
gaming,0.05688073394,0.09357798165,-0.03669724771
asmr,0.02201834862,0.06055045872,-0.03853211009
commerce,0.005504587156,0.04403669725,-0.03853211009
simple,0.05688073394,0.09724770642,-0.04036697248
tricks,0.001834862385,0.04220183486,-0.04036697248
kare,0.02385321101,0.06605504587,-0.04220183486
lifestyle,0.08623853211,0.128440367,-0.04220183486
morning,0.05871559633,0.1027522936,-0.04403669725
girl,0.009174311927,0.05504587156,-0.04587155963
preparation,0.1027522936,0.1486238532,-0.04587155963
studymotivation,0.04587155963,0.09174311927,-0.04587155963
shortsfeed,0.0623853211,0.1100917431,-0.04770642202
studyvlog,0.04403669725,0.09174311927,-0.04770642202
comedy,0.104587156,0.1541284404,-0.0495412844
college,0.2055045872,0.2660550459,-0.06055045872
transparent,0,0.06055045872,-0.06055045872
bsc,0,0.0623853211,-0.0623853211
youtubeshorts,0.1357798165,0.1981651376,-0.0623853211
vlogger,0.128440367,0.1926605505,-0.06422018349
editing,0.02018348624,0.0880733945,-0.06788990826
srm,0,0.06972477064,-0.06972477064
cleaning,0.003669724771,0.08073394495,-0.07706422018
humanities,0.001834862385,0.07889908257,-0.07706422018
cgl,0,0.07889908257,-0.07889908257
what,0.1596330275,0.2440366972,-0.08440366972
indian,0.04770642202,0.1467889908,-0.09908256881
aesthetic,0.1963302752,0.3211009174,-0.1247706422
eat,0.08073394495,0.2073394495,-0.1266055046
upsc,0.003669724771,0.1357798165,-0.1321100917
class,0.1706422018,0.3064220183,-0.1357798165
india,0.1137614679,0.2752293578,-0.1614678899
ssc,0.007339449541,0.1688073394,-0.1614678899
food,0.1357798165,0.2990825688,-0.1633027523
