bigram,count
ssc cgl,38
what eat,37
class class,36
how how,28
kaise kare,25
morning routine,25
student life,22
cgl preparation,21
fair use,20
aesthetic aesthetic,19
class humanities,18
street food,18
life india,17
life indian,16
preparation ssc,16
ssc cal,16
upsc aspirant,16
don forget,15
kaise banaye,15
cleaning transparent,14
please support,14
real life,14
food food,13
thumbnail kaise,13
comedy comedy,12
kare kaise,12
week life,12
aesthetic life,11
editing editing,11
exam preparation,11
indian aesthetic,11
stay consistent,11
food challenge,10
humanities books,10
mehak malik,10
aesthetic indian,9
delhi police,9
life aesthetic,9
mehndi design,9
preparation strategy,9
self care,9
upsc upsc,9
indian life,8
indian vlogger,8
lifestyle india,8
step step,8
studywithme studyvlog,8
tips tricks,8
voice over,8
banaye thumbnail,7
beginners ssc,7
cal preparation,7
copyright disclaimer,7
growth tips,7
how create,7
how voice,7
humanities class,7
india aesthetic,7
life student,7
night routine,7
routine aesthetic,7
routine upsc,7
start journey,7
strategy ssc,7
transparent cleaning,7
trolley bag,7
world tethys,7
act allowance,6
aesthetic asmr,6
after school,6
agar aapko,6
aspirant ssc,6
ayt games,6
books humanities,6
bsc bsc,6
comedy funny,6
copyright act,6
criticism news,6
disclaimer under,6
drop year,6
eat what,6
educational personal,6
fast food,6
food edition,6
funny moments,6
grow together,6
how shoot,6
india indian,6
infringing non,6
kabhi kabhi,6
let grow,6
life life,6
log cabin,6
might otherwise,6
news reporting,6
non profit,6
online earning,6
otherwise infringing,6
pasand aaye,6
permitted copyright,6
personal use,6
productive life,6
profit educational,6
reporting teaching,6
research fair,6
scholarship research,6
section copyright,6
such criticism,6
teaching scholarship,6
tips balance,6
under section,6
use permitted,6
use tips,6
use use,6
war comedy,6
world war,6
aesthetic lifestyle,5
aspirant life,5
balance favor,5
cbse class,5
challenge street,5
class boards,5
college life,5
everyone welcome,5
favor fair,5
food spicy,5
food street,5
hello guys,5
hey everyone,5
hindi comedy,5
humanities humanities,5
ias kaise,5
india india,5
india life,5
india travel,5
jee mains,5
kaise karen,5
kya aap,5
life chicago,5
life simple,5
life upsc,5
mat bhoolna,5
over how,5
productive morning,5
purposes such,5
routine student,5
small youtubers,5
ssc aspirant,5
ssc preparation,5
ssc ssc,5
stay tuned,5
student routine,5
studyvlog studywithme,5
studywithme studymotivation,5
support karo,5
support small,5
time table,5
trick trick,5
upsc preparation,5
use purposes,5
welcome back,5
which part,5
aaj mein,4
aap chote,4
aap log,4
aap logon,4
aapka support,4
aaye aur,4
aesthetic desk,4
aesthetic india,4
aesthetic motivation,4
aesthetic productive,4
allowance fair,4
asmr aesthetic,4
aur karna,4
aur zaroor,4
beginners follow,4
bell icon,4
books class,4
cbse grader,4
cgl ssc,4
chicago chicagotiktok,4
chicagotiktok lollapalooza,4
chote support,4
class jee,4
cleaning tutorial,4
clothes cleaning,4
clothing cleaning,4
college routine,4
comedy hindi,4
comedy stand,4
competitive exam,4
copyright statute,4
design beginners,4
desk setup,4
don give,4
early morning,4
earn money,4
eating challenge,4
edition what,4
effects hogi,4
firstvlog myfirstvlog,4
foot mehndi,4
funny comedy,4
girl morning,4
gym life,4
hai kisi,4
hai main,4
hot cleaning,4
hours challenge,4
house cleaning,4
how manage,4
iit jee,4
india funny,4
india how,4
jee aspirant,4
jee preparation,4
join journey,4
journey start,4
karna mat,4
kashish entertainment,4
kiya hai,4
korean food,4
life college,4
life gym,4
life moments,4
life pasand,4
life productive,4
life ssc,4
lollapalooza djo,4
malayalam life,4
mein hum,4
million views,4
motivation aesthetic,4
office life,4
par kaise,4
preparation beginners,4
preparation class,4
preview effects,4
rahul sing,4
real moments,4
routine ssc,4
side hustle,4
simple life,4
simple routine,4
south asia,4
stand comedy,4
statute might,4
studentlife studyroutine,4
studywithme class,4
summer holidays,4
support karenge,4
support means,4
till end,4
transparent clothing,4
transparent dress,4
travel india,4
year bsc,4
aap dekhenge,3
aap sab,3
aapko milega,3
aesthetic vibes,3
affiliate marketing,3
after humanities,3
after jee,3
agar pasand,3
ankit bhati,3
app editing,3
arts subject,3
asmr studywithme,3
aspirant aura,3
aspirant routine,3
aspirant upsc,3
aspirantlife competitiveexams,3
beautiful foot,3
beginner pro,3
belong respective,3
bhoolna thank,3
black girl,3
board exam,3
bpsc bpscstrategy,3
bsc year,3
buy kar,3
cgl aspirant,3
cgl exam,3
cgl plan,3
cgl strategy,3
challenge food,3
changed life,3
class cbse,3
class grader,3
class student,3
cleaning floor,3
college girl,3
comedy club,3
commerce grader,3
competitiveexams studentlifelndia,3
create how,3
create masterclass,3
creative idea,3
cut kiya,3
deta hai,3
dress cleaning,3
eating food,3
edit edit,3
editing capcut,3
every view,3
exam bsc,3
exam prep,3
food foodie,3
food tour,3
food what,3
foodie what,3
forget amazing,3
funny war,3
gameplay gaming,3
gameplay squad,3
gamer south,3
gaming couple,3
gaming india,3
girl aesthetic,3
grader cbse,3
grow avudham,3
growth journey,3
grwm college,3
gym motivation,3
hai agar,3
hai mera,3
har koi,3
hard work,3
haul india,3
healthy breakfast,3
hello everyone,3
hindi gaming,3
hindi hindi,3
hota hai,3
hours routine,3
how edit,3
how iphone,3
how prepare,3
how start,3
how yoyo,3
ias ips,3
ideas india,3
ideas life,3
india gaming,3
indian student,3
indian upsc,3
iphone how,3
jaata hai,3
jee cuet,3
jee drop,3
journey begins,3
journey phone,3
kaise bane,3
kalisi grow,3
kar liya,3
kar rahe,3
karte hain,3
karte raho,3
kim jong,3
kitne baje,3
learn how,3
let know,3
life after,3
life experiences,3
life funny,3
life how,3
life malayalam,3
life youtubeshorts,3
lifestyle aesthetic,3
liya shortsfeed,3
liye aaj,3
log support,3
makeup look,3
malik mehak,3
malik podcast,3
means everything,3
mehandi design,3
mehrab mehandi,3
mein aap,3
mera official,3
money online,3
motivation bsc,3
motivation life,3
motivation motivation,3
motivation motivational,3
motivation shortsfeed,3
nail appointment,3
neet aspirant,3
neet preparation,3
official profile,3
par aapko,3
please don,3
police exam,3
preparation journey,3
preparation upsc,3
prepare ssc,3
productivity tips,3
rahe hain,3
real journey,3
real time,3
respective owners,3
right place,3
rights belong,3
routine changed,3
routine life,3
routine lifestyle,3
routine motivation,3
routine night,3
routine real,3
routine routine,3
sab saath,3
secret tricks,3
shinchan pookie,3
shoot how,3
shortsvideo viralshorts,3
simple moments,3
simple student,3
simple tools,3
skin care,3
skincare self,3
sniper gameplay,3
soft girl,3
sourav joshi,3
spicy food,3
squad rush,3
ssc cql,3
start aaj,3
start kaise,3
students india,3
studyvlog aesthetic,3
support journey,3
sure join,3
test series,3
total cars,3
transparent clothes,3
transparent house,3
travel life,3
trick how,3
tricks tips,3
triggered insaan,3
trolley buy,3
tuned amazing,3
tutorial hot,3
upsc aspirants,3
upsc motivation,3
vampire total,3
views earning,3
viralvlog trendingvlog,3
vloc upsc,3
war memes,3
welcome ayt,3
what see,3
which moment,3
winterstudy aspirantlife,3
youtubeshorts shortsvideo,3
youtubeshorts trendingshorts,3
yoyo tricks,3
aage aur,2
aaj journey,2
aaj kalindar,2
aaj kuch,2
aane lage,2
aane wala,2
aankhon mein,2
aansu gaye,2
aap sabka,2
actually fun,2
actually months,2
adit shortsfeed,2
adventure reaction,2
aesthetic asthetic,2
aesthetic class,2
aesthetic cleaning,2
aesthetic cozy,2
aesthetic edit,2
aesthetic grwm,2
aesthetic ipop,2
aesthetic keywords,2
aesthetic malayalam,2
aesthetic morning,2
aesthetic productivity,2
aesthetic room,2
aesthetic routine,2
aesthetic simple,2
aesthetic student,2
aesthetic topper,2
aesthetics chill,2
aestheticstudy softproductivity,2
aestheticvlog dayinmylife,2
agar aap,2
akela nahi,2
alag hua,2
algorithm boost,2
allowance mad,2
also pretty,2
amazon affiliate,2
ang ganda,2
anil aytgems,2
animation gamavision,2
anime making,2
anime movies,2
anni okariki,2
apni journey,2
asmr asmr,2
asmr cozyliving,2
asmr kiiboom,2
aspirant ias,2
aspirant lifestyle,2
aspirant vloo,2
aspirants life,2
aspirants ssc,2
asthetic asthetic,2
asthetic life,2
audio library,2
audio transformation,2
audioeffects preview,2
aur aap,2
aur bhi,2
aur bohot,2
aur confusion,2
aur guys,2
aur interesting,2
aur kabhi,2
aur sab,2
aura indian,2
authentic storytelling,2
avoid backlog,2
avudham kalisi,2
aytgems game,2
baad ias,2
baar same,2
baar usse,2
baat next,2
back together,2
background music,2
backlog class,2
bada banne,2
badal deta,2
badhne lage,2
bag haul,2
bag shopping,2
bahut jaldi,2
banata edit,2
banate hain,2
banaye motivational,2
banaye rajesh,2
bane baad,2
banne pehle,2
bas itna,2
bas phone,2
batao agar,2
beautiful wooden,2
bebefinn cocomelon,2
bebefinn rights,2
become famous,2
bed liya,2
beech mein,2
beginner india,2
beginner vlogger,2
beginners govt,2
beginners guide,2
behind scenes,2
being organized,2
bhai hum,2
bhai please,2
bhojpuri song,2
big surprise,2
bikelife motovlog,2
bina edit,2
biology chemistry,2
birthday birthday,2
birthday liye,2
birthday surprise,2
blog trick,2
boards class,2
bohot excited,2
bohot saare,2
bola sach,2
bolu kabhi,2
bpsc preparation,2
break back,2
breakfast routine,2
breakfast self,2
bro bro,2
bro congratulations,2
bro never,2
brown noise,2
bsc exam,2
builders those,2
building wooden,2
builds survival,2
buying car,2
cabin builds,2
cabin start,2
cabin turns,2
cal dailv,2
cal full,2
cal ssc,2
cal strategy,2
calm aesthetic,2
calm summer,2
camera perfect,2
camera saamne,2
capture every,2
car studyvlog,2
care insights,2
care korean,2
care routine,2
care routines,2
care shopping,2
cars prices,2
catch every,2
certified public,2
chal raha,2
challenge motivation,2
challenge what,2
channa gravy,2
channels anni,2
charge nurse,2
chemistry physics,2
chesukundam kalisi,2
chhod par,2
chicago lifestyle,2
chicago skin,2
chill vibes,2
chinna channels,2
chinna chinna,2
chota hota,2
chota tha,2
city life,2
class aesthetic,2
class board,2
class life,2
class pcb,2
class productivity,2
class students,2
class tips,2
class upsc,2
class woke,2
clean drama,2
cleaning aesthetic,2
cleaning cleaning,2
cleaning hot,2
cleaning routine,2
clothing haul,2
cma inter,2
cma student,2
cocomelon logo,2
cocomelon original,2
cocomelon tam,2
college actually,2
college shinchan,2
college wear,2
comedy entertainment,2
comedy full,2
comedy memes,2
comedy war,2
comedy youtubeshorts,2
comedyshorts relatable,2
comedyshorts stvlog,2
coming soon,2
complete journey,2
confusion gaya,2
confusion kashish,2
consistency dailyroutine,2
consistency self,2
consistency success,2
construction using,2
couple gaming,2
cozy aesthetic,2
cozy interior,2
cozy productive,2
cozy room,2
cozy vibes,2
cozyliving aestheticvlog,2
cozystudy studytips,2
create app,2
created prismlivestudio,2
creative visual,2
credits inspiration,2
credits plim,2
cricket rcb,2
csupo effects,2
cuet class,2
cupid dashboard,2
current affairs,2
cute nails,2
cute notes,2
cute outfits,2
dada comedy,2
dark reality,2
dashboard life,2
dayout collegelife,2
dekhenge excitement,2
delhi food,2
delhiaspirant delhilife,2
delhilife upscenvironment,2
delicious food,2
deserve support,2
desi blog,2
desi please,2
design cozy,2
desksetup studywithme,2
dheere badhne,2
dheere dheere,2
diaries cozy,2
dil baat,2
din aap,2
din rahul,2
din thak,2
dino chal,2
discipline selfdiscipline,2
disclaimer copyright,2
disclaimer educational,2
diy builders,2
diya simple,2
diybuild rabeenaguptaofficial,2
djo week,2
don miss,2
doston main,2
doston small,2
drama viewing,2
draw shinchan,2
dream off,2
dubai per,2
each other,2
earning growth,2
earning million,2
earning money,2
easy beautiful,2
easy mehndi,2
easy mehrab,2
eat eggs,2
eat foodie,2
eat getting,2
eat korean,2
eat lose,2
eat realistic,2
eat street,2
eat wedding,2
eat yummy,2
edit aesthetic,2
edit editing,2
edit how,2
edit karta,2
edit mobile,2
edit sirf,2
edit tiktok,2
edit work,2
editing full,2
editing how,2
editing kaise,2
edition animation,2
edition whatieatinaday,2
edugudham please,2
effects gamavision,2
effects logo,2
effects preview,2
effectsinspire sponsoredbypreview,2
eggs every,2
end see,2
end tak,2
enjoy relatable,2
enjoy sports,2
enjoy what,2
enjoyed transformation,2
entertainment explore,2
entertainment hello,2
entertainment meri,2
entrance exam,2
ever hai,2
every credits,2
every moment,2
every single,2
exam aesthetic,2
exam class,2
exam motivation,2
exam success,2
exams voutube,2
examstrategy examready,2
excited hoon,2
excitement birthday,2
experience complete,2
explore india,2
explore page,2
fancy camera,2
farq bas,2
fav naina,2
final line,2
finally bought,2
finish pure,2
firstvideo introduction,2
fitness life,2
fiza dada,2
focuses creative,2
focusvibes studymotivation,2
follow along,2
follow instagram,2
follow mehndidesign,2
food anime,2
food eating,2
food fast,2
food healthy,2
food hour,2
food korean,2
food review,2
food thai,2
foryou foryoupage,2
foryou free,2
free beginner,2
free fire,2
free funny,2
freefire freefirelovers,2
freefirelovers foryou,2
full fun,2
full preparation,2
fullvlog lifestylevlog,2
fun college,2
fun collegelife,2
funny hindi,2
funny indian,2
funny indianlaughs,2
funny travel,2
funnyshorts comedyshorts,2
funnyvideo entertainment,2
future plans,2
gamavision csupo,2
gamavision plimplim,2
game welcome,2
gamer mumbai,2
games anil,2
games gaming,2
gaming anil,2
gaming ayt,2
gaming gameplay,2
gaming gaming,2
gaming hindi,2
gaming tutorials,2
gaya mein,2
gaye pehli,2
genuine experiences,2
getting life,2
getting views,2
ghar bhai,2
girl aesthetics,2
girl transparent,2
glycolic acid,2
govt exams,2
grade class,2
grader buying,2
grader class,2
grader commerce,2
grader grade,2
grid living,2
grow faster,2
grow here,2
growth youtubeindia,2
grwm cute,2
guess karo,2
guys guess,2
guys hope,2
guys welcome,2
gym music,2
hai aur,2
hai bhai,2
hai chhod,2
hai farq,2
hai final,2
hai jisme,2
hai kaise,2
hai mat,2
hai par,2
hai thanks,2
hain aap,2
hain ias,2
hain toh,2
handmehndi arabichenna,2
hanuman jayanti,2
happy tamil,2
har baar,2
har pal,2
hardwork smartstudy,2
haryanvi comedy,2
haul grwm,2
haul trolley,2
healthy habits,2
hello friends,2
help build,2
help small,2
high quality,2
hindi funny,2
hindi grwm,2
hindi india,2
hindi life,2
history chapter,2
hoga par,2
hogi cocomelon,2
hogi hogicolors,2
hogi klasky,2
hogicolors hogisongs,2
hogienespa klaskycsupo,2
hogisongs hogienespa,2
holy knight,2
homebody diaries,2
hoon aap,2
hoon din,2
hoon shayad,2
hope tags,2
hot transparent,2
hote hain,2
hours hours,2
house perfect,2
house projects,2
how blog,2
how crack,2
how film,2
how instagram,2
how interesting,2
how log,2
how script,2
howa mehak,2
hua views,2
hum big,2
hum hai,2
hum kaha,2
humanities adda,2
humanities career,2
humanities grader,2
humanities student,2
humanities topper,2
ias aspirant,2
income ideas,2
india aspirant,2
india beginner,2
india class,2
india introduction,2
india journey,2
india lifestyle,2
india real,2
india routine,2
india small,2
india youtubeshorts,2
indian cozy,2
indian girl,2
indian travel,2
indianlaughs comedyshorts,2
indianvlogger vlogindia,2
indianyoutuber newreel,2
inspiration inspired,2
inspire story,2
inspired cocomelon,2
inspired unboxing,2
instagram account,2
inter preparation,2
interior design,2
introduction beginner,2
introduction firstvideoonyoutube,2
intrologoeffects soundvariations,2
introvert homebody,2
ipop india,2
itna hai,2
jee aspirants,2
jee strategy,2
jee tips,2
jisme maine,2
job life,2
journal ideas,2
journey badal,2
journey building,2
journey catch,2
journey india,2
journey life,2
journey pehla,2
journey real,2
journeystarts viralvlog,2
kaafi dino,2
kaafi funny,2
kabhi kisi,2
kabhi lagta,2
kabhi peyar,2
kabhi zero,2
kaha rahe,2
kahani rahul,2
kaisa laga,2
kalindar tarbuj,2
kalisi edugudham,2
kar diya,2
kar lega,2
kar lena,2
kare how,2
kare kese,2
kare ssc,2
karein aur,2
karenge rahul,2
karenge xtreme,2
karke zaroor,2
karne liye,2
karo aur,2
karo doston,2
karo hum,2
karo karo,2
karoge usne,2
karta karta,2
karta phir,2
karta shayad,2
kawish tamimi,2
kelsey jespersen,2
kese karte,2
keyboard asmr,2
keywords aesthetic,2
kiiboom keyboard,2
kisi nahi,2
kisi poori,2
kisi support,2
kitne kitne,2
kiya summer,2
klasky enjoyed,2
klasky klaskycsupoeffects,2
klaskycsupo klasky,2
klaskycsupoeffects bebefinn,2
koi chota,2
koi fancy,2
korean language,2
korean skincare,2
koreanstyle koreanstudy,2
kuch alag,2
kuch hoga,2
kya vlogger,2
laga main,2
lage aane,2
lage bhai,2
lagta hai,2
last minute,2
late night,2
lega small,2
lekin beech,2
lewis hamilton,2
life anime,2
life aur,2
life back,2
life beautiful,2
life bsc,2
life class,2
life cupid,2
life dayinmylife,2
life enjoy,2
life exam,2
life fitness,2
life introvert,2
life jee,2
life journey,2
life lab,2
life love,2
life morning,2
life nails,2
life real,2
life routine,2
life self,2
life street,2
life week,2
life welcome,2
life which,2
lifeinindia sliceoflife,2
lifestyle fashion,2
lifestyle hacks,2
lifestyle moments,2
lifestyle morning,2
lifestyle vlogger,2
lifestylevlog hindivlog,2
line bada,2
little moments,2
living alone,2
living log,2
liye bahut,2
liye follow,2
liye tha,2
log karke,2
logcabin survival,2
logo audioeffects,2
logon liye,2
look grwm,2
lose weight,2
lovers diy,2
mad fair,2
main akela,2
main bohot,2
maine apna,2
maine apne,2
makeover aesthetic,2
making noodles,2
malayalam aesthetics,2
malik kabhi,2
mana chinna,2
manage time,2
mango please,2
manoj dey,2
masterclass free,2
mat ruk,2
material used,2
materials simple,2
maths preparation,2
means world,2
mehndidesign handmehndi,2
mein aansu,2
mein kaafi,2
meme comedy,2
memes comedy,2
memes funny,2
mera pehla,2
mere indian,2
mere liye,2
meri ever,2
meri journey,2
meri pehli,2
mil jaata,2
minifirstvlog vlogger,2
minivlogs minifirstvlog,2
mobile editing,2
moments aur,2
moments life,2
moments next,2
moments travel,2
months aur,2
morning evening,2
morning kuch,2
morning morning,2
morning motivation,2
morning woke,2
morningroutine glowup,2
most want,2
mostpopular diybuild,2
motivation asmr,2
motivation result,2
motivation routine,2
motivation struggle,2
motivation students,2
motivation studymotivation,2
motivation upsc,2
motivation views,2
motivational motivation,2
much thanks,2
music files,2
music gym,2
myfirstvlog funnyvlog,2
myfirstvlogonyoutube myfirstvlog,2
nahi hoon,2
nahi hota,2
nails asmr,2
nails cute,2
naina naina,2
natural history,2
natural materials,2
natural wooden,2
nature lovers,2
neetaspirant neetprep,2
neha neha,2
neha vlogger,2
never give,2
newreel vlogger,2
newyoutuber firstvideo,2
next morning,2
next time,2
next vid,2
next week,2
night duty,2
night morning,2
night night,2
noise cpla,2
noodles delicious,2
notification ssc,2
nurse chicago,2
off grid,2
okariki okaru,2
okaru support,2
online amazon,2
online exam,2
online side,2
only natural,2
organized night,2
original credits,2
original source,2
other please,2
outfit ideas,2
outfits soft,2
own original,2
owners own,2
pal capture,2
panties transparent,2
paper arts,2
par har,2
par phir,2
part most,2
pasand hain,2
passive income,2
peaceful life,2
pehle har,2
pehli baar,2
per month,2
perfect nature,2
perfect setup,2
personal growth,2
peyar howa,2
phir sochta,2
phir wait,2
phone aur,2
phone money,2
phone unboxing,2
pinterest inspired,2
pitch edition,2
plan beginners,2
plan delhi,2
plan kaafi,2
plan kar,2
planning funny,2
please tearfultails,2
plim hogi,2
plim plim,2
plimplim song,2
plz suport,2
podcast mehak,2
police preparation,2
polity revision,2
poojai poojai,2
pookie college,2
poori journey,2
positive mindset,2
post kar,2
pragati shreya,2
pre board,2
preparation how,2
preparation jee,2
preparation productive,2
preparation routine,2
preparation saath,2
preparation start,2
preparation tips,2
preparing jee,2
preview effectsinspire,2
prices kya,2
pro secret,2
productive aesthetic,2
productive after,2
productive clean,2
productivestudy studygram,2
professional demands,2
profile hai,2
projects logcabin,2
pubg mobile,2
pure survival,2
question paper,2
raha tha,2
rahe aur,2
rahe plan,2
rahul aankhon,2
rahul samjha,2
rajesh jaisa,2
real house,2
real madrid,2
real routine,2
real student,2
realistic what,2
reality small,2
reference books,2
relatable funnyvideo,2
relatable student,2
respect every,2
result views,2
rice water,2
romanticizing life,2
room makeover,2
routine aspirant,2
routine calm,2
routine discipline,2
routine indian,2
routine london,2
routine long,2
routine pinterest,2
routine please,2
routine poojai,2
routine start,2
routine trendingsong,2
routine which,2
routine youtubeshorts,2
roz woh,2
ruk kar,2
saamne bola,2
saare sapne,2
saath apni,2
saath life,2
sab birthday,2
sabka support,2
sach bolu,2
sakte hain,2
same result,2
samjha kabhi,2
sapne roz,2
school studywithme,2
script how,2
see how,2
see next,2
see through,2
seema haider,2
self love,2
selfdiscipline studentlife,2
setup aesthetic,2
setup bas,2
shayad aaj,2
shayad din,2
shinchan lifestylevlog,2
shinchan shinchan,2
shopping being,2
shopping haul,2
shortsfeed please,2
shortsfeed smallyoutuber,2
shortsfeed trolley,2
shortsfeed upsc,2
shortsvideo shortsviral,2
shows step,2
shreya class,2
simple bina,2
simple lifestyle,2
sing chota,2
sing kahani,2
sirf dil,2
skills natural,2
skincare journaling,2
sliceoflife vloglife,2
slowproductivity focusvibes,2
small deserve,2
small india,2
small needs,2
small roblox,2
sochta hoon,2
social media,2
soft aesthetic,2
softproductivity slowproductivity,2
someone who,2
song editing,2
song effects,2
song freefire,2
soundvariations preview,2
source material,2
sparta pitch,2
speculative natural,2
spicy mango,2
spicy youtubeshorts,2
sponsoredbypreview effects,2
sports food,2
sports reactions,2
ssc aspirants,2
ssc maths,2
ssc mts,2
start finish,2
start karne,2
start lifestyle,2
start online,2
starting journey,2
stay connected,2
step construction,2
story hub,2
story kya,2
strategy beginners,2
strategy class,2
stream created,2
stretching skincare,2
struggle growth,2
student aesthetic,2
student lifestyle,2
studentlife studentmotivation,2
studies class,2
studygram aestheticstudy,2
studyhacks studytips,2
studymotivation aesthetic,2
studymotivation cozystudy,2
studymotivation discipline,2
studymotivation studentlife,2
studyroutine delhiaspirant,2
studytips desksetup,2
studytips studyhacks,2
studyvlog class,2
studyvlog productivestudy,2
studyvlog studydiary,2
studywithme dayinmylife,2
style comedy,2
style shows,2
subject question,2
subscribers don,2
sulochana yadav,2
sumaiya robayed,2
summer start,2
support chesukundam,2
support food,2
support india,2
support kar,2
support karoge,2
support karte,2
support mere,2
support meri,2
support mil,2
support motivation,2
support rahul,2
support thankyou,2
surge audio,2
surprise plan,2
surprise planning,2
surprise travel,2
survival house,2
survival skills,2
survival style,2
survival timelapsea,2
suspense unexpected,2
swagat hai,2
tags aesthetic,2
tam bebefinn,2
tam tam,2
tamil year,2
tarak mehta,2
tarbuj cut,2
tearfultails cheyandi,2
tethys world,2
tha actually,2
tha koi,2
tha lekin,2
thai food,2
thak usne,2
thank being,2
thank supporting,2
thank viewers,2
thankyou virlvlogs,2
thatgirlroutine morningroutine,2
thgrade thgrade,2
those who,2
timelapsea woodenhouse,2
tips jee,2
tips upsc,2
together romanticizing,2
tools till,2
topper mindset,2
transformation fair,2
transformation sure,2
transparent girl,2
transparent transparent,2
travel confusion,2
travel suspense,2
trendingsong islam,2
trendingvideo viralreels,2
trendingvlog fullvlog,2
trick tips,2
tricks editing,2
tricks how,2
tricks instagram,2
tricks kaise,2
truck driver,2
truck modify,2
turns beautiful,2
tutorials hindi,2
twist aur,2
ultimatecomedy funny,2
unboxing clothing,2
unboxing shopping,2
unboxing travel,2
unexpected twist,2
upsc india,2
upsc prelims,2
upsc routine,2
upsc ssc,2
upsc topper,2
upscenvironment winterstudy,2
upscjourney studyroutine,2
upsclover iasaspirantstudyvlog,2
use audio,2
use disclaimer,2
use intrologoeffects,2
used edit,2
using only,2
usne camera,2
usne post,2
usse laga,2
vacation life,2
version yourself,2
vibes cute,2
vibes what,2
viewing nail,2
views aur,2
views dheere,2
views motivation,2
views small,2
village life,2
viralshorts shortsfeed,2
virlvlogs newvlog,2
visual audio,2
vloa ssc,2
vlogger hindi,2
vlogger india,2
vlogger life,2
vlogger vampire,2
vlogging vlogger,2
vloggingstart indianvlogger,2
vlogindia youtubejourney,2
vloglife aesthetic,2
voiceover how,2
voutube ssc,2
wait karta,2
wait next,2
wake early,2
wala hai,2
want full,2
want funny,2
want next,2
want real,2
water glycolic,2
wedding edition,2
weekly week,2
welcome excited,2
welcome kashish,2
welcome life,2
welcome ultimatecomedy,2
welcome where,2
wellness tips,2
what expect,2
what happens,2
whatieatinaday adayinmylife,2
whatieatinaday shortsvideo,2
when college,2
where find,2
who dream,2
who wants,2
why started,2
without backlog,2
woh banata,2
woke studyvlog,2
wooden house,2
wooden log,2
wooden survival,2
woodenhouse mostpopular,2
work focuses,2
work how,2
work life,2
xtreme bikelife,2
yeh mera,2
yeh meri,2
yet easy,2
youtubejourney journeystarts,2
youtubers shortsfeed,2
youtubeshorts april,2
youtubeshorts indianyoutuber,2
youtubeshorts motivation,2
youtubeshorts viralshorts,2
yummy food,2
zaroor batao,2
zaroor kare,2
zaroor karein,2
zindagi har,2
aage sikh,1
aaj banayenge,1
aaj bilkul,1
aaj din,1
aaj hamesha,1
aaj har,1
aaj maine,1
aaj start,1
aaj subah,1
aane wali,1
aap apni,1
aap baithe,1
aap batao,1
aap bhi,1
aap college,1
aap gaming,1
aap gap,1
aap jaoge,1
aap jarur,1
aap sabhi,1
aap weekly,1
aapane dil,1
aapka aedo,1
aapka aur,1
aapke liye,1
aapke saath,1
aapki batt,1
aapki help,1
aapko achcha,1
aapko aise,1
aapko construction,1
aapko har,1
aapko meri,1
aapko milenge,1
aapko pasand,1
aapko real,1
aapne classes,1
aaungi give,1
aaya tha,1
aaya ungli,1
aaye kare,1
aaye karo,1
aaye toh,1
aayengi firstvideo,1
aayi studentlife,1
abb car,1
abhi hai,1
abhi hour,1
abhishek aesthetic,1
abhishek awasthi,1
able guys,1
abroad bsc,1
abu hujan,1
academic academicsuccess,1
academic validation,1
academic work,1
academicsuccess motivatedstudent,1
academicvlog studytips,1
acche hai,1
acchi acchi,1
acchi lagegi,1
acchi mein,1
accident thevishalks,1
account tkcreater,1
account trick,1
accountant accountant,1
accountant certified,1
accountant exam,1
accountant stream,1
achcha laga,1
achi nhi,1
achieve goals,1
acid face,1
acid ultimate,1
action packed,1
active sehari,1
activities active,1
activities hain,1
activity even,1
actually move,1
actually obsessedddd,1
actually simple,1
actually vacation,1
actually village,1
adalah proyek,1
adapting imperfect,1
aday street,1
adayinmylife adayinthelife,1
adayinmylife after,1
adayinmylife dailyroutine,1
adayinmylife deskdecor,1
adayinmylife food,1
adayinmylife ias,1
adayinmylife streetfood,1
adayinthelife productivity,1
add calm,1
add voice,1
add what,1
adda class,1
adda political,1
adhi chusi,1
aditya creating,1
adn edit,1
ads ang,1
ads haba,1
advanced editing,1
adventure life,1
adventuretime indiatravel,1
advertisement ias,1
advika class,1
aedo aedocutoff,1
aedo bpsc,1
aedo cutoff,1
aedo exam,1
aedocutoff upscstudyvlog,1
aesthetic aestheticday,1
aesthetic after,1
aesthetic amroutine,1
aesthetic background,1
aesthetic birthdaycelebration,1
aesthetic birthdayvlog,1
aesthetic breakfast,1
aesthetic china,1
aesthetic clothes,1
aesthetic coffee,1
aesthetic college,1
aesthetic compilation,1
aesthetic cute,1
aesthetic desksetup,1
aesthetic girl,1
aesthetic hindi,1
aesthetic homework,1
aesthetic jee,1
aesthetic liked,1
aesthetic making,1
aesthetic motivate,1
aesthetic natural,1
aesthetic night,1
aesthetic notes,1
aesthetic phone,1
aesthetic ready,1
aesthetic relaxing,1
aesthetic scholarship,1
aesthetic school,1
aesthetic setup,1
aesthetic shopping,1
aesthetic shortsvideo,1
aesthetic stationery,1
aesthetic studymotivation,1
aesthetic summer,1
aesthetic tiktok,1
aesthetic transitions,1
aesthetic vlogger,1
aesthetic voiced,1
aesthetic voiceless,1
aestheticcleaning cleanwithme,1
aestheticday productivedayinmylife,1
aestheticlife mindfulness,1
aestheticlifestyle vlogging,1
aesthetics drop,1
aesthetics life,1
aestheticstudy cozyvlog,1
aestheticstudy productivity,1
aestheticstudy studentlife,1
aestheticvideo studymusic,1
aestheticvlog aestheticstudy,1
aestheticvlog casuallook,1
aestheticvlog daysinmylife,1
aestheticvlog slowliving,1
aestheticvlog studyroutine,1
aestheticvlog vacationvlog,1
aestheticvlog voicelessvlog,1
affairs note,1
affairs preparation,1
affordable luggage,1
after after,1
after arts,1
after break,1
after office,1
after selection,1
aftermarriage marriedlife,1
afterschool thclass,1
again jee,1
agar mujhse,1
agar tum,1
age ritu,1
agle pro,1
agle sal,1
ahh holy,1
aicreativeidea onlineearning,1
aims inspire,1
aindi epudu,1
air hutan,1
airport prep,1
aisa fresh,1
aise funny,1
aise liye,1
aise mehnat,1
aise padhugi,1
aise real,1
aivideo firstvlog,1
akal doston,1
akan berlibur,1
akan membantu,1
akan mengatur,1
akhirnya aku,1
akka naa,1
akka thinking,1
akshita sharma,1
aktif belajar,1
aku akan,1
aku kembali,1
aku pasti,1
alag level,1
alakhpandey thank,1
alert apni,1
alight motion,1
allabus bhai,1
allee yeyy,1
alone anymore,1
alone london,1
alone upse,1
along also,1
along football,1
along motivation,1
along stay,1
along way,1
along what,1
alot motivation,1
already feels,1
also class,1
also connects,1
also contain,1
also feel,1
also follow,1
also gang,1
also increase,1
also job,1
also leave,1
also love,1
also mock,1
also productive,1
also showed,1
also simple,1
also struggle,1
also student,1
also trying,1
also uplifts,1
also wake,1
always dreamed,1
always stay,1
always striving,1
always support,1
always wanted,1
amazing aane,1
amazing coming,1
amazing firstvlog,1
amazing gaming,1
amazing jaise,1
amazing lifestyle,1
amazing mehndi,1
amazing super,1
amazing travelvlog,1
amazing wait,1
amazing which,1
amazon class,1
amazon side,1
ambience writer,1
amisha yadav,1
amkare hey,1
amount till,1
amroutine studyroutine,1
amrrakgondola trolibelanja,1
amstudy studywithme,1
amstudysession studyrant,1
amusementpark relatable,1
ancestors didn,1
ancient earth,1
andar fir,1
andrea andrea,1
andrea isaac,1
anduke chesthunnanu,1
ani adhi,1
anil gaming,1
anil mein,1
animake here,1
animation college,1
anime characters,1
anime movie,1
anime much,1
anime put,1
anime rahul,1
ankit bhat,1
ankit malik,1
ankit sir,1
ann eee,1
anna vishayam,1
another another,1
another step,1
another videoooo,1
answer arts,1
answer during,1
answer writing,1
answering vlogging,1
anurag class,1
anushkaa music,1
anymore join,1
anyone follow,1
anyone noticed,1
anyone smile,1
anywhere stagnant,1
apka bhi,1
apka monetize,1
apna desi,1
apna laptop,1
apna pura,1
apna real,1
apna simple,1
apne andar,1
apne baare,1
apne din,1
apne goals,1
apni activities,1
apni kahani,1
apni padhaai,1
app alag,1
app beginner,1
app complete,1
app simple,1
appeal question,1
appeal supportsmallcreators,1
applied rather,1
apply cheyali,1
apply own,1
appointment drama,1
appointment hey,1
appointment time,1
appreciate authentic,1
appreciated studywithme,1
apps edit,1
apps websites,1
appudu naaku,1
april aaj,1
april desi,1
apsc aspirants,1
apsc motivational,1
arabichenna beautiful,1
arabichenna easy,1
arabicmehndi indianmehndi,1
arc onepiece,1
arithmetic math,1
army memes,1
around people,1
around things,1
art caf,1
art draw,1
art everyday,1
articleship cma,1
articleship grow,1
articleship life,1
artist link,1
arts career,1
arts grader,1
arts history,1
arts students,1
arya class,1
asalu monitization,1
ash rain,1
ashortaday explore,1
asia bgmi,1
asia family,1
asia hall,1
asia official,1
ask desi,1
asli legne,1
asmr korean,1
asmr mukbang,1
asmr realsound,1
asmrshorts aestheticvlog,1
aspirant ankit,1
aspirant aspirant,1
aspirant cbse,1
aspirant class,1
aspirant cuettips,1
aspirant dehradun,1
aspirant exam,1
aspirant indian,1
aspirant journey,1
aspirant living,1
aspirant morning,1
aspirant neet,1
aspirant night,1
aspirant productive,1
aspirant studv,1
aspirant studywithmeindia,1
aspirant techniques,1
aspirant vloc,1
aspirantaura prelims,1
aspirantlife aspirant,1
aspirantlife studentlifelndia,1
aspirants apsc,1
aspirants aspirant,1
aspirants aspirantlife,1
aspirants aura,1
aspirants cracking,1
aspirants how,1
aspirants indian,1
aspirants kota,1
aspirants motivation,1
aspirants motivational,1
aspirants preparing,1
aspirants success,1
aspirants test,1
aspirants vloc,1
aspirantslife upscjourney,1
aspirantsupsc aspirants,1
aspirantvlog aspirant,1
aspiring writer,1
assamese class,1
assembly activity,1
assignments bsc,1
astuti youtubeshorts,1
ate love,1
ateee cuteee,1
ati kya,1
ati tumhe,1
atmosphere behind,1
attain physique,1
attempt let,1
attending prom,1
attention kindly,1
attitude fun,1
attitude life,1
attorney exam,1
attribution license,1
attribution required,1
audience succeeded,1
audience why,1
audio help,1
audio many,1
audio small,1
audio track,1
aur agle,1
aur aise,1
aur amazing,1
aur batayein,1
aur bell,1
aur better,1
aur book,1
aur chemistry,1
aur desi,1
aur enjoy,1
aur experience,1
aur funny,1
aur gaming,1
aur hai,1
aur hour,1
aur humara,1
aur maine,1
aur mast,1
aur meri,1
aur motivation,1
aur mujhe,1
aur naye,1
aur pooja,1
aur quran,1
aur sabke,1
aur thanda,1
aur thoda,1
aur tutorials,1
aur yeh,1
aur zarur,1
aura productive,1
aura upsc,1
australia hop,1
authentic lifestyle,1
authentic tone,1
authenticity meet,1
available distribute,1
avenue chicken,1
avishi class,1
avoid procrastination,1
avudham support,1
avunu nijamee,1
awasthi meri,1
awesome anime,1
awesome beautifull,1
awley awleyy,1
awleyy scroll,1
aytgames gamingintro,1
azzamstainless rakgondolasurabaya,1
baad aise,1
baad ghar,1
baad kya,1
baare bataya,1
baat karte,1
baat nahin,1
back activities,1
back after,1
back big,1
back energy,1
back letsgo,1
back making,1
back routine,1
back start,1
back update,1
backbenchersunite studylifereality,1
background aesthetic,1
backlog indian,1
backlog method,1
backlog solution,1
backpack jobexplained,1
backtoschool bangladesh,1
bad because,1
bad everything,1
bad kitne,1
badal sakta,1
badges exclusive,1
bag forget,1
bag india,1
bag luggage,1
bag minivlogs,1
bag purchase,1
bag review,1
bag unboxing,1
bagian tethys,1
bagshopping newbag,1
bahasa inggris,1
bahu comedy,1
bahut acchi,1
bahut high,1
bahut important,1
bahut improve,1
bahut kuchh,1
baik saya,1
bairan chill,1
baithe kaun,1
baje aap,1
baje fir,1
baje tak,1
bajrangbali festivalvlog,1
bajrangbali kripa,1
balance favour,1
balance growth,1
balance real,1
balancing professional,1
balik beberapa,1
balik cerita,1
balik tethys,1
ban chestharu,1
ban sakte,1
bana rahe,1
banaen motovlog,1
banana firstvideo,1
banana smp,1
banane main,1
banati hain,1
banaya jaata,1
banaye google,1
banaye mobile,1
banaye vlogger,1
banaye vlogging,1
banayenge unke,1
band bulking,1
band morning,1
banda congratulations,1
bane vikas,1
bangladesh bangladeshivlog,1
bangladeshivlog desksetup,1
bangun melalui,1
bani rahe,1
bank ias,1
banna hai,1
bano keywords,1
banta hai,1
banyak belajar,1
bar comedy,1
baru untuk,1
baru visual,1
based count,1
based korea,1
bat didi,1
bataen hamen,1
batana aur,1
batao kaisa,1
batao kaun,1
bataya hai,1
batayein kaisa,1
batt bilkul,1
battlefield improving,1
battles pro,1
bazar sourab,1
bcz deserve,1
bcz discord,1
beach mountain,1
beachvlog mountainvlog,1
beads deep,1
beast attention,1
beautiful beautiful,1
beautiful beauty,1
beautiful easy,1
beautiful experience,1
beautiful hope,1
beautiful mehrab,1
beautiful nyc,1
beautiful see,1
beautiful thank,1
beautiful vibe,1
beautifull aapane,1
beautifull pretty,1
beautifulmehndi mehnditrends,1
beauty beautiful,1
beauty feet,1
beauty finds,1
beauty hacks,1
beauty lifestyle,1
beauty routine,1
beberapa bagian,1
because finally,1
because unlikely,1
because what,1
become big,1
become legends,1
become rich,1
become strong,1
become version,1
becoming cma,1
becoming most,1
becoming successful,1
becoming version,1
beech distraction,1
been since,1
before beautiful,1
before quit,1
begin let,1
begin perfect,1
begin show,1
beginner advanced,1
beginner editing,1
beginner editor,1
beginner friendly,1
beginner guide,1
beginner hmlog,1
beginner journey,1
beginner lifestyle,1
beginner looking,1
beginner mehndi,1
beginner preparation,1
beginner start,1
beginner tips,1
beginners beautiful,1
beginners disclaimer,1
beginners explore,1
beginners food,1
beginners how,1
beginners looking,1
beginners minimal,1
beginners par,1
beginning journey,1
beginning last,1
beginning much,1
beginning start,1
beginning super,1
begins firstvideo,1
begins journey,1
begins komal,1
behavior write,1
behen pyar,1
behind parts,1
behind project,1
behind world,1
behindthescenes bts,1
being here,1
being part,1
being too,1
being true,1
belajar bahasa,1
belajar muslimah,1
belajar sebenarnya,1
belajarbahasainggris english,1
believe supporting,1
below thoughts,1
below what,1
below wish,1
benar benar,1
benar ikut,1
beneath stories,1
benefits egg,1
bentuk daratan,1
berakar pada,1
beraktivitas dan,1
berikutnya dan,1
berisi catatan,1
berlibur minggu,1
berry avenue,1
bestmomos delhidiaries,1
beta awesome,1
better cma,1
better how,1
better lane,1
better quality,1
bgmi gameplay,1
bgmi pubg,1
bgmi tell,1
bhai behen,1
bhai bhaiya,1
bhai coaching,1
bhai dought,1
bhai guys,1
bhai log,1
bhai namaj,1
bhai price,1
bhai tum,1
bhai tumne,1
bhaiya aapki,1
bhaiya bhaiya,1
bhaiya exam,1
bhaiya mai,1
bhaiya other,1
bhaiya please,1
bhaiya radhe,1
bhaiya thank,1
bhajan aur,1
bhaktisongviralpunjabi bro,1
bhat ssc,1
bhati math,1
bhati reasoning,1
bhati sir,1
bhaut kuch,1
bhi aap,1
bhi amazing,1
bhi baad,1
bhi bol,1
bhi consistency,1
bhi dena,1
bhi exam,1
bhi hai,1
bhi hua,1
bhi kar,1
bhi kiya,1
bhi naveen,1
bhi neet,1
bhi padhta,1
bhi prha,1
bhi ssc,1
bhi year,1
bhoolen aapka,1
bhoolna meri,1
bhoolna taki,1
bhul gai,1
bhumiglow sister,1
big impact,1
big jee,1
big keep,1
big started,1
big updates,1
big youtubers,1
biharspecial bpscresult,1
bike abb,1
bike car,1
bike ride,1
bikelife struggle,1
bikeride trainjourney,1
bikerlife originalcontent,1
bikevlog carvlog,1
bilkul real,1
bilkul sahi,1
bio info,1
biologyclass chemistryclass,1
birthday aesthetic,1
birthday friend,1
birthday outfit,1
birthday supporting,1
birthdaycelebration birthdayoutfit,1
birthdayoutfit ott,1
birthdayvlog aesthetic,1
biryani achi,1
bit getting,1
bit slow,1
blackgirlvlog vloglife,1
block banaya,1
block full,1
blockmy kya,1
blog blogs,1
blog desi,1
blog hindi,1
blog hours,1
blog how,1
blog kaise,1
blog real,1
blog saurav,1
blog shahar,1
blog tags,1
blog vedio,1
blogger aicreativeidea,1
blogger fav,1
blogging food,1
blogs kaise,1
blogs trick,1
bloke time,1
bloom aesthetic,1
blow views,1
bnaye hashtag,1
board class,1
board preparation,1
board strategy,1
boardexam boardexam,1
boardexam cbse,1
boardexam cbseindia,1
boardexampressure jee,1
boards grade,1
boards preparation,1
boards real,1
boards relatablestudentvlog,1
boards studentvlog,1
boards thboards,1
boardsvlog studyroutine,1
body eat,1
body facts,1
body science,1
body transparent,1
body when,1
bodyfacts nutrition,1
bois watched,1
bol leti,1
bol sakti,1
bolemy videomy,1
bolna chahti,1
book haul,1
book list,1
book padhte,1
book update,1
booklist pyq,1
books cuet,1
books ncert,1
books reference,1
boost contentcreator,1
boost energy,1
boost how,1
boost productivity,1
boost reach,1
boring thankyou,1
boss please,1
both inspiration,1
both look,1
both routine,1
bought dominating,1
bought mobile,1
bouquet wearing,1
boy leveling,1
boys also,1
bpsc aspirant,1
bpsc productive,1
bpsc upsc,1
bpsc upscmotivation,1
bpscaedosyllabus aedo,1
bpscexam main,1
bpscresult copyevaluation,1
bpscstrategy bpscaedosyllabus,1
bpscstrategy bpscexam,1
bpscstrategy iaspcsdiaries,1
bpscstrategy studyroutine,1
bpscupdates thbpsc,1
brain function,1
brain health,1
brainhealth cholesterol,1
brainpower goalcrusher,1
break let,1
break time,1
breakfast ideas,1
breaks shows,1
breaks thanks,1
bridalmehndi trendingmehndi,1
brighten even,1
bring action,1
bring closer,1
bring epic,1
bring joy,1
bring most,1
brings together,1
bro app,1
bro handsome,1
bro here,1
bro imagined,1
bro nadi,1
brother present,1
bsc abroad,1
bsc assignments,1
bsc biology,1
bsc campus,1
bsc community,1
bsc competitive,1
bsc entrance,1
bsc final,1
bsc goals,1
bsc grind,1
bsc lab,1
bsc ministudyvlog,1
bsc motivation,1
bsc notes,1
bsc online,1
bsc planner,1
bsc pomodoro,1
bsc productive,1
bsc project,1
bsc revision,1
bsc semester,1
bsc student,1
bsc work,1
bscstudentlife bscstudyroutine,1
bscstudyroutine ministudyvlog,1
bscstudyvlog studywithmebsc,1
btao bhai,1
btao bro,1
bts collegelife,1
bts pehla,1
bts popular,1
btw also,1
btw beautifull,1
btw love,1
budding aspirants,1
budget food,1
budget shopping,1
budget travel,1
budget trolley,1
budgetshopping viralvlog,1
budgettravel solotravel,1
build consistency,1
build healthy,1
build passive,1
build personal,1
build routine,1
build strong,1
building community,1
building through,1
building world,1
bulking life,1
bumi purba,1
burnout upsccse,1
bus journey,1
business mail,1
bustling city,1
button appreciate,1
button thank,1
buying discipline,1
buying iphone,1
buying myself,1
bye kaise,1
caf mall,1
caf moments,1
cakrawala dan,1
cal aspirant,1
cal aspirants,1
cal how,1
cal notification,1
call nighter,1
calm everytime,1
calm intention,1
calm lifestyle,1
calm minimal,1
calm peaceful,1
calm real,1
calm school,1
calm transparent,1
calm vibes,1
camaraderie enjoy,1
camere samne,1
campus cute,1
campus india,1
campus moments,1
campus studytok,1
campus tips,1
capability independence,1
capcut cinematic,1
capcut edit,1
capcut editing,1
capital fast,1
capture karta,1
capture kiya,1
captured calm,1
car chandni,1
car matlab,1
car train,1
care cleaning,1
care glow,1
care tips,1
care vibrant,1
career option,1
career options,1
career optionsstudy,1
career using,1
careful btw,1
carlover carscollaction,1
carry minatimy,1
cars collection,1
cars doityourself,1
carscollaction purely,1
carvlog indiatrip,1
casual grwm,1
casual look,1
casuallook indianvlogger,1
cat dewansh,1
catatan sains,1
catches careful,1
cbse alakhpandey,1
cbse avoid,1
cbse cbseindia,1
cbseboard schoollifeindia,1
cbseclass studymotivation,1
cbseclass thgrade,1
cbseindia cbseboard,1
cbseindia cbseclass,1
cbseindia thgrade,1
ccc cal,1
celebrating self,1
celebrating soaking,1
celebration capture,1
cerita ceritanya,1
ceritanya ini,1
cgl cal,1
cgl cgl,1
cgl full,1
cgl notification,1
cgl routine,1
cgl vlogssc,1
chahat hai,1
chahie aap,1
chahiye please,1
chahta may,1
chahti thi,1
chai classes,1
chainblock manualhoist,1
chainpulley trolleys,1
challenge class,1
challenge delhi,1
challenge eating,1
challenge fan,1
challenge gaganpratapsir,1
challenge hours,1
challenge momos,1
challenge nishchay,1
challenge painting,1
challenge panipuri,1
challenge upsc,1
challenges motivation,1
chance iit,1
chandni market,1
change life,1
changed always,1
changing dynamics,1
channelintro introduction,1
channelintro karanff,1
channelintro youtubejourney,1
channellifestyle vlogmy,1
channels earn,1
channels telugu,1
channelupdate youtubeindia,1
chapter how,1
chapter question,1
character dekh,1
characters triggered,1
chartered accountant,1
chashma eating,1
chat easily,1
chat excited,1
chat while,1
chatgpt capcut,1
check chat,1
check messages,1
cheer together,1
cheez shinchan,1
cheezein milkar,1
chemistry revision,1
chemistryclass physicsclass,1
chemistryvlog boardsvlog,1
chennal kanunnadh,1
chestharu anna,1
chesthunnanu mana,1
chesthunnaru next,1
cheyadaniki evaru,1
cheyali brother,1
cheyali oka,1
cheyandi please,1
cheyandi small,1
cheyandi super,1
cheyava ani,1
chhota hoon,1
chhoti cheezein,1
chhoti chhoti,1
chic food,1
chicago city,1
chicago kelsey,1
chicagolife nurselife,1
chicken shawarma,1
chill don,1
chill life,1
chill routine,1
chill time,1
chillvlog dayoutfit,1
china food,1
china motivation,1
chinastudy koreanstudy,1
chinesefood delhimomos,1
chinesestudy studentlife,1
chocolates cupcakes,1
choi what,1
cholesterol facts,1
cholesterol levels,1
choline which,1
chor bazar,1
choti jhalak,1
choudhary vedio,1
chusi initial,1
cinematic aesthetic,1
cinematic edit,1
cinematic editing,1
cinematic satisfying,1
cinematic storytelling,1
cinematics rolls,1
city chicago,1
city exploring,1
city guide,1
city tour,1
citytour villagelife,1
civil services,1
civilserviceexam studywithmesscaspirants,1
civilservices upscstudyvlog,1
claim live,1
claim music,1
clarify topper,1
class abhishek,1
class advika,1
class after,1
class akshita,1
class ankit,1
class anurag,1
class arya,1
class assamese,1
class avishi,1
class backlog,1
class bhaiya,1
class commerce,1
class consider,1
class copyright,1
class dia,1
class digraj,1
class effectively,1
class exam,1
class grade,1
class history,1
class hours,1
class icse,1
class important,1
class journey,1
class malayalam,1
class maths,1
class medical,1
class minivlogs,1
class motivation,1
class neet,1
class pcbstudent,1
class pcm,1
class physicswallah,1
class planning,1
class pragati,1
class pre,1
class productive,1
class pulling,1
class routine,1
class science,1
class seriously,1
class studymotivation,1
class summer,1
class tags,1
class thgrade,1
classes ankit,1
classes kaha,1
classes little,1
classes online,1
classy girl,1
classy newvlogger,1
clean aesthetic,1
clean comedy,1
clean detailing,1
clean hair,1
clean hello,1
clean lil,1
cleaner versions,1
cleaning female,1
cleaning girl,1
cleaning house,1
cleaning isn,1
cleaning satisfying,1
cleaning see,1
cleaning soft,1
cleaning where,1
cleaning women,1
cleanse pores,1
cleanwithme relaxingroutine,1
clening transparent,1
cliffs island,1
clips always,1
clips cinematic,1
closer becoming,1
closer life,1
closer than,1
club clean,1
club haryanvi,1
club hindi,1
clutch headshotking,1
clutch headshots,1
clutch moments,1
clutch plays,1
cma articleship,1
cma cma,1
cma cmainter,1
cma india,1
cma journey,1
cma middle,1
cma which,1
cma youtubeshorts,1
cmainter cmastudent,1
cmainter latenightstudy,1
coaching bhi,1
coffee lovers,1
coffee making,1
collection mira,1
collection soft,1
college captured,1
college college,1
college experiences,1
college food,1
college full,1
college gym,1
college india,1
college liye,1
college mai,1
college motivation,1
college nhi,1
college normal,1
college reallifestory,1
college soft,1
college student,1
collegegirl indianvlogger,1
collegelife aestheticvlog,1
collegelife dayout,1
collegelife full,1
collegelife vlogger,1
collegelife when,1
collegestudy studyvibes,1
collegevlog gymvlog,1
collegevlog studyvlog,1
colleqelife startingearly,1
com heyy,1
com studywithme,1
combination skin,1
comeback life,1
comeback story,1
comedy bar,1
comedy don,1
comedy dry,1
comedy entertaining,1
comedy flowers,1
comedy haryanvi,1
comedy kim,1
comedy malayalam,1
comedy meme,1
comedy real,1
comedy roasts,1
comedy routine,1
comedy sas,1
comedy standup,1
comedy thank,1
comedy welcome,1
comedyvlog entertainment,1
comfortfood what,1
coming bois,1
coming congrats,1
coming next,1
coming support,1
coming week,1
commerce how,1
commerce student,1
committed delivering,1
commons attribution,1
communicate korean,1
community around,1
community banana,1
community bsc,1
community committed,1
community engagement,1
community grow,1
community place,1
community post,1
community tab,1
community wellness,1
commute rainy,1
company visit,1
competitive exams,1
competitiveexams upsc,1
compilation aesthetic,1
compilation english,1
complete beginner,1
complete gayegi,1
complete karne,1
complete syllabus,1
complete tutorial,1
complicated why,1
compound start,1
compromising future,1
concentration student,1
conditions perfect,1
confident self,1
confused cuet,1
congo bro,1
congrats found,1
congratulations bro,1
congratulations congratulations,1
congratulations dedication,1
congratulations until,1
connected amazing,1
connected designs,1
connected what,1
connections genuine,1
connects personal,1
consider sign,1
consistency discipline,1
consistency focus,1
consistency goals,1
consistency journey,1
consistency motivation,1
consistency selfdiscipline,1
consistencyvlog dailytodofail,1
consistent achieve,1
consistent build,1
consistent cbse,1
consistent don,1
consistent effort,1
consistent gaming,1
consistent matter,1
consistent respect,1
consistent studies,1
consistent together,1
consistent trust,1
consistent views,1
constable plan,1
constantly sooo,1
construction desi,1
contact number,1
contain choline,1
contentcreator banglatutorial,1
contentcreator creatorlife,1
contentcreator edit,1
contentcreator foryou,1
contentcreator indianshorts,1
contentcreator indiayoutuber,1
contentcreator newvideo,1
contentcreator smallyoutuber,1
contentcreator viralcontent,1
contentcreator vloggerlife,1
contentcreator vlogupdate,1
contentcreator youtubeshorts,1
contentcreatorindia youtubeshorts,1
continue series,1
continues another,1
control goals,1
control revising,1
conversation musician,1
convince person,1
cooking food,1
cooking livishots,1
cooking recipes,1
cooking what,1
cool around,1
cool rhe,1
cool stuff,1
copyevaluation bpsc,1
copyright free,1
copyright infringement,1
copyright music,1
copyright statues,1
copyright statutes,1
corner here,1
cost living,1
count tags,1
count youtubemoney,1
counts pushed,1
couple don,1
couple feed,1
couple growth,1
couple india,1
couple love,1
couple real,1
couple tracks,1
couplegaming youtubegrowth,1
couplevlog husbandwife,1
couplevlog love,1
courage overthinking,1
course attempt,1
course create,1
course little,1
courses after,1
coworker birthday,1
cozy ambience,1
cozy corner,1
cozy cozy,1
cozy cozyvlog,1
cozy focus,1
cozy food,1
cozy morningroutine,1
cozy studyvibes,1
cozy week,1
cozydesk aestheticvideo,1
cozyvibes ignore,1
cozyvlog chinastudy,1
cozyvlog lifestylevideo,1
cpa cta,1
cpa there,1
cpla certified,1
cpla join,1
cpla live,1
cql preparation,1
cql ssc,1
cql vloa,1
crack delhi,1
crack jee,1
cracking jee,1
crafted bring,1
crane jualtrolley,1
crazy life,1
crazyvlog funnyindia,1
cream relaxing,1
create aesthetic,1
create beautiful,1
create every,1
create positive,1
create right,1
create vlogyoutube,1
created people,1
created simple,1
creater sport,1
creating quality,1
creating these,1
creation editing,1
creation grow,1
creation intention,1
creative coming,1
creative commons,1
creative ideas,1
creative process,1
creativehenna mehndidesign,1
creatorlife dailycontent,1
creatorlife youtubeshorts,1
credit artist,1
credit music,1
crossing million,1
csatprep morningroutineforupsc,1
cse studyroutine,1
cta live,1
cuet confused,1
cuet cuet,1
cuet cuetpreparation,1
cuet dayinmylife,1
cuet prep,1
cuet preparation,1
cuet welcome,1
cuetaspirant boards,1
cuetenglish cuetmaths,1
cuetgeneraltest realstudentlife,1
cuetgirl studenthustle,1
cuetmaths jeephysics,1
cuetpreparation cuet,1
cuettips studyhardorhardlystudy,1
cupcakes ice,1
curious self,1
current subscribers,1
currently preparing,1
curve bahut,1
curvy plus,1
cute badges,1
cute future,1
cute india,1
cute moment,1
cute ootds,1
cute setup,1
cute shortsfeed,1
cute soft,1
cute things,1
cute youareoneofakind,1
cuteee ateee,1
cuteee love,1
cuteness attitude,1
cuteoutfits youtubeshorts,1
cutestationery studytips,1
cuties hope,1
cutoff bpscupdates,1
cutting aesthetic,1
cutting kalindar,1
cutting tarbuj,1
cutting watermelon,1
cuz started,1
daba bhaut,1
dabana mat,1
dailv routine,1
dailv vloa,1
dailycleaningroutine peacefulhome,1
dailycontent contentcreator,1
dailycontent shortsfeed,1
dailycontent youtubecreator,1
dailyfacts didyouknow,1
dailylearning studyflow,1
dailyroutine consistency,1
dailyroutine dayinmylife,1
dailyroutine girl,1
dailyroutine lifestylevlog,1
dailyroutine motivation,1
dailyroutine preparationjourney,1
dailyroutine productiveday,1
dailyroutine realistic,1
dailyroutine realstudentlife,1
dailyroutine successmindset,1
dailyroutine upscstrategy,1
dailyroutine vloglife,1
dailyroutinevlog fulldayvlog,1
dailyshorts truck,1
dailystudentroutine howstudentsreallystudy,1
dailystudy selfdiscipline,1
dailystudyroutine class,1
dailystudyvlog studymotivation,1
dailytodofail studyaestheticfail,1
dailyvibes makeup,1
dailyvlogupsc spectrum,1
dalam hidupku,1
daliy truck,1
dalunga motivation,1
dan aktif,1
dan drama,1
dan juga,1
dan membuat,1
dan proses,1
dan sebuah,1
dan worldbuilding,1
dancecover kpop,1
dancer love,1
dancevideo trendingsong,1
daratan yang,1
dari proyek,1
dark spots,1
darshan bhajan,1
dav life,1
davs challenge,1
dayinlifeupsc dayinthelifeofupsc,1
dayinmylife adayinmylife,1
dayinmylife amusementpark,1
dayinmylife cozy,1
dayinmylife hostellife,1
dayinmylife indianstudent,1
dayinmylife lifeinindia,1
dayinmylife love,1
dayinmylife mylife,1
dayinmylife studymotivation,1
dayinthelifeofupsc upscaspirants,1
dayout grwm,1
dayoutfit reallifevlog,1
dayoutvlog grwmindia,1
daysinmylife lifeinindia,1
decide class,1
decided begin,1
decided start,1
decided stop,1
dedicated charge,1
dedication anyone,1
dedication believe,1
deep cleanse,1
define tone,1
definitely manage,1
dehradun uttarakhand,1
dekh wehi,1
dekhein aur,1
dekhenge mera,1
dekho aapka,1
deleted lost,1
delhi chor,1
delhi laphing,1
delhi market,1
delhidiaries streetfoodindia,1
delhifood delhifoodie,1
delhifoodie streetfoodindia,1
delhimomos bestmomos,1
delhimomos pizza,1
delhiwinters upsc,1
delicate patterns,1
delivering only,1
demands personal,1
demands work,1
dena chahta,1
dena tarbuj,1
dene wali,1
dengan baik,1
dengan sisi,1
depan tapi,1
depend untadi,1
deserve free,1
deserve itss,1
desi blogger,1
desi comedy,1
desi girl,1
desi indian,1
desi jugaad,1
desi lifestyle,1
desi personal,1
desi style,1
desi summer,1
desi technique,1
desi travel,1
desicomedy exploremore,1
desigirljounrey foodshorts,1
desigirlvlog explorevlog,1
design created,1
design don,1
design easy,1
design effortlessly,1
design feet,1
design henna,1
design includes,1
design industry,1
design liya,1
design perfect,1
design simple,1
design stationery,1
design stay,1
design want,1
designed help,1
designed imagine,1
designs creative,1
desikhana dillifoodies,1
desistudentvlog realafstudylife,1
desivlog familyvlog,1
desivlog indiandailylife,1
desivlog lifestylevlog,1
desivlog villagevlog,1
desk aesthetic,1
desk experience,1
deskdecor deskorganization,1
deskorganization eveningstudyvlog,1
desksetup dayinmylife,1
desksetup studytok,1
detailed routine,1
detailing enhance,1
devils friend,1
dewansh soni,1
dey blog,1
dey sourav,1
dhokla momoslover,1
dia gautam,1
diarrhea love,1
diary life,1
didi app,1
didn give,1
didn half,1
didn many,1
didyouknow viralshorts,1
diet nutrition,1
digital career,1
digital income,1
digital marketing,1
digitalcreator journey,1
digitalcreator viwes,1
digraj sing,1
dijiye kaise,1
dijiye plzzz,1
dikh gayee,1
dikhaya hai,1
dil sari,1
dillifoodies delhifood,1
dimplemalhanvlogs fukrainsaan,1
din choti,1
din gaya,1
din kiya,1
din nahi,1
din padhne,1
din pehle,1
din real,1
din safar,1
din shuruaat,1
din simple,1
din start,1
dino isko,1
discipline focus,1
discipline friend,1
discipline growth,1
discipline mindset,1
discipline motivation,1
discipline realistic,1
discipline routine,1
discipline self,1
disciplined routine,1
discord server,1
discovery fast,1
distraction bhi,1
distractions adapting,1
distribute perform,1
distribution these,1
divyakirti ias,1
divyanshi aur,1
diwali cat,1
diy homestead,1
diy journaling,1
djo kelspersen,1
djo welcome,1
dobal delhi,1
doctor engineer,1
doesn matter,1
doesn want,1
doing chesthunnaru,1
doing cool,1
doing draft,1
doing forklift,1
doing great,1
doing these,1
doing well,1
doinn here,1
dominatind banana,1
dominating battlefield,1
dominating beast,1
don know,1
don mislead,1
don need,1
don own,1
don quit,1
don skip,1
don skipp,1
don spend,1
don stuff,1
don tell,1
don timetable,1
don wait,1
don worry,1
donald trump,1
done break,1
done here,1
dont forget,1
dont give,1
dont subs,1
dont worry,1
dontflop prompt,1
dose awesome,1
dose lifestyle,1
dosto hamare,1
dosto meri,1
dosto yeh,1
doston routine,1
doubles test,1
dought hai,1
draft there,1
drama cuteness,1
drama geologi,1
drama movie,1
drama region,1
draw beginners,1
drawing college,1
drawing quietly,1
dream big,1
dream iit,1
dreamanddoon cozydesk,1
dreamanddoon studymusic,1
dreambig hardwork,1
dreamcometrue upscstudy,1
dreamed hey,1
dreamland background,1
dreams jee,1
dreams record,1
dress house,1
dress impress,1
dress manon,1
dress toh,1
driver life,1
driver truck,1
drop experience,1
drop questions,1
dropper life,1
droppers starting,1
droppers strategy,1
dropping follow,1
dropping jee,1
dropping year,1
dry bar,1
dry comedy,1
drying perfect,1
dti vlogger,1
dunia yang,1
duo fade,1
during break,1
during breaks,1
during intramurals,1
during summer,1
during vacations,1
duty bpsc,1
duty hour,1
dyan mishiel,1
dynamics healthcare,1
each infused,1
each kelspersen,1
early hydrate,1
early mornings,1
early staying,1
early work,1
earlymorning early,1
earlymorning routinevlog,1
earlymorning schoolroutine,1
earlymorningroutine paidpromotion,1
earlymorningstudy upscpreparationtips,1
earn based,1
earn negotiating,1
earning affiliate,1
earning apps,1
earning inspire,1
earning journey,1
earning methods,1
earth environmental,1
easiest way,1
easily using,1
easy draw,1
easy every,1
easy foot,1
easy guys,1
easy hard,1
easy meals,1
easy nahi,1
easymehndi mehndiart,1
easymehndidesign mehndi,1
eat aday,1
eat eating,1
eat fuels,1
eat ghar,1
eat healthy,1
eat home,1
eat indian,1
eat junk,1
eat making,1
eat model,1
eat omlette,1
eat plate,1
eat size,1
eat skinny,1
eat tiktok,1
eat toronto,1
eating eggs,1
eating healthy,1
eating indian,1
eating simple,1
eating stop,1
eating too,1
edit alight,1
edit cinematic,1
edit cute,1
edit decided,1
edit dontflop,1
edit editor,1
edit explore,1
edit inshot,1
edit instagram,1
edit kaise,1
edit kare,1
edit personal,1
edit phone,1
edited curvy,1
edited imovie,1
editin editing,1
editing app,1
editing apps,1
editing beginner,1
editing bhojpuri,1
editing cinematic,1
editing ever,1
editing firstvideo,1
editing gujarati,1
editing hooks,1
editing ideas,1
editing learning,1
editing life,1
editing manoj,1
editing newcreator,1
editing par,1
editing practice,1
editing secret,1
editing skills,1
editing storytelling,1
editing thumbnail,1
editing tips,1
editing tutorial,1
editing tutorials,1
editing which,1
editing workflow,1
edition food,1
edition laphing,1
edition life,1
editor beginner,1
editor editing,1
edits better,1
edoo nalla,1
education aaj,1
educational motivational,1
educational purpose,1
educationshorts quickrevision,1
eee chennal,1
effective try,1
effectively cbse,1
effects human,1
effects sparta,1
efficientstudying academic,1
effort dedication,1
effort important,1
effortlessly design,1
efforts every,1
egg benefits,1
egg omlette,1
egg side,1
eggs also,1
eggs eating,1
eggs everyday,1
eggs healthfacts,1
eggs packed,1
ela cheyali,1
ela run,1
elbaf holy,1
elbaf luffy,1
elbaph arc,1
electrichoist crane,1
elegant beginner,1
elegant design,1
elements clean,1
elonins age,1
emotional telugu,1
end expect,1
end find,1
energetic fam,1
energy also,1
energy aur,1
energy fresh,1
energy fuels,1
energy hype,1
energy light,1
engagement algorithm,1
engagement growth,1
engaging city,1
engaging filled,1
engaging wellness,1
engineer jee,1
engineer lawyer,1
engineering entrance,1
engineering leverhoist,1
engineering student,1
english class,1
english life,1
english medium,1
english messages,1
english routines,1
english student,1
english studymotivation,1
english well,1
enhance beauty,1
enikk nallam,1
enjoy everyday,1
enjoy fun,1
enjoy kelsey,1
enjoy kind,1
enjoy kiya,1
enjoy most,1
enjoy peaceful,1
enjoy routine,1
enjoy simple,1
enjoy type,1
enjoyed sweet,1
enjoyed thank,1
enjoying life,1
enjoying nutritious,1
entertain also,1
entertaining epic,1
entertaining gaming,1
entertaining hindi,1
entertaining support,1
entertaining useful,1
entertaining world,1
entertainment aur,1
entertainment comedy,1
entertainment funny,1
entertainment gaming,1
entertainment hindi,1
entertainment hindivlog,1
entertainment life,1
entertainment meme,1
entertainment purposes,1
entertainment vlogger,1
entertainmentvideo hindicontent,1
environmental systems,1
epic gameplay,1
epic moments,1
epic moves,1
epicplays chatgpt,1
episode chat,1
episode podcast,1
episode reviewmy,1
episodes focused,1
epudu views,1
equation simple,1
especially cricket,1
esports newjourney,1
esports tournament,1
essentials india,1
etc baat,1
evaru leru,1
even company,1
even during,1
even ordinary,1
even skin,1
even when,1
evening healing,1
evening keywords,1
evening routine,1
evening shows,1
evening want,1
eveningstudyvlog nightroutine,1
eveningstudyvlog studysuccess,1
eveningvlog malayalamvlog,1
event surprise,1
event winner,1
ever changing,1
ever edit,1
ever firstvlog,1
ever hindi,1
ever life,1
ever went,1
every also,1
every big,1
every eggs,1
every even,1
every movement,1
every nykaafacewash,1
every regardless,1
every second,1
every skeletix,1
every step,1
every student,1
every want,1
everyday constantly,1
everyday cooking,1
everyday egg,1
everyday life,1
everyday makeup,1
everyday real,1
everydaylife explorepage,1
everydaylook simplemakeup,1
everyone abhishek,1
everyone animake,1
everyone hope,1
everyone neha,1
everyone sebuah,1
everyone soport,1
everyone support,1
everyone world,1
everything doesn,1
everything genuinely,1
everything look,1
everything please,1
everything setup,1
everything starting,1
everything stay,1
everythingieatinaday foodchallenge,1
everytime when,1
everyviewmatters smallyoutuber,1
exactly how,1
exam apka,1
exam aspirants,1
exam check,1
exam delhi,1
exam don,1
exam hacks,1
exam half,1
exam hope,1
exam iit,1
exam jee,1
exam kab,1
exam ssccg,1
exam strategy,1
exam udaan,1
exam visual,1
exam week,1
examprep studygoal,1
exampreparation eveningstudyvlog,1
exampreparation quickrevision,1
exampreparation studytips,1
examready boardexam,1
examready brainpower,1
examready examtime,1
exams preparing,1
exams timetablefail,1
exams upsc,1
examsarecoming studentgrowth,1
examstrategy productivity,1
examstress studygrind,1
examtime boardexam,1
examtips learning,1
excited along,1
excited grow,1
excited guys,1
excited little,1
excited special,1
excited start,1
exciting including,1
exciting surprises,1
exclusive real,1
excuses focus,1
exfoliates lightweight,1
expect entertaining,1
expect here,1
expect mix,1
expect why,1
expenses dubai,1
experience aap,1
experience aapke,1
experience calm,1
experience failure,1
experience jee,1
experience nurse,1
experience please,1
experience taught,1
experience what,1
experiences anime,1
experiences don,1
experiences healthcare,1
experiences huge,1
experiences life,1
experiences motivation,1
experiences navigates,1
experiences relatable,1
experiences right,1
experiences urban,1
experiment surge,1
experiments build,1
experiments korean,1
experiments pick,1
explaining job,1
explore citytour,1
explore creation,1
explore explorepage,1
explore foreyou,1
explore hey,1
explore indianfood,1
explore places,1
explore tags,1
explore things,1
explore trendingnow,1
explore world,1
exploreindia funny,1
exploreindia trendnow,1
exploremore dailycontent,1
exploremore wanderlust,1
explorepage aesthetic,1
explorepage contentcreator,1
explorepage foryou,1
explorepage tiktokviral,1
explorepage youtubeshorts,1
explorepage youtubevlog,1
explorevlog viralvlog,1
exploring budget,1
exploring city,1
exploring engaging,1
exploring india,1
exploring mall,1
exploring touristplaces,1
eyes omg,1
face hate,1
face wash,1
facebook blogger,1
facelesscooking comfortfood,1
facing failure,1
fact bhi,1
facts body,1
facts eggs,1
facts facts,1
facts fitness,1
facts health,1
facts humanbody,1
facts protein,1
factual missed,1
fade dark,1
failure drop,1
failure jee,1
failure motivational,1
failure success,1
fake aesthetic,1
fam house,1
family banate,1
family kawish,1
family kunali,1
family let,1
family story,1
family vlogger,1
familyvlog indianvlogger,1
famous feel,1
famous left,1
fan along,1
fan creation,1
fan especially,1
fan finally,1
fan peak,1
fantasi trying,1
fantasyworldbuilding hope,1
fashion beauty,1
fashion beginning,1
fashion inspiration,1
fashion lifestyle,1
fashion makeup,1
fashion outfit,1
fashionblogger makeuptutorial,1
fashionvlog makeuphaul,1
fast volog,1
fast want,1
faster doing,1
faster guide,1
faster secrets,1
fastlearning studysmarter,1
favnaina firsttime,1
favorite cute,1
favorite pink,1
favorite simple,1
favour fair,1
favour fill,1
features smart,1
feed couple,1
feed dropping,1
feed funny,1
feed life,1
feedback means,1
feel beautiful,1
feel easy,1
feel feel,1
feel giving,1
feel great,1
feel relatable,1
feel sad,1
feel science,1
feel sleepy,1
feel soo,1
feel stuck,1
feel tired,1
feeling refreshed,1
feeling vibe,1
feels strong,1
feet look,1
feet try,1
feet without,1
felt most,1
female voiceover,1
ferrero chocolates,1
festival public,1
festivalmehndi weddingmehndi,1
festivals weddings,1
festivalvlog hanumanji,1
festivalvlog publicvlog,1
fiber energy,1
files library,1
files permitted,1
files standalone,1
fill feed,1
filled heartfelt,1
film adn,1
film edit,1
final exam,1
final support,1
final year,1
finally back,1
finally decide,1
finally mera,1
finally nya,1
finally starting,1
finally woh,1
finally won,1
find bad,1
find balance,1
find both,1
find doing,1
find high,1
finds everyday,1
fir aap,1
fir bhi,1
fire esports,1
fire gameplay,1
firsttime firstvedio,1
firstvedio firstvlog,1
firstvideo editing,1
firstvideo gaming,1
firstvideo indiancreator,1
firstvideo myfirstvideo,1
firstvideo myfirstvlogviral,1
firstvideo newyoutuber,1
firstvideo youtubejourney,1
firstvideo youtubestart,1
firstvideoonyoutube hmm,1
firstvideoonyoutube introduction,1
firstvlog firstvideo,1
firstvlog lovemarriage,1
firstvlog myday,1
firstvlog myfirstvloggingsetup,1
firstvlog myfirstyoutubevideo,1
firstvlog shortsfeed,1
firstvlog viralvideos,1
firstvlog vloglife,1
firstvlogbaby myfirstvlogincity,1
firstvlogcamera firstvlogcommingsoon,1
firstvlogcommingsoon myfirstvlogviralkaisekare,1
firstvlogentrycomplete myfirstvlogs,1
firstvlogmas firstvlogs,1
firstvlogs firstvlogcamera,1
firstvlogtoday firstvlog,1
firstvloguptomorrow firstvlogtoday,1
firstvlogvideo mysecondvlog,1
firstvlogviral channellifestyle,1
firstyoutubevideo newyoutuber,1
fit gnarly,1
fitness dailyfacts,1
fitness gym,1
fitness healthy,1
fitness journey,1
fitness lifestyle,1
fitness tips,1
fitness workout,1
flats london,1
flexible hard,1
flight watcher,1
floor cleaning,1
floor girl,1
floor transparent,1
floor tutorial,1
floral elements,1
flowers comedy,1
flute mus,1
foaming non,1
focus beginning,1
focus consistency,1
focus doubles,1
focus focusstudy,1
focus goals,1
focus hardwork,1
focus how,1
focus iit,1
focus mode,1
focus motivation,1
focus productivity,1
focus session,1
focus time,1
focus viralyoutubeshorts,1
focusandachieve learnfaster,1
focusandlearn productivityshorts,1
focused notes,1
focused ready,1
focused reminded,1
focusmode consistency,1
focusmode examstress,1
focusmode studyroutine,1
focusonstudies goalsetting,1
focusstudy fypp,1
focustime earlymorning,1
follow agar,1
follow grow,1
follow itslachlanturnbull,1
follow journey,1
follow karo,1
follow mehndi,1
follow social,1
follow socials,1
follow thank,1
follow what,1
following over,1
food adventure,1
food aesthetic,1
food asmr,1
food blog,1
food blogging,1
food budget,1
food capital,1
food china,1
food delhi,1
food digitalcreator,1
food discovery,1
food experiences,1
food experiments,1
food khane,1
food life,1
food lifestyle,1
food manchale,1
food mehak,1
food moments,1
food rare,1
food real,1
food top,1
food travel,1
food vibes,1
food videowhat,1
foodblogger whatieatinaday,1
foodchallenge shortsfeed,1
foodchannel foodshorts,1
foodforfoodies foodie,1
foodie food,1
foodie foodlover,1
foodie foodshorts,1
foodie small,1
foodlover pizzatime,1
foods brain,1
foodshorts maja,1
foodshorts whatiateinaday,1
foodshorts yummy,1
foodvlog foodblogger,1
foodvlog streetfood,1
football cricket,1
football real,1
football realmadrid,1
footmehndi mehndidesign,1
forest pterosaurs,1
foreyou iasresult,1
forget below,1
forget dayout,1
forget family,1
forget feeling,1
forget hate,1
forget join,1
forget lifestyle,1
forget minivlogindia,1
forget motivation,1
forget relate,1
forget sub,1
forget thank,1
forget updates,1
forget ytcreate,1
forgetting curve,1
forklift lego,1
forkliftoperator feel,1
form also,1
formula football,1
formula lewis,1
forward interesting,1
forward need,1
foryou let,1
foryou newyoutuber,1
foryou smallyoutuber,1
foryoupage explore,1
foryoupage trendingshorts,1
found helpful,1
found vlogger,1
foundation mai,1
foundation trust,1
fraud knights,1
free create,1
free final,1
free non,1
free trick,1
free which,1
freeediting contentcreator,1
freefire esports,1
freefire nezox,1
fresh aur,1
fresh early,1
fresh exciting,1
fresh fruit,1
fresh nezox,1
fresh perspectives,1
friend ancestors,1
friend course,1
friend when,1
friendly mehndi,1
friends academic,1
friends college,1
friends during,1
friends jamthra,1
friends laugh,1
friends who,1
friends yeh,1
friendsvlog collegevlog,1
fruit cutting,1
fruit india,1
fruit mil,1
fruit tarbuj,1
fuels body,1
fuels gives,1
full ads,1
full comedy,1
full course,1
full detailed,1
full done,1
full drama,1
full focus,1
full girl,1
full information,1
full jugaad,1
full routine,1
full special,1
full ssc,1
full support,1
full vid,1
full vlogging,1
full watched,1
full welcome,1
fulldayvlog vloggingchannel,1
fully watched,1
fun also,1
fun desi,1
fun effects,1
fun fact,1
fun moments,1
fun note,1
fun overload,1
fun travel,1
function memory,1
funlife randomvlog,1
funny army,1
funny college,1
funny comedyvlog,1
funny entertaining,1
funny experience,1
funny food,1
funny ideas,1
funny india,1
funny life,1
funny office,1
funny reactions,1
funny roast,1
funny scenes,1
funny song,1
funny vlognew,1
funny world,1
funnyindia exploring,1
funnystudymoments amstudysession,1
funnyvideos travelblog,1
funnyvlog aivideo,1
funnyvlog newvlogger,1
funnyvlog travelvlog,1
future dreams,1
future engineer,1
future long,1
future negotiate,1
future wants,1
fypp inspiration,1
gaganpratapmaths parmarssc,1
gaganpratapsir aspirantvlog,1
gaganpratapsir parmarssc,1
gai uske,1
game funny,1
gameclips funnyshorts,1
gameplay aytgames,1
gameplay clutch,1
gameplay energy,1
gameplay highlights,1
gameplay intense,1
gameplay pubg,1
gameplay subscribenow,1
gameplay tutorials,1
gamer bgmi,1
gamer couple,1
gamer gameclips,1
gamer gaming,1
games bgmi,1
games gameplay,1
games gamer,1
games par,1
gaming challenges,1
gaming clutch,1
gaming community,1
gaming freefire,1
gaming gamingchannel,1
gaming gamingshorts,1
gaming hashtags,1
gaming journey,1
gaming legend,1
gaming lover,1
gaming now,1
gaming people,1
gaming queries,1
gaming respect,1
gaming shortsgaming,1
gaming sniper,1
gaming tricks,1
gaming where,1
gaming yeh,1
gamingchannel gameplay,1
gamingcouple consistency,1
gamingintro hindigaming,1
gamingshorts gaming,1
gamingshorts viralshorts,1
ganda naman,1
ganda nmn,1
gang school,1
gap lete,1
garmi aisa,1
gaurangs gmail,1
gautam class,1
gave small,1
gaya hai,1
gaya manoj,1
gaya truck,1
gaya yeh,1
gayee bro,1
gayegi please,1
gear india,1
gelle look,1
gemini ever,1
gentle stretching,1
gently exfoliates,1
genuinely enjoy,1
genuinely influenced,1
geologi wilayah,1
geological drama,1
gets price,1
getting applied,1
getting outside,1
ghar banati,1
ghar gaya,1
ghar ghar,1
ghar khana,1
ghar liye,1
girl black,1
girl cleaning,1
girl diarrhea,1
girl gorgeous,1
girl hello,1
girl ideas,1
girl india,1
girl indian,1
girl las,1
girl london,1
girl panipuri,1
girl pooping,1
girl relaxing,1
girl see,1
girl upsc,1
girl vlogger,1
girlroutine aestheticlife,1
girls tips,1
girlyaesthetic grwm,1
give bhai,1
give bloke,1
give don,1
give dreams,1
give experience,1
give keep,1
give nahi,1
give never,1
give subscribed,1
give successful,1
give thumbs,1
give used,1
giveaways wait,1
gives energy,1
giving honest,1
giving late,1
giving remember,1
glass link,1
glass skin,1
glassskin glowup,1
glimpse simple,1
glow inside,1
glow step,1
glow thatgirlroutine,1
glowing skin,1
glowup girl,1
glowup healthylifestyle,1
glowup seems,1
glowup selfcare,1
glycolicacid glassskin,1
gmail com,1
gnarly katseye,1
gnarly twinn,1
goal help,1
goal setting,1
goal strong,1
goalcrusher topstudent,1
goals bsc,1
goals exampreparation,1
goals liye,1
goals now,1
goals support,1
goals together,1
goals viralshorts,1
goals what,1
goalsetting dreambig,1
goalsetting focusmode,1
goalsetting selfstudyjourney,1
goalsetting successmindset,1
god monetize,1
gone wrong,1
gonna sub,1
google reviews,1
gorgeous sub,1
gorgeous yet,1
gotta wait,1
government exam,1
grade arts,1
grade boards,1
grade life,1
grade science,1
grader awley,1
grader grader,1
grader hours,1
grader humanities,1
grader pcb,1
grader pcm,1
grader productive,1
grader science,1
grader studywithme,1
graduation complete,1
grateful guys,1
gravy fiber,1
gravy sabji,1
great diy,1
great maybe,1
great perfect,1
greatly appreciated,1
grind bsc,1
grindneverstops consistencyvlog,1
grinds productivity,1
grounded ancient,1
group travel,1
grouptravel entertainmentvideo,1
grow digital,1
grow engagement,1
grow fast,1
grow growth,1
grow learn,1
grow live,1
grow low,1
grow must,1
grow stay,1
growfast millionviews,1
growingyoutuber support,1
growonyoutube youtubetips,1
growth digital,1
growth growth,1
growth hard,1
growth hindi,1
growth kelsey,1
growth life,1
growth lifestyle,1
growth now,1
growth nurse,1
growth proving,1
growth small,1
growth strategies,1
growth welcome,1
growthaudio youtubetrend,1
growtogether supportsmallchannels,1
grwm aspirants,1
grwm casual,1
grwm clean,1
grwm dayout,1
grwm dayoutvlog,1
grwm desi,1
grwm everyday,1
grwm grwm,1
grwm hindi,1
grwm india,1
grwm makeup,1
grwm outfit,1
grwm shortsvideo,1
grwm studyabroad,1
grwm studyroutine,1
grwmhindi lifestylevlog,1
grwmindia aestheticvlog,1
grwmoutfit naturalmakeup,1
gud beta,1
gud edoo,1
guidance motivation,1
guide dijiye,1
guide grow,1
guide help,1
guide how,1
guide indian,1
guide thank,1
guide wellness,1
guidexmode epicplays,1
gujarati editin,1
gujarati editing,1
gurinchi oka,1
gurthuvachai appudu,1
guyes kar,1
guys also,1
guys aur,1
guys currently,1
guys dont,1
guys iam,1
guys join,1
guys kara,1
guys please,1
guys promise,1
guys why,1
gya kaise,1
gya mean,1
gyeongtaegidong naver,1
gym band,1
gym fitness,1
gym guy,1
gym gym,1
gym gymmotivation,1
gym morning,1
gymmotivation motivation,1
gymvlog motivation,1
haan agle,1
haan karo,1
haan main,1
haba blesing,1
haba harang,1
habits boost,1
habits indian,1
habits light,1
hacks berry,1
hacks charge,1
hacks focus,1
hacks keep,1
hacks science,1
hai aage,1
hai aap,1
hai aapka,1
hai aise,1
hai apne,1
hai ayt,1
hai boss,1
hai dosto,1
hai doston,1
hai end,1
hai har,1
hai itne,1
hai karo,1
hai kya,1
hai laptop,1
hai let,1
hai life,1
hai maine,1
hai mandir,1
hai mein,1
hai milde,1
hai motivation,1
hai mukesh,1
hai newbed,1
hai omg,1
hai per,1
hai please,1
hai puri,1
hai sach,1
hai samjha,1
hai sare,1
hai simple,1
hai subah,1
hai subject,1
hai support,1
hai thoda,1
hai tum,1
hai tumhare,1
hai uske,1
hai what,1
hai yaad,1
haider sachin,1
haider seema,1
hain aise,1
hain apna,1
hain bhaiya,1
hain foundation,1
hain how,1
hain hume,1
hain karo,1
hain morning,1
hain nayi,1
hain please,1
hain supportme,1
hain tips,1
hair rant,1
hairclips enjoyed,1
half claim,1
half yearly,1
hall mountain,1
hamara par,1
hamare per,1
hamen bataen,1
hamen kitne,1
hamen yah,1
hamesha liye,1
hamilton fan,1
hamilton food,1
handsome bro,1
handsome btw,1
hanumanjayanti jaishreeram,1
hanumanji hanuman,1
happens eat,1
happens inside,1
happy glowing,1
happy moment,1
happy moments,1
happyshopping shoppingtime,1
har cheez,1
har din,1
har nayi,1
harang full,1
hard check,1
hard create,1
hard dream,1
hard motivation,1
hard opinion,1
hardwork goals,1
hardwork motorcyclelife,1
hardwork success,1
hargarakmurah design,1
harm anyone,1
hashtag firstvlog,1
hashtags firstvlog,1
hashtags gaming,1
hate always,1
hate subscribed,1
haul amazon,1
haul kcleaning,1
haul nail,1
haul tired,1
haul unboxing,1
haven while,1
headshotking gameplay,1
headshots epic,1
headwriting aap,1
healing routines,1
health cholesterol,1
health facts,1
health lifestyle,1
health want,1
healthcare journey,1
healthcare personal,1
healthcare realities,1
healthfacts bodyfacts,1
healthy edition,1
healthy living,1
healthy tarak,1
healthyeating trendingshorts,1
healthyfood brainhealth,1
healthyhabits earlymorning,1
healthylifestyle motivation,1
healthylifestyle selfcare,1
hearing thank,1
heart journey,1
heartfelt connections,1
heero prepping,1
hello dosto,1
hello editing,1
help become,1
help boost,1
help chahiye,1
help define,1
help free,1
help learn,1
help reach,1
help understand,1
helpful sure,1
helping friends,1
helpmegrow smallyoutuber,1
helps build,1
henna hennadesign,1
henna hennatatto,1
henna mehandibysoniparwaiz,1
henna mehndi,1
hennadesign mehndi,1
hennadesign mehndilove,1
hennatatto beginners,1
hennatattoodesign creativehenna,1
here ads,1
here cleaner,1
here don,1
here dont,1
here find,1
here host,1
here how,1
here learn,1
here poetry,1
here real,1
here space,1
here took,1
here welcome,1
here yet,1
hero journey,1
heroxtreme bikerlife,1
hey heero,1
hey kirtana,1
hey lovesss,1
hey student,1
heyy guys,1
hichki chahat,1
hidden fast,1
hidden features,1
hidupku sebagai,1
high headwriting,1
highlights tips,1
hiii how,1
hill station,1
hillstation templevlog,1
hindi bpsc,1
hindi comeback,1
hindi entertainment,1
hindi instagram,1
hindi kim,1
hindi lifestyle,1
hindi medium,1
hindi mein,1
hindi motivational,1
hindi optimized,1
hindi routine,1
hindi village,1
hindi vlogger,1
hindicontent traveladdict,1
hindikomedy indiantourism,1
hindimy tagmy,1
hindivlog dailyroutine,1
hindivlog desivlog,1
hindivlog indianvlog,1
hindivlog vloggerlife,1
hindivlog vloggingstart,1
history project,1
history yang,1
historyfacts adayinmylife,1
hit bell,1
hit button,1
hit follow,1
hlw sister,1
hmlog guide,1
hoist pabrikrak,1
hold audience,1
holiday life,1
holidays aesthetic,1
holidays even,1
holidays productive,1
holidays trying,1
home booklist,1
home care,1
home cooking,1
home design,1
home follow,1
home kelsey,1
home tips,1
homedecor couplevlog,1
homemade easy,1
homestead homesteading,1
homesteading mowing,1
homevlog evening,1
homevlog homevlogindia,1
homevlog lovemarriage,1
homevlogindia comedy,1
homework motivation,1
honest college,1
honest reactions,1
honestly already,1
honeststudentlife backbenchersunite,1
hooks how,1
hoon agar,1
hoon divyanshi,1
hoon kyunki,1
hoon main,1
hoon support,1
hop before,1
hope aap,1
hope boring,1
hope doing,1
hope enjoy,1
hope motivates,1
hope part,1
hope translates,1
hope yall,1
hopefullycinematic worldbuilding,1
horizon world,1
host running,1
hostellife productive,1
hota lekin,1
hota phir,1
hour food,1
hour padhta,1
hour roj,1
hour shift,1
hour street,1
hours food,1
hours job,1
hours serious,1
hours tbh,1
hourschallenge vir,1
house bhai,1
house karo,1
house sheikha,1
house transparent,1
how aesthetic,1
how astuti,1
how avoid,1
how better,1
how blogs,1
how change,1
how complete,1
how convince,1
how dancer,1
how doinn,1
how don,1
how draw,1
how earn,1
how final,1
how focus,1
how grow,1
how help,1
how let,1
how live,1
how long,1
how meant,1
how minute,1
how money,1
how much,1
how open,1
how peak,1
how preparationssc,1
how properly,1
how real,1
how record,1
how reframe,1
how revise,1
how something,1
how spend,1
how stay,1
how successful,1
how thank,1
how trick,1
how tricks,1
how tutorial,1
how unlock,1
how vlock,1
how voiceover,1
how wake,1
how without,1
howstudentsreallystudy honeststudentlife,1
hoyegi trik,1
hua lekin,1
hub jaisa,1
hub tarah,1
huge sports,1
hujan kabut,1
hulk spider,1
hum bana,1
hum regularly,1
human body,1
humanbody protein,1
humanities after,1
humanities arts,1
humanities baad,1
humanities board,1
humanities book,1
humanities courses,1
humanities next,1
humanities reference,1
humanities students,1
humanities studywithme,1
humanities syllabus,1
humara sab,1
hume unique,1
humlog preparation,1
hun guyes,1
hunter marcdez,1
husbandwife hindivlog,1
hustle digital,1
hustle journey,1
hustle side,1
hustle talha,1
hustles online,1
hutan pterosaurus,1
hydrate stretch,1
hydrated gentle,1
hydration healthy,1
hype deserve,1
hypothesis sprint,1
iam dti,1
ias aspirantlife,1
ias motivational,1
ias preparation,1
ias upsclover,1
iasaspirants earlymorningroutine,1
iasaspirantstudyvlog iasmotivationalvideo,1
iasaspirantstudyvlog studyroutine,1
iasmotivationalvideo upsc,1
iaspcsdiaries thbpsc,1
iasresult upsclover,1
ice cream,1
icmai cma,1
icon daba,1
icon dabana,1
icon don,1
icon zaroor,1
icse exam,1
idea created,1
idea online,1
idea start,1
ideas below,1
ideas makeup,1
ideas malayalam,1
ideas music,1
ideas nusrat,1
ideas online,1
ideas outfit,1
ideas positive,1
ideas smooth,1
ideas then,1
ignore aapka,1
ignore class,1
ignore summer,1
iit how,1
iit never,1
iitian life,1
ikut memengaruhi,1
imagination behind,1
imagine how,1
imagine most,1
imagined boys,1
imajinasi balik,1
imm gonna,1
imovie likeeee,1
imovie til,1
impact stay,1
imperfect conditions,1
importance being,1
important hai,1
important hota,1
important questions,1
important small,1
important way,1
important year,1
importantly keep,1
impress roblox,1
improve bhi,1
improve game,1
improve life,1
improve next,1
improve want,1
improving skills,1
improving when,1
impulse buying,1
impulse eating,1
includes delicate,1
includes egg,1
including monetize,1
including travel,1
income grow,1
income naaku,1
income using,1
incorporated these,1
increase cholesterol,1
increase views,1
independence words,1
india affordable,1
india airport,1
india appeal,1
india articleship,1
india bag,1
india budget,1
india casual,1
india city,1
india cma,1
india college,1
india commerce,1
india desi,1
india dominating,1
india entertaining,1
india explore,1
india fashion,1
india food,1
india fresh,1
india fruit,1
india full,1
india grader,1
india grwm,1
india ideas,1
india inspiration,1
india instagram,1
india keywords,1
india luggage,1
india main,1
india malayalam,1
india minimal,1
india noone,1
india pro,1
india productive,1
india relatable,1
india simple,1
india smallyoutubers,1
india ssc,1
india start,1
india stayconsistent,1
india tags,1
india telugu,1
india trip,1
india trolley,1
india upsc,1
india village,1
india vlogging,1
india welcomeback,1
india without,1
indiadiaries funnyvideos,1
indiamy indiamy,1
indiamy please,1
indian beginners,1
indian budding,1
indian desi,1
indian gamer,1
indian gaming,1
indian grwm,1
indian hindi,1
indian how,1
indian india,1
indian introduction,1
indian lifestyle,1
indian love,1
indian motivation,1
indian productive,1
indian punjabi,1
indian realistic,1
indian start,1
indian students,1
indian vlod,1
indian vlogmeraindian,1
indian winter,1
indiancreator cuetenglish,1
indiancreator youtubejourney,1
indiancreatormy indian,1
indiandailylife hindivlog,1
indianfood everythingieatinaday,1
indianfood foodchannel,1
indianmehndi latestmehndi,1
indianshorts supportsmallcreator,1
indianstudent boards,1
indianstudent studentstruggles,1
indianstudentcmainter icmai,1
indianstudentlife povstudent,1
indiantourism localtravel,1
indianvlog mydailylifevlog,1
indianvlogger behindthescenes,1
indianvlogger fashionvlog,1
indianvlogger funnyvlog,1
indianvlogger grwmhindi,1
indianvlogger indianvlogs,1
indianvlogger lifestylevlog,1
indianvlogger newpurchase,1
indianvlogger shortsvideo,1
indianvlogger simplelife,1
indianvlogs desivlog,1
indianvlogs souravjoshi,1
indianyoutuber india,1
indianyoutuber studentrelatable,1
indianyoutuber traveljourney,1
indianyoutubervlog youtubevloghindi,1
indiatravel budgettravel,1
indiatrip travelwithfriends,1
indiavlogvideodaily indian,1
indiayoutuber viralvlog,1
indonesia tebing,1
indonesia volcanic,1
industry trolibarang,1
influenced imagination,1
influencer story,1
info aesthetic,1
information ankit,1
information don,1
informs also,1
infringement intended,1
infused unmistakably,1
inggris nah,1
ini akan,1
ini bentuk,1
ini merangkum,1
initial gurthuvachai,1
insaan jhoothi,1
insaan ladki,1
insaan triggered,1
insane kills,1
inshot edit,1
inside body,1
inside full,1
insights hit,1
insights lifestyle,1
insights professional,1
inspirasi worldbuilding,1
inspiration camaraderie,1
inspiration cute,1
inspiration life,1
inspiration lifestyle,1
inspiration shortsfeed,1
inspiration vibes,1
inspiration worldbuilding,1
inspire both,1
inspire control,1
inspired toppers,1
insta trick,1
instagram desi,1
instagram edit,1
instagram facebook,1
instagram how,1
instagram india,1
instagram insta,1
instagram laveau,1
instagram show,1
instagram tricks,1
instagram vxhatner,1
instant glass,1
instantly brighten,1
instareels reelsindia,1
instead waiting,1
integrity thats,1
integrity when,1
intended rights,1
intense battles,1
intention mornings,1
intention offend,1
intention skincare,1
intentions surely,1
inter cma,1
inter inter,1
interested online,1
interesting aayengi,1
interesting how,1
interesting minivlogs,1
interesting please,1
interesting saath,1
internet interested,1
interview humanities,1
interview karankumarblog,1
inti dari,1
intramurals attending,1
introduce loki,1
introduction finally,1
introduction how,1
introduction journey,1
introduction life,1
introduction myfirstvideo,1
introduction myself,1
introduction onwards,1
introduction related,1
introduction routine,1
introduction student,1
introduction tips,1
introduction youtubeshorts,1
inverterhoist rakswalayan,1
inviting let,1
iphone aditya,1
ips etc,1
ips upscjourney,1
ips upsclover,1
irmalomboky semangat,1
irmydw tiktok,1
isaac andrea,1
isaac shortsfeed,1
ishttapettu videokk,1
isko character,1
islam lifestyle,1
islam routine,1
islamic point,1
islamic routine,1
islamiccreater tofiq,1
island pressure,1
isn routine,1
isn task,1
isnt ready,1
iss bat,1
item unboxing,1
itne dino,1
itslachlanturnbull masculinity,1
itss aesthetic,1
ittt name,1
jaaungi aur,1
jab log,1
jac hunter,1
jaisa kaise,1
jaisa professional,1
jaisa thumbnail,1
jaise entertainment,1
jaishreeram bajrangbali,1
jaldi aane,1
jaldi regular,1
jamthra nala,1
jan sissy,1
jaoge also,1
jarur batana,1
jarur kare,1
jata hai,1
jate kya,1
jay shree,1
jayanti aaj,1
jayanti poora,1
jaye din,1
jaye vedio,1
jayega plzzz,1
jaynab awesome,1
jee business,1
jee comeback,1
jee droppers,1
jee exam,1
jee experience,1
jee failure,1
jee full,1
jee here,1
jee how,1
jee jee,1
jee life,1
jee motivation,1
jee productive,1
jee road,1
jee routine,1
jee studyvlog,1
jeeaspirant cuetaspirant,1
jeegirl cuetgirl,1
jeephysics chemistryvlog,1
jeepreparation cuetgeneraltest,1
jeeta pasand,1
jeevan khushiyan,1
jespersen lifestyle,1
jespersen where,1
jhalak hai,1
jhoothi main,1
job kid,1
job relate,1
jobexplained forkliftoperator,1
join cma,1
join event,1
join gamer,1
join membership,1
join nezox,1
jong comedy,1
jong gone,1
jong meme,1
joshi carry,1
joshi funny,1
joshi nikhil,1
joshi second,1
joshi sourav,1
journal pages,1
journaling enjoying,1
journaling goal,1
journaling healthy,1
journaling journalinginspiration,1
journalinginspiration cozy,1
journalingstickers diy,1
journey alone,1
journey articleship,1
journey beauty,1
journey beginner,1
journey beginning,1
journey bus,1
journey class,1
journey consistency,1
journey continues,1
journey cooking,1
journey creation,1
journey don,1
journey dropping,1
journey every,1
journey excited,1
journey finally,1
journey hope,1
journey how,1
journey iit,1
journey indian,1
journey inter,1
journey isn,1
journey journey,1
journey let,1
journey look,1
journey manifesting,1
journey message,1
journey millionaire,1
journey motivates,1
journey motivation,1
journey night,1
journey often,1
journey part,1
journey queries,1
journey routine,1
journey self,1
journey small,1
journey ssc,1
journey starting,1
journey struggles,1
journey studyreelsindia,1
journey sub,1
journey subscribing,1
journey support,1
journey towards,1
journey vlogging,1
journey want,1
journey welcome,1
joy able,1
joys cozy,1
jualtroli trolleymurah,1
jualtrolley chainblock,1
jude raho,1
juga terhubung,1
jugaad life,1
jugaad style,1
junk food,1
justrealstruggle motivationforstudents,1
kaadu views,1
kaam please,1
kab hai,1
kabut dan,1
kaha kri,1
kahan liya,1
kahani hello,1
kaie kre,1
kaise ban,1
kaise banaen,1
kaise banate,1
kaise bnaye,1
kaise edit,1
kaise hote,1
kaise hoyegi,1
kaise kaise,1
kaise karemy,1
kaise lagi,1
kaise simple,1
kaise tyari,1
kalian benar,1
kalindar cut,1
kalindar cutting,1
kandirikaan nallee,1
kanunnadh pakshe,1
kapoor movie,1
kar buena,1
kar chhota,1
kar dena,1
kar raha,1
kar support,1
kara yaar,1
karanff newchannel,1
kare app,1
kare aur,1
kare bell,1
kare bhojpuri,1
kare edit,1
kare editing,1
kare gaya,1
kare hanumanjayanti,1
kare humanities,1
kare main,1
kare million,1
kare par,1
kare trick,1
kare tutorial,1
kare village,1
karega aur,1
karein karein,1
karein stay,1
karemy blockmy,1
karen blog,1
karen kaise,1
karen kese,1
karen target,1
karen thank,1
karen thumbnail,1
karna bhoolen,1
karna easy,1
karna namaz,1
karna support,1
karne chahie,1
karne mein,1
karne sahi,1
karo aage,1
karo apne,1
karo bell,1
karo family,1
karo guys,1
karo ignore,1
karo mein,1
karo neet,1
karo tuhaade,1
karta hai,1
karte hai,1
karte kartee,1
karte thee,1
karte zaroor,1
kartee pwayree,1
karti hoon,1
karunga aur,1
karva liya,1
kasih khusus,1
katseye pls,1
kaun jeeta,1
kaun station,1
kawakubo thank,1
kcleaning aestheticcleaning,1
keep connected,1
keep don,1
keep god,1
keep how,1
keep keep,1
keep making,1
keep shovelling,1
keep supporting,1
keep too,1
keep what,1
keep wholesome,1
keepgoing learning,1
keepgoing motivationdaily,1
keepsupporting story,1
kelsey experiences,1
kelsey health,1
kelsey loves,1
kelsey shares,1
kelsey unique,1
kelspersen community,1
kelspersen crafted,1
kelspersen kelsey,1
kelspersen regular,1
kelspersen understand,1
kelspersen vibrant,1
kelspersen week,1
kembali beraktivitas,1
kembali dan,1
kept editing,1
kepulauan abu,1
keranjangmirani vfdcontrolhoist,1
kese kare,1
kevin macleod,1
key hai,1
keywords explore,1
keywords gaming,1
keywords introduction,1
keywords kelspersen,1
keywords mobs,1
keywords seo,1
keywords vacation,1
kha konse,1
khana aur,1
khana chinesefood,1
khana whatieatinaday,1
khane momos,1
khane watermelon,1
kharabi nahin,1
khushiyan aaye,1
khushiyan aur,1
khusus untuk,1
khwahish hai,1
kid backpack,1
kills right,1
kind sure,1
kind want,1
kindly most,1
king kevin,1
kirtana welcome,1
kisi bhi,1
kit unboxing,1
kiya agar,1
kiya aur,1
kiya bajrangbali,1
kiya garmi,1
kiye pura,1
knight ahh,1
knight outside,1
knights coming,1
know become,1
know intentions,1
know thanks,1
know try,1
know what,1
know where,1
know why,1
kobe week,1
koi baat,1
koi banane,1
koi bhul,1
komal amkare,1
komal madhya,1
konse college,1
korea primarily,1
korea triggered,1
korean accountant,1
korean exampreparation,1
korean greatly,1
korean koreanstyle,1
korean motivation,1
korean please,1
korean shortsvideo,1
koreanstudy chinesestudy,1
koreanstudy koreanstyle,1
koreanstudy productive,1
koreanstyle korean,1
kota productiveday,1
kpop omg,1
kre aspirants,1
kreatif balik,1
kri hain,1
kripa sab,1
krishna flute,1
kro bhai,1
krte time,1
kru mai,1
kuch btao,1
kuch din,1
kuch hai,1
kuch naya,1
kuch special,1
kuchh bolna,1
kuchh kharabi,1
kuda upcoming,1
kunali car,1
kurach length,1
kuromi hairclips,1
kuttanee please,1
kya apka,1
kya bolemy,1
kya hai,1
kya kare,1
kya kbhi,1
kya kuch,1
kya milti,1
kyunki normal,1
lab practical,1
lab run,1
lab week,1
lab work,1
labor attorney,1
ladki nishchay,1
laga don,1
laga karna,1
laga pada,1
laga please,1
lagegi bahut,1
lagi mujhe,1
lahar desi,1
lahar lahar,1
lahar vlock,1
lahari par,1
lakh ghar,1
landforms water,1
lane liye,1
language learning,1
language safar,1
laphing delhi,1
laphing street,1
lapisan air,1
laptop fun,1
laptop kahan,1
laptop step,1
las night,1
last months,1
lastminutestudy focusmode,1
late nights,1
latenightgrind studyschedule,1
latenightmood studytimetimelapse,1
latenightstudy jeeaspirant,1
latenightstudy working,1
latenightstudysession studymood,1
latestmehndi festivalmehndi,1
laugh travel,1
laughoutloud dailycontent,1
laveau tiktok,1
laveau twitter,1
lawyer bank,1
learn editing,1
learn explore,1
learn simple,1
learn stay,1
learnfaster morningmotivation,1
learning efficientstudying,1
learning improving,1
learning nexttoppers,1
learning shinchan,1
learning studentjourney,1
learningeveryday class,1
learnwithme focusandlearn,1
leave stay,1
leave useful,1
lebih banyak,1
lebih personal,1
lecture social,1
ledu ela,1
left give,1
legend south,1
legends keywords,1
legi thi,1
legne legi,1
lego assembly,1
lekar aaungi,1
lekin main,1
lekin maine,1
lekin twist,1
lena aap,1
lena agar,1
length kuttanee,1
leru anduke,1
less easiest,1
let cheer,1
let clarify,1
let elbaf,1
let enjoy,1
let see,1
let support,1
let together,1
lete hain,1
leti hai,1
leti iss,1
letsgo hey,1
level banda,1
level congratulations,1
level health,1
level skills,1
level writing,1
leveling style,1
levels what,1
leverblock keranjangmirani,1
leverhoist azzamstainless,1
library helping,1
library license,1
library may,1
library separately,1
license use,1
license welcome,1
licensed under,1
life actually,1
life also,1
life apsc,1
life aspirant,1
life balance,1
life balancing,1
life beutiful,1
life bike,1
life blog,1
life bpsc,1
life campus,1
life classy,1
life consistency,1
life cute,1
life daliy,1
life dedicated,1
life don,1
life drawing,1
life easy,1
life editing,1
life engineering,1
life english,1
life experience,1
life explaining,1
life feed,1
life grade,1
life hai,1
life hello,1
life hiii,1
life hindi,1
life hours,1
life ias,1
life improve,1
life indianvlogger,1
life item,1
life job,1
life lifestyle,1
life london,1
life longer,1
life manage,1
life market,1
life motivation,1
life moving,1
life music,1
life next,1
life nit,1
life online,1
life part,1
life please,1
life reminding,1
life require,1
life resistance,1
life see,1
life show,1
life spent,1
life start,1
life startmyfirstvlog,1
life step,1
life studentjourney,1
life studentlife,1
life support,1
life tag,1
life thanks,1
life too,1
life urban,1
life vacation,1
life vlogging,1
life vloglife,1
life want,1
life wedding,1
lifeinindia lifevlogs,1
lifestyle anime,1
lifestyle authenticity,1
lifestyle beginner,1
lifestyle book,1
lifestyle community,1
lifestyle don,1
lifestyle engaging,1
lifestyle exam,1
lifestyle experience,1
lifestyle fun,1
lifestyle ideas,1
lifestyle indian,1
lifestyle influencer,1
lifestyle insights,1
lifestyle inspiration,1
lifestyle kelsey,1
lifestyle makeup,1
lifestyle motivation,1
lifestyle nursing,1
lifestyle only,1
lifestyle peaceful,1
lifestyle please,1
lifestyle productivity,1
lifestyle real,1
lifestyle relatable,1
lifestyle road,1
lifestyle routine,1
lifestyle rural,1
lifestyle self,1
lifestyle shinchan,1
lifestyle stay,1
lifestyle story,1
lifestyle tips,1
lifestyle trolley,1
lifestyle vlogindia,1
lifestyle yahan,1
lifestyle youtubeindia,1
lifestyleek din,1
lifestylevideo holiday,1
lifestylevlog aestheticvlog,1
lifestylevlog bts,1
lifestylevlog grwm,1
lifestylevlog indianvlogger,1
lifestylevlog motivationdaily,1
lifestylevlog reallifevlog,1
lifestylevlog roadtrip,1
lifestylevlog shinchan,1
lifestylevlog shortvlog,1
lifestylevlog softlife,1
lifestylevlog thatgirlroutine,1
lifestylevlog youtubeshorts,1
lifestylevlogindia vlogvideo,1
lifevlog desicomedy,1
lifevlogs aesthetic,1
lifewithnu class,1
lifewithnu learningeveryday,1
lifewithnu studyinspo,1
light veg,1
light workout,1
lightweight beads,1
liked don,1
liked vid,1
likeeee hours,1
likesharesubscribe youtubesupport,1
liking subscribing,1
lil shop,1
line punjabi,1
lingkungan dan,1
link audio,1
link bio,1
link youtubeshorts,1
list class,1
literally devils,1
little bit,1
little cozy,1
little nervous,1
little things,1
little vloggg,1
live brown,1
live every,1
live life,1
live moment,1
live realsound,1
live studywithmelive,1
live without,1
lived don,1
living cooking,1
living dubai,1
living expenses,1
living lifestyle,1
livishots livishots,1
liya chhoti,1
liya firstvlog,1
liya how,1
liya kuchh,1
liya toh,1
liye hai,1
liye jude,1
liye kar,1
liye kuch,1
liye maine,1
liye naya,1
liye perfect,1
liye reelitfeelit,1
liye sab,1
liye sorry,1
local travel,1
localtravel travelindia,1
location looked,1
lod hai,1
log dikh,1
log doctor,1
logo fun,1
logo stretched,1
logon kaise,1
logon meri,1
loki fraud,1
london black,1
london calm,1
london commute,1
london evening,1
london life,1
london morning,1
london moving,1
london notesss,1
london office,1
london real,1
london starting,1
long every,1
long form,1
long hours,1
long term,1
long well,1
long youtubeshorts,1
longer next,1
look bad,1
look chill,1
look forward,1
look gorgeous,1
look perfect,1
look pretty,1
look routine,1
look stunning,1
looked odds,1
looked style,1
looking gorgeous,1
looking grow,1
looks talk,1
lord krishna,1
lose raha,1
lost progress,1
lot courage,1
lot effort,1
lot passion,1
lot subscribers,1
lot which,1
lots exciting,1
lots lots,1
lots love,1
love anime,1
love buying,1
love chat,1
love couple,1
love design,1
love don,1
love fit,1
love gaming,1
love how,1
love jaynab,1
love long,1
love love,1
love marriage,1
love mylife,1
love omgg,1
love relatable,1
love showing,1
love support,1
love trying,1
love vids,1
love vlogger,1
love wowww,1
love youtubeshorts,1
loved freefire,1
lovely other,1
lovemarriage aftermarriage,1
lovemarriage couplevlog,1
lover aapke,1
lover step,1
lovers life,1
loves hearing,1
lovesss weekly,1
low views,1
luck vids,1
luffy hey,1
luggage haul,1
luggage india,1
luggage shopping,1
luggagebag travelessentials,1
luna pan,1
luv ittt,1
maam pdhta,1
macleod licensed,1
madhya pradesh,1
madrid lewis,1
madrid supporter,1
magic tricks,1
mahasiswa yang,1
maher family,1
maher mehak,1
mahra maher,1
mai abhi,1
mai beginner,1
mai bhi,1
mai padte,1
mail gaurangs,1
main apna,1
main bahut,1
main don,1
main har,1
main hoon,1
main jab,1
main laga,1
main mains,1
main makkaar,1
main mein,1
main nava,1
main simple,1
main yahan,1
mainali sumaiya,1
maine apni,1
maine bahut,1
maine give,1
maine hanuman,1
maine yah,1
mains answer,1
mains engineering,1
mains future,1
mains preparation,1
mains routine,1
mains stbpsc,1
mains strategy,1
mains tips,1
maja aaya,1
makemoneyonline youtubegrowth,1
makeup fashion,1
makeup grwm,1
makeup haul,1
makeup lifestyle,1
makeup tutorials,1
makeuphaul studentroutine,1
makeuptutorial newyoutuber,1
making actually,1
making aesthetic,1
making beginners,1
making bring,1
making coffee,1
making ideas,1
making much,1
makkaar ranbir,1
malayalam class,1
malayalam comedy,1
malayalam journal,1
malayalam malayalam,1
malayalam vacation,1
malayalamdayinmylife softgirl,1
malayalamvlog journalingstickers,1
malhan pooh,1
malik interview,1
malik seema,1
malik vloqs,1
mall beach,1
mall there,1
mam reasonina,1
mam tanisha,1
man feel,1
man pause,1
manage drop,1
manage find,1
manage karna,1
manage studies,1
manage work,1
managing distractions,1
manchale food,1
manchi wrong,1
mandir darshan,1
mango tapioca,1
manifesting subscribers,1
mann nahi,1
manon stop,1
manualhoist leverblock,1
many eggs,1
many feel,1
many trying,1
many views,1
mara name,1
marcdez vampireyt,1
market exploring,1
market food,1
market india,1
market lakh,1
market sourav,1
marketing growth,1
marketing pinterest,1
marketing step,1
marketing tips,1
marketvlog foodvlog,1
marriage baad,1
married life,1
marriedlife newhome,1
masculine traits,1
masculinity purpose,1
masih sedang,1
mast agar,1
masterclass create,1
material upsc,1
math ankit,1
math roigar,1
mathematics bsc,1
maths cbse,1
maths gaganpratapsir,1
matlab bro,1
matter how,1
matter stepping,1
matter what,1
matters most,1
matters stay,1
may available,1
may credit,1
may graduation,1
may manage,1
maybe small,1
mazda jac,1
meal time,1
meals enjoy,1
mean integrity,1
mean kya,1
mean much,1
meaning words,1
means real,1
meant lived,1
media growth,1
media instagram,1
medical students,1
medium indian,1
medium upsc,1
meet exploring,1
mehak beginners,1
mehak street,1
mehandibysoniparwaiz easymehndidesign,1
mehn easy,1
mehnat karte,1
mehndi beginners,1
mehndi easy,1
mehndi hennadesign,1
mehndi hennatattoodesign,1
mehndi lover,1
mehndi mehn,1
mehndiart henna,1
mehndidesign henna,1
mehndidesign simplemehndi,1
mehndidesigner mehndistyle,1
mehndifootdesign arabicmehndi,1
mehndiforbeginners stylishmehndi,1
mehndiinspiration mehndivideo,1
mehndilove bridalmehndi,1
mehndilover mehndifootdesign,1
mehndistyle mehndilover,1
mehnditrends mehndiworld,1
mehndivideo mehndiforbeginners,1
mehndiworld mehndidesigner,1
mehta ooltah,1
mehta purana,1
mei aaj,1
mein agar,1
mein batao,1
mein delhi,1
mein jarur,1
mein lekar,1
mein maine,1
mein per,1
melalui episode,1
membantu membentuk,1
membentuk nuansa,1
membership cute,1
membuat lebih,1
meme donald,1
meme funny,1
meme world,1
memengaruhi imajinasi,1
memes entertainment,1
memes war,1
memory wait,1
men world,1
mengatur waktuku,1
mera forgetting,1
mera life,1
mera routine,1
mera ssc,1
mera unique,1
merangkum suasana,1
mere bahut,1
meri acchi,1
meri korean,1
meri pasand,1
meri real,1
meri taqat,1
meri zindagi,1
message heart,1
message korean,1
message stay,1
messages during,1
messages might,1
method class,1
methods social,1
methods start,1
michelle choi,1
mida depend,1
mida kaadu,1
middle class,1
might bit,1
mil jaye,1
milde haan,1
milega aap,1
milega amazing,1
milega free,1
milega mera,1
milega support,1
milenge gaming,1
milionplace youtubeshorts,1
milkar ghar,1
million people,1
millionaire mindset,1
millionairemindset motivation,1
millionviews trendingnow,1
milta rahe,1
milti apko,1
minatimy vlogmy,1
mindfulness selflove,1
mindset every,1
mindset identity,1
mindset life,1
mindset tips,1
mindset topper,1
mindset trick,1
minggu depan,1
minimal aesthetic,1
minimal cute,1
minimal lifestyle,1
minimal yet,1
ministudyvlog class,1
ministudyvlog productivity,1
ministudyvlog studyvlog,1
minivlogindia chillvlog,1
minivlogindia desigirljounrey,1
minivlogindia vlogshorts,1
minivlogs poetry,1
minivlogs series,1
minivlogs trendingshorts,1
minivlogs truck,1
minute how,1
minute preparation,1
minute stress,1
mira mazda,1
mishiel kawakubo,1
mislead subscribers,1
miss alert,1
miss lot,1
miss upcoming,1
missed much,1
mist geological,1
mittal real,1
mix engaging,1
mobile india,1
mobile kaise,1
mobile laptop,1
mobile phone,1
mobile professional,1
mobile survival,1
mobile thumbnail,1
mobs upsc,1
mock score,1
mode aesthetic,1
model what,1
modify karne,1
modify karva,1
mom sister,1
moment capture,1
moment cool,1
moment enjoy,1
moment favorite,1
moment felt,1
moment live,1
moment neelu,1
moment neelus,1
moment shortsfeed,1
moment unfortunately,1
moments art,1
moments beginning,1
moments desi,1
moments enjoy,1
moments entertainment,1
moments exactly,1
moments firstvlog,1
moments honest,1
moments hote,1
moments journey,1
moments library,1
moments love,1
moments matter,1
moments real,1
moments routine,1
moments soft,1
moments studywithme,1
moments support,1
moments tips,1
moments vibes,1
moments voiceless,1
moments welcome,1
momo momos,1
momos dhokla,1
momos eating,1
momos momos,1
momos momosshorts,1
momos morning,1
momoslover trendingvideo,1
momosshorts ashortaday,1
momosshorts yummyfood,1
monetize attribution,1
monetize gya,1
monetize soon,1
money firstvideo,1
money here,1
money home,1
money how,1
money pinterest,1
money stupid,1
money telugu,1
monitization yela,1
month amazon,1
month living,1
months strategy,1
months studv,1
mood next,1
mornigroutine studentstruggles,1
mornigvibes mornigroutine,1
morning chai,1
morning college,1
morning habits,1
morning how,1
morning india,1
morning night,1
morning productivity,1
morning student,1
morning wake,1
morningmotivation dailyroutine,1
morningmotivation glowup,1
morningmotivation korean,1
morningmotivation studentproductivity,1
morningroutine millionairemindset,1
morningroutine morningmotivation,1
morningroutine morningstudy,1
morningroutine morningvlog,1
morningroutine motivation,1
morningroutine studymotivation,1
morningroutine upscmotivation,1
morningroutineforupsc upscbeginnertips,1
mornings focus,1
mornings london,1
mornings routine,1
morningstudy studentlife,1
morningtonightroutine productiveday,1
morningvlog dailyroutine,1
morningvlog friendsvlog,1
morningvlog studywithme,1
most also,1
most confident,1
most entertaining,1
most important,1
most importantly,1
most loved,1
most masculine,1
most real,1
most successful,1
most whether,1
motion edit,1
motivate karega,1
motivated simply,1
motivatedstudent studyjourney,1
motivates below,1
motivates progress,1
motivates stay,1
motivating timelapse,1
motivation agar,1
motivation board,1
motivation calm,1
motivation cbse,1
motivation chartered,1
motivation desk,1
motivation deta,1
motivation disciplined,1
motivation early,1
motivation earlymorning,1
motivation edit,1
motivation eveningvlog,1
motivation every,1
motivation fitness,1
motivation girls,1
motivation growth,1
motivation hai,1
motivation hard,1
motivation hindi,1
motivation india,1
motivation jee,1
motivation latenightgrind,1
motivation lifestylevlog,1
motivation liye,1
motivation lose,1
motivation motivating,1
motivation night,1
motivation perfect,1
motivation phone,1
motivation polity,1
motivation productive,1
motivation real,1
motivation realistic,1
motivation realvlog,1
motivation small,1
motivation smirti,1
motivation special,1
motivation ssc,1
motivation student,1
motivation studv,1
motivation studywithme,1
motivation support,1
motivation thing,1
motivation timemanagement,1
motivation topper,1
motivation viralshorts,1
motivation week,1
motivation without,1
motivational kaise,1
motivational life,1
motivational please,1
motivational productive,1
motivational purposes,1
motivational song,1
motivational ssc,1
motivational story,1
motivational storytelling,1
motivational student,1
motivational tips,1
motivationdaily positivevibes,1
motivationdaily selfdiscipline,1
motivationforstudents fastlearning,1
motivationforstudents studentvibecheck,1
motorcyclelife keepsupporting,1
motovlog lifestyle,1
motovlog lifestyleek,1
motovlog thumbnail,1
mountain hill,1
mountain king,1
mountainvlog hillstation,1
mouth what,1
move forward,1
move freight,1
movement satisfying,1
moves music,1
movie family,1
movie reviews,1
movie tags,1
movie world,1
movies giving,1
movies real,1
movieworldaus australia,1
moving flats,1
moving living,1
mowing tractors,1
mrindianhacker wow,1
mts english,1
mts life,1
much coming,1
much faster,1
much henna,1
much love,1
much money,1
much most,1
much needed,1
much reading,1
much thank,1
mujhe aapki,1
mujhe mein,1
mujhe motivate,1
mujhse koi,1
mukbang beauty,1
mukesh aur,1
mumbai gamer,1
mumbai india,1
mus copyright,1
muscles boost,1
music aesthetic,1
music credit,1
music dreamland,1
music lord,1
music phonk,1
music popular,1
music reactions,1
music relaxing,1
music sad,1
music takes,1
music upsc,1
music used,1
musician luna,1
musicshorts dancevideo,1
muslimah belajarbahasainggris,1
must don,1
mustwatch supportme,1
mydailylifevlog lifestylevlogindia,1
myday youtubeshorts,1
myfirstblog firstvlogvideo,1
myfirstblog myfirstvlogonyoutube,1
myfirstvideo explorepage,1
myfirstvideo firstyoutubevideo,1
myfirstvlog favnaina,1
myfirstvlog firstvlog,1
myfirstvlog myfirstvloginyoutube,1
myfirstvlog myfirstvlogonyoutube,1
myfirstvlog myfirstvlogtoday,1
myfirstvlog newyoutuber,1
myfirstvloggingsetup firstvlogmas,1
myfirstvlogincity firstvlogviral,1
myfirstvlogindia firstvlogentrycomplete,1
myfirstvloginhindi myfirstvlogvideo,1
myfirstvloginyoutube myfirstvloginhindi,1
myfirstvlogonyoutube thvlog,1
myfirstvlogs firstvloguptomorrow,1
myfirstvlogtoday myfirstvlogviral,1
myfirstvlogvideo myfirstblog,1
myfirstvlogviral myfirstblog,1
myfirstvlogviral myfirstvlogonyoutube,1
myfirstvlogviralkaisekare firstvlogbaby,1
myfirstyoutubevideo vloglife,1
mylife college,1
mylife simpleroutine,1
mysecondvlog myfirstvlogindia,1
myself even,1
myself journey,1
myself mehak,1
myself pink,1
myself stay,1
myself there,1
myself why,1
naa promote,1
naaku kuda,1
naaku support,1
nadi year,1
nah akhirnya,1
nahi consistent,1
nahi heroxtreme,1
nahi kiya,1
nahin aage,1
nahin rahi,1
naina choudhary,1
naina fav,1
nainafirst episode,1
naku oka,1
naku vastundhi,1
nala mara,1
nalla resandedoo,1
nallam ishttapettu,1
nallee rsundd,1
namaj bhi,1
naman dyan,1
namaste aapne,1
namaste doston,1
namatavinadhi telugu,1
namaz aur,1
name allee,1
name btao,1
name hai,1
name komal,1
natural makeup,1
naturalmakeup softgirlaesthetic,1
nava haan,1
naveen sir,1
naver com,1
navigates through,1
naya aane,1
naya bed,1
naye sapne,1
nayi khushiyan,1
nayi notification,1
nayi shuruat,1
ncert book,1
need begin,1
need motivation,1
need perfect,1
need stop,1
needed breaks,1
needing earn,1
needs cute,1
needs mujhe,1
neelu svlogtalkshow,1
neelus vlogtalk,1
neend ati,1
neet dailystudyroutine,1
neet kisi,1
neet vloc,1
neetmotivation consistency,1
neetprep notesmaking,1
neetprep studyfocus,1
negotiate someone,1
negotiating worst,1
neha excited,1
nehavlogs neha,1
nervous too,1
never attain,1
never know,1
never leave,1
newbag happyshopping,1
newbed homevlog,1
newchannel sports,1
newcreator indianyoutuber,1
newcreator viralshorts,1
newhome homedecor,1
newjourney dpxplayz,1
newphone unboxing,1
newpurchase shoppingvlog,1
newstart contentcreator,1
newtrolley luggagebag,1
newvideo channelupdate,1
newvideo mustwatch,1
newvlog support,1
newvlog vlogging,1
newvlogger aestheticlifestyle,1
newvlogger smallcreator,1
newvlogger youtubeshorts,1
newyoutuber channelintro,1
newyoutuber lifestyle,1
newyoutuber supportsmallcreators,1
newyoutuber vloggingstart,1
newyoutuber youtubejourney,1
newyoutuber youtubestart,1
newyoutubervlog noonevlog,1
next also,1
next bye,1
next ela,1
next footmehndi,1
next gelle,1
next ideas,1
next level,1
next please,1
next simple,1
next toppers,1
next want,1
next what,1
next which,1
nexttoppers lecture,1
nexttoppers studyvlog,1
nezox clutch,1
nezox family,1
nezox ready,1
nezox where,1
nhi aayi,1
nhi ati,1
nhi jate,1
niceee both,1
niche write,1
night also,1
night chill,1
night grinds,1
night motivation,1
night time,1
night tips,1
nighter class,1
nighter work,1
nightroutine notetaking,1
nights soft,1
nightvlog morningvlog,1
nighty vaginal,1
nijamee naku,1
nikhil dobal,1
nishchay malhan,1
nishchay story,1
nit life,1
nmn jan,1
nobacklog studyvlogindia,1
nofakestudy justrealstruggle,1
non drying,1
non foaming,1
noodle eating,1
noone indian,1
noonevlog indianyoutubervlog,1
noooooooooooooo imm,1
normal bol,1
normal life,1
normal shinchan,1
normal toh,1
northindianfood desikhana,1
note copyright,1
note making,1
note replies,1
notes aesthetic,1
notes making,1
notes motivation,1
notes notes,1
notes peaceful,1
notes productivity,1
notes science,1
notes stationery,1
notesmaking revision,1
notesmaking revisiontime,1
notesss edited,1
notetaking universitylife,1
noticed timer,1
notification milta,1
now compromising,1
now don,1
now join,1
now popular,1
now reality,1
now started,1
nuansa untuk,1
number whatsapp,1
numbers big,1
nurse bustling,1
nurse life,1
nurselife skincareroutine,1
nursing skin,1
nusrat bloom,1
nutrition facts,1
nutrition fitness,1
nutritious breakfast,1
nya bed,1
nyc vlogging,1
nykaa rice,1
nykaafacewash ricewater,1
obsessedddd ate,1
occasion where,1
occasions quick,1
odds becoming,1
off yaad,1
offend harm,1
officalvideo youtubeshorts,1
office london,1
office moments,1
office office,1
office work,1
officelife cma,1
official gaming,1
often support,1
oka vachindi,1
oka vedio,1
oka vedioa,1
okay become,1
okay don,1
omg pretty,1
omg stuti,1
omg went,1
omgg soo,1
omlette channa,1
omlette protein,1
onepiece elbaf,1
onestepatatime keepgoing,1
online bsc,1
online classes,1
online grow,1
online income,1
online school,1
online test,1
onlineearning makemoneyonline,1
only copyright,1
only entertain,1
only informs,1
only use,1
onwards lots,1
ooltah chashma,1
ootds art,1
open safari,1
opinion also,1
opinions putting,1
opinions right,1
option arts,1
option desi,1
option energetic,1
option simple,1
options humanities,1
optionsstudy humanities,1
ordinary feel,1
originalcontent supportsmallcreators,1
orr bhi,1
orr rani,1
other competitive,1
other fun,1
other handsome,1
other instagram,1
other liked,1
other people,1
other which,1
other youtubeshorts,1
ott outfitoftheday,1
outcomes review,1
outdoor want,1
outfit aesthetic,1
outfit college,1
outfit throughout,1
outfitoftheday pintrestinspired,1
outfits small,1
outputting equation,1
outside enjoying,1
outside shamrock,1
over next,1
over par,1
over strong,1
over voiceover,1
overanalyse everything,1
overanalysing literally,1
overload aap,1
overlook hard,1
overthinking waiting,1
own claim,1
own journey,1
own life,1
pabrikrak trolleysupermarket,1
packed high,1
packed popular,1
packing india,1
pada bumi,1
pada hai,1
padhaai hamen,1
padhai saath,1
padhne mann,1
padhta aur,1
padhta isliye,1
padhte time,1
padhugi thank,1
padhunga sahi,1
padta hai,1
padte name,1
page explore,1
page india,1
pages feel,1
paidpromotion advertisement,1
painting red,1
pakshe enikk,1
pan copyright,1
panipuri challenge,1
panipuri shortsfeed,1
panjang berikutnya,1
panty girl,1
par bani,1
par karne,1
par swagat,1
para penonton,1
parmarssc civilserviceexam,1
parmarssc ssc,1
part bano,1
part community,1
part journey,1
part office,1
part routine,1
part smile,1
part support,1
part without,1
part wow,1
parties special,1
parts world,1
pasand hai,1
pasand karte,1
passion creating,1
passion success,1
pasta eating,1
pasti akan,1
patel student,1
patience persistence,1
patterns floral,1
pause challenge,1
pcb grader,1
pcb pcbstudent,1
pcb studywithme,1
pcbstudent class,1
pcbstudent science,1
pcbstudent studywithme,1
pcm class,1
pcm povprocrastinator,1
pdhta orr,1
peaceful add,1
peaceful aesthetic,1
peaceful early,1
peaceful focus,1
peaceful home,1
peaceful minimal,1
peaceful morning,1
peacefulhome experience,1
peak level,1
peak trick,1
peak tricks,1
peduthe ban,1
pehla digitalcreator,1
pehla gaya,1
pehla hai,1
pehla step,1
pehla vlogger,1
pehle bike,1
pehli hai,1
pehli real,1
pen use,1
penonton saya,1
people ask,1
people know,1
people started,1
people want,1
people watched,1
people who,1
per abhi,1
per koi,1
per regular,1
perfect along,1
perfect creative,1
perfect din,1
perfect festivals,1
perfect hai,1
perfect jata,1
perfect move,1
perfect need,1
perfect occasions,1
perfect real,1
perfect routine,1
perfect sensitive,1
perfection consistency,1
perfection let,1
perform music,1
permission rights,1
permitted love,1
persistence how,1
person side,1
personal block,1
personal care,1
personal edit,1
personal life,1
personal playbook,1
personal side,1
personal upliftment,1
personal yang,1
perspectives remember,1
pettadhu peduthe,1
pettali vedioa,1
phir bhi,1
phir zoology,1
phle show,1
phone aesthetic,1
phone happy,1
phone how,1
phone journey,1
phone sabse,1
phonk copyright,1
physics mathematics,1
physics neetaspirant,1
physicsclass neetaspirant,1
physicswallah nexttoppers,1
physique want,1
pick behavior,1
piece brings,1
pilates london,1
pink bouquet,1
pink outfit,1
pinterest earning,1
pinterest growth,1
pintrestinspired cuteoutfits,1
pizza pizzalover,1
pizzalover pizzarecipe,1
pizzarecipe foodforfoodies,1
pizzatime momos,1
place each,1
place hit,1
place what,1
place where,1
places fun,1
places india,1
plan ssc,1
planner bsc,1
planning tips,1
plans future,1
plans hello,1
plate includes,1
playbook treat,1
playlist bsc,1
plays insane,1
please amazing,1
please bhai,1
please bro,1
please continue,1
please follow,1
please guide,1
please help,1
please hit,1
please hoon,1
please karen,1
please lovely,1
please much,1
please note,1
please part,1
please pin,1
please provide,1
please sportmy,1
please tell,1
please these,1
please wait,1
please youtubeshorts,1
pleasesupport helpmegrow,1
pleasure now,1
pls actually,1
pls dress,1
pls support,1
plus bio,1
plzzz aapka,1
plzzz humlog,1
podcast berisi,1
podcast episodes,1
podcast kawish,1
poetry let,1
poetry studentlife,1
point motivational,1
police constable,1
police months,1
police routine,1
police time,1
political science,1
pomodoro bsc,1
pomodoro delhiwinters,1
pomodoro studysmart,1
pomodorotechnique cutestationery,1
pooh korea,1
pooja beautiful,1
poojai happy,1
poojai routine,1
pookie full,1
poop girl,1
pooping poop,1
poora celebration,1
popular beginner,1
popular games,1
popular popular,1
popular rock,1
popular vlogger,1
pores instantly,1
positive vibes,1
positivevibes girlroutine,1
post been,1
post everyday,1
post option,1
pov finally,1
povprocrastinator goalsetting,1
povs every,1
povschoollife cinematic,1
povshorts class,1
povstudent latenightstudy,1
povstudylife studyreels,1
povtodolist studyshorts,1
power eggs,1
power internet,1
powerful yourself,1
practical exam,1
practical methods,1
practice learn,1
practices uploading,1
pradesh through,1
prank style,1
prankvlog realvlog,1
prefer long,1
prelims online,1
prelims productivity,1
prelims time,1
prep bag,1
prep bsc,1
prep examsarecoming,1
prep jee,1
prep smirti,1
preparation burnout,1
preparation competitive,1
preparation consistency,1
preparation davs,1
preparation delhi,1
preparation drop,1
preparation experiences,1
preparation hard,1
preparation home,1
preparation hours,1
preparation jayega,1
preparation kar,1
preparation karunga,1
preparation late,1
preparation looks,1
preparation maths,1
preparation motivation,1
preparation neetmotivation,1
preparation packing,1
preparation schedule,1
preparation sse,1
preparation student,1
preparation studentcomedy,1
preparation syllabus,1
preparation techniques,1
preparation test,1
preparation without,1
preparationjourney vloginhindi,1
preparationssc cgl,1
preparing again,1
preparing civil,1
preparing korean,1
preparing upsc,1
prepping cpla,1
present doing,1
press karo,1
pressure ash,1
pretty eyes,1
pretty love,1
pretty well,1
pretty wow,1
previous started,1
prha kro,1
price kya,1
price well,1
primarily communicate,1
pro free,1
pro gamer,1
pro level,1
pro sniper,1
pro tip,1
process behind,1
process dikhaya,1
procrastination class,1
procrastinationvlog funnystudymoments,1
productive bsc,1
productive calm,1
productive class,1
productive cozy,1
productive cute,1
productive exam,1
productive motivation,1
productive productive,1
productive raha,1
productive routine,1
productive school,1
productive session,1
productive simple,1
productive ssc,1
productive studentlife,1
productive studywithme,1
productive time,1
productive upsc,1
productive wait,1
productive woke,1
productiveday dailyroutine,1
productiveday explorepage,1
productiveday productive,1
productiveday realvlog,1
productiveday skincareroutine,1
productivedayinmy morningroutine,1
productivedayinmylife motivation,1
productivemorning sscpreparation,1
productivity concentration,1
productivity consistency,1
productivity create,1
productivity exam,1
productivity examstrategy,1
productivity let,1
productivity morning,1
productivity pomodoro,1
productivity productive,1
productivity productivedayinmy,1
productivity routine,1
productivity schoollifeindia,1
productivity studentlife,1
productivity students,1
productivity studyroutine,1
productivity studysession,1
productivity studywithme,1
productivity wow,1
productivityshorts morningroutine,1
productivityvlog relatablepov,1
professional editing,1
professional thumbnail,1
profile dosto,1
progress tough,1
progress updates,1
project bsc,1
project building,1
project grounded,1
project shifting,1
prom night,1
promise quality,1
promote cheyava,1
prompt gemini,1
properly beginner,1
proses kreatif,1
protein channa,1
protein foods,1
protein healthyfood,1
protein helps,1
proud hlw,1
provide time,1
proving myself,1
proyek ini,1
proyek speculative,1
proyek yang,1
psc competitive,1
pterosaurs flight,1
pterosaurus yang,1
public accountant,1
public bike,1
public labor,1
public reaction,1
publicreaction prankvlog,1
publicvlog bikevlog,1
pulling nighter,1
punjabi music,1
punjabi vlogger,1
punjabisong bhaktisongviralpunjabi,1
pura allabus,1
pura din,1
purana episode,1
purba sistem,1
purchase suitcase,1
purchase travel,1
purely entertainment,1
puri kar,1
purpose discipline,1
purpose only,1
purpose such,1
purposes fan,1
purposes only,1
pushed through,1
put lot,1
puts lot,1
putting myself,1
pwayree log,1
pwayree pwayree,1
pyar lod,1
pyar maher,1
pyq mains,1
quality become,1
quality creative,1
quality gameplay,1
quality most,1
quality protein,1
queries gaming,1
queries solved,1
question answer,1
question audience,1
questions class,1
questions community,1
questions kelsey,1
questions which,1
quick elegant,1
quickrevision smartstudy,1
quickrevision studymotivation,1
quietly spending,1
quit also,1
quit closer,1
quran din,1
rabeenaguptaofficial experience,1
radhe jay,1
radhe radhe,1
raha hai,1
raha hoon,1
raha maine,1
rahe support,1
rahi rvsn,1
raho newyoutuber,1
raho swagat,1
raho true,1
raho youtubeprofile,1
rahul welcome,1
rain mist,1
rainy london,1
rajpoot class,1
rak jualtroli,1
rakgondolasurabaya minivlogindia,1
rakhi seedha,1
rakho perfect,1
raksurabaya hoist,1
rakswalayan chainpulley,1
ram bhai,1
ranbir kapoor,1
random adventure,1
randomvlog adventuretime,1
rani maam,1
rani mam,1
rant clean,1
rare food,1
rather than,1
ravadam ledu,1
rcb fan,1
rcb real,1
reach goals,1
reach subscribers,1
reach views,1
reaction prank,1
reaction public,1
reaction publicreaction,1
reaction upsc,1
reactions food,1
reactions gaming,1
reactions indian,1
reactions opinions,1
reactions random,1
reading silly,1
ready bring,1
ready glow,1
ready india,1
ready wait,1
real bpsc,1
real entertainment,1
real hai,1
real introduction,1
real motivation,1
real peaceful,1
real people,1
real power,1
real relatable,1
real simple,1
real sound,1
real stories,1
real talks,1
real unfiltered,1
real upsc,1
real voice,1
real want,1
real which,1
realafstudylife latenightstudysession,1
realistic aspirants,1
realistic cmainter,1
realistic homemade,1
realistic indianstudentcmainter,1
realistic islamic,1
realistic productive,1
realistic relatable,1
realistic routines,1
realities personal,1
reality powerful,1
reallife youtubeindia,1
reallifestory simple,1
reallifevlog vloggerlife,1
reallifevlog vloghindi,1
realmadrid newchannel,1
realsound cpa,1
realsound motivation,1
realstudentlife procrastinationvlog,1
realstudentlife schoollifeindia,1
realvlog bikeride,1
realvlog india,1
realvlog studygirl,1
reasonina ssc,1
reasoning classes,1
recent naku,1
recipes aur,1
record voice,1
record wow,1
red sauce,1
reelitfeelit exploreindia,1
reelitfeelit trendingreels,1
reelsindia newvlogger,1
reelsindia reelitfeelit,1
reelsindia travelgram,1
reelsindia youtubeindia,1
reelsmusic shortsdance,1
reframe saved,1
refreshed focused,1
regardless size,1
region genuinely,1
regular dalunga,1
regular dene,1
regular dose,1
regular milega,1
regularly gameplay,1
rehta hai,1
relatable experiences,1
relatable fresh,1
relatable india,1
relatable lifestyle,1
relatable movieworldaus,1
relatable personal,1
relatable povs,1
relatable type,1
relatable upsc,1
relatablecontent vloglife,1
relatablepov jeegirl,1
relatablestudentvlog tags,1
relatablestudypov cuet,1
relatablevlog studywithme,1
relate edit,1
relate let,1
relate office,1
related fitness,1
related studies,1
related tags,1
relates motivation,1
relaxed calm,1
relaxing caf,1
relaxing floor,1
relaxing simple,1
relaxing vibes,1
relaxing visuals,1
relaxingroutine voiceovervideo,1
remember every,1
remember kelspersen,1
remember why,1
reminded myself,1
reminding myself,1
removed deleted,1
replies english,1
replies slow,1
require questions,1
required may,1
resandedoo way,1
reserved anushkaa,1
reset lifestyle,1
reset routine,1
resistance band,1
resonates viewers,1
responds vid,1
result challenge,1
result exams,1
result studymotivation,1
reveal happy,1
review biriyani,1
review budget,1
review food,1
review scientist,1
reviewmy blog,1
reviews cost,1
reviews side,1
reviews sports,1
revise class,1
revising managing,1
revision beech,1
revision current,1
revision lastminutestudy,1
revision science,1
revision upsc,1
revisiontime onestepatatime,1
rhe handsome,1
ricewater glycolicacid,1
rich without,1
ride train,1
right amount,1
right how,1
right saying,1
right time,1
right way,1
rights reserved,1
ritu mam,1
road iit,1
road trip,1
roadtrip travelindia,1
roast saath,1
roasts skincare,1
robayed sumaiya,1
robayed tanya,1
roblox help,1
roblox noooooooooooooo,1
roblox vlogger,1
rock squad,1
roigar ankit,1
roj padhunga,1
rolls productivity,1
room cozy,1
room tech,1
routine aaj,1
routine also,1
routine aspiring,1
routine aur,1
routine avoid,1
routine becoming,1
routine bpsc,1
routine campus,1
routine ccc,1
routine competitive,1
routine copyright,1
routine designed,1
routine dream,1
routine evening,1
routine exam,1
routine excuses,1
routine explore,1
routine fashion,1
routine fitness,1
routine friends,1
routine full,1
routine gym,1
routine hai,1
routine help,1
routine hindi,1
routine hours,1
routine india,1
routine inspiration,1
routine inspire,1
routine islamic,1
routine journaling,1
routine kiya,1
routine last,1
routine little,1
routine mei,1
routine morning,1
routine most,1
routine namaste,1
routine noodle,1
routine normal,1
routine office,1
routine online,1
routine peaceful,1
routine pilates,1
routine productive,1
routine productivity,1
routine realistic,1
routine reallife,1
routine relaxing,1
routine sessions,1
routine show,1
routine skincare,1
routine slow,1
routine students,1
routine thatgirl,1
routine tips,1
routine transparent,1
routine wake,1
routine winter,1
routines authentic,1
routines black,1
routines campus,1
routines exploring,1
routines lifestyle,1
routines self,1
routinevlog adayinmylife,1
routinevlog lifestylevlog,1
rsundd soo,1
rto okay,1
ruin right,1
rules rani,1
run cheyali,1
run small,1
running full,1
rural india,1
rush bring,1
rush clutch,1
rush indian,1
rvsn krte,1
saath din,1
saath haan,1
saath kar,1
saath karti,1
saath kiya,1
saath support,1
sab karte,1
sab kuch,1
sab par,1
sab work,1
sabhi hamara,1
sabhi subjects,1
sabji facelesscooking,1
sabji keep,1
sabke jeevan,1
sabse phle,1
sach hai,1
sachin mainali,1
sachin seema,1
sad conversation,1
sad when,1
safar lekin,1
safar padhai,1
safari trolley,1
sahi bhi,1
sahi hai,1
sahi tarika,1
sains inspirasi,1
sakta hai,1
sakti hai,1
sal upsc,1
samar lapisan,1
same journey,1
samjha sakte,1
samne hichki,1
sannomiya kobe,1
sapne yeh,1
sare kaam,1
sari khwahish,1
sas bahu,1
sat sri,1
satisfying bag,1
satisfying serene,1
satisfying side,1
sauce pasta,1
saurav joshi,1
saved life,1
say something,1
say word,1
saya bangun,1
saya indonesia,1
saya kembali,1
saying things,1
scene improve,1
scenes bts,1
scenes feel,1
scenes world,1
schedule bsc,1
schedule ssc,1
scholarship preparation,1
school aesthetic,1
school class,1
school dress,1
school focus,1
school life,1
school online,1
school routine,1
school schoollife,1
school university,1
schoollife class,1
schoollife collegestudy,1
schoollifeindia lifewithnu,1
schoollifeindia studentmotivation,1
schoollifeindia studyvlog,1
schoolroutine routine,1
schoolstruggles boardexampressure,1
science after,1
science biology,1
science commerce,1
science diet,1
science grader,1
science inspiration,1
science lab,1
science schedule,1
science section,1
science sst,1
science studypov,1
science university,1
scientist keep,1
score miss,1
scroll karte,1
sebagai seorang,1
sebenarnya aku,1
sebuah dunia,1
sebuah visual,1
second aaj,1
second chance,1
second lahar,1
second thought,1
secret hai,1
secrets getting,1
section getting,1
sedang saya,1
sedang terbentuk,1
see aesthetic,1
see audio,1
see introduction,1
see journal,1
see peaceful,1
see please,1
see where,1
seedha tarbuj,1
seema sachin,1
seems effective,1
sehari dalam,1
selection ssc,1
self control,1
self discipline,1
self edit,1
self growth,1
self thatgirlroutine,1
self why,1
selfcare healthylifestyle,1
selfcare morningmotivation,1
selfdiscipline goalsetting,1
selfdiscipline hardwork,1
selfdiscipline studygoals,1
selfedit contentcreator,1
selflove glowupjourney,1
selfstudyjourney studyyoutuber,1
semangat kaaa,1
semester bsc,1
sensitive skin,1
seo gamer,1
seorang mahasiswa,1
separately other,1
serene cleaning,1
series how,1
series inspired,1
series lahari,1
series luv,1
series routine,1
series upsc,1
serious routine,1
seriously journey,1
server isnt,1
services other,1
session calm,1
session cozy,1
session prettyyy,1
session real,1
sessions polity,1
setting aesthetic,1
setup cozy,1
setup desk,1
setup notes,1
setup real,1
setup uploading,1
shahar blog,1
shamrock bum,1
shape beneath,1
shared little,1
shares journey,1
sharma class,1
shawarma tarak,1
sheikha mahra,1
shere time,1
shift upsc,1
shifting landforms,1
shinchan animation,1
shinchan art,1
shinchan drawing,1
shinchan energy,1
shinchan sketch,1
shinchan style,1
shoot aap,1
shoot aesthetic,1
shoot diwali,1
shoot editing,1
shop haul,1
shopping india,1
shopping market,1
shopping purchase,1
shopping suitcase,1
shopping trolley,1
shoppingtime unboxing,1
shoppingvlog trolleybag,1
shortcontent youtubeshorts,1
shortfilm explorepage,1
shortsdance gamingshorts,1
shortsexperiment smallyoutuber,1
shortsfeed actually,1
shortsfeed adit,1
shortsfeed girlyaesthetic,1
shortsfeed gufranup,1
shortsfeed gym,1
shortsfeed hello,1
shortsfeed hey,1
shortsfeed love,1
shortsfeed rak,1
shortsfeed result,1
shortsfeed shortsvideo,1
shortsfeed studyshorts,1
shortsfeed trendingshorts,1
shortsfeed vairal,1
shortsfeed views,1
shortsfeed viralshorts,1
shortsfeed whatieatonmydayoff,1
shortsfeed youtubeshorts,1
shortsfeed ytshortsvideo,1
shortsfeed zindagi,1
shortsgaming gamer,1
shortsindia shortsfeed,1
shortsindia viralshorts,1
shortsstories welcome,1
shortsvideo food,1
shortsvideo grwm,1
shortsvideo neet,1
shortsvideo reelsindia,1
shortsvideo shortsfeed,1
shortsvideo shortsindia,1
shortsvideo ytshortsindia,1
shortsviral foodie,1
shortsviral trendingreels,1
shortsviral trendingvideo,1
shortsviral what,1
shortvlog youtubevlog,1
shots hello,1
shovelling mouth,1
show behind,1
show love,1
show off,1
show office,1
show positive,1
show step,1
showed favorite,1
shower routine,1
showing celebrating,1
showing real,1
showing yourself,1
shows how,1
shows simple,1
shree ram,1
shuruaat phir,1
shuruat nayi,1
side effects,1
side hustles,1
side project,1
side wall,1
side when,1
sign keep,1
sign start,1
sikh jaaungi,1
silaveau weekinmylife,1
silent college,1
silly little,1
simple bhi,1
simple boy,1
simple bro,1
simple campus,1
simple clean,1
simple college,1
simple elegant,1
simple hope,1
simple impulse,1
simple makeup,1
simple morning,1
simple outcomes,1
simple practical,1
simple productive,1
simple rakhi,1
simple real,1
simple stylish,1
simplelife morningtonightroutine,1
simplelife studyvlog,1
simplemakeup desigirlvlog,1
simplemehndi easymehndi,1
simpleroutine everydaylife,1
simply add,1
since based,1
since before,1
since sound,1
sinematik fantasi,1
sing rajpoot,1
single counts,1
single waking,1
sir arithmetic,1
sir asalu,1
sir orr,1
sir ssc,1
sirf start,1
sirf waightage,1
sis happy,1
sisi proyek,1
sissy haba,1
sistem lingkungan,1
sister catches,1
sister event,1
sister kya,1
size puts,1
size what,1
skeletix socho,1
sketch shinchan,1
skills editing,1
skills entertaining,1
skills sniper,1
skin every,1
skin glow,1
skin lifestyle,1
skin rice,1
skin tone,1
skincare beauty,1
skincare foryou,1
skincare tips,1
skincareroutine healthyhabits,1
skincareroutine keywords,1
skinny skinny,1
skinny what,1
skip trying,1
skipp youtubeshorts,1
sleepy challenge,1
slow living,1
slow love,1
slow while,1
slowliving indianvlogger,1
small channels,1
small cuz,1
small efforts,1
small experiment,1
small gamer,1
small glimpse,1
small growth,1
small ideas,1
small introduction,1
small joys,1
small means,1
small motivation,1
small numbers,1
small smart,1
small souravjvlogs,1
small struggle,1
small support,1
small value,1
small wanted,1
smallcreator growingyoutuber,1
smallcreator supportsmallcreators,1
smaller every,1
smallyoutuber couplegaming,1
smallyoutuber dancecover,1
smallyoutuber dark,1
smallyoutuber growonyoutube,1
smallyoutuber instant,1
smallyoutuber message,1
smallyoutuber newyoutuber,1
smallyoutuber viralshorts,1
smallyoutubers recent,1
smallyoutubers supporteachother,1
smart experiments,1
smart techniques,1
smartphone newbeginning,1
smartstudy dailylearning,1
smartstudy keepgoing,1
smartstudy studycommunity,1
smile enjoy,1
smile peaceful,1
smirti college,1
smirti patel,1
smirti smirti,1
smooth clips,1
smp full,1
sneha tushi,1
soaking moments,1
soap free,1
socho zara,1
social science,1
socials instagram,1
soft cozy,1
soft life,1
soft outfits,1
soft week,1
softgirl homevlog,1
softgirlaesthetic vlogreels,1
softlife blackgirlvlog,1
solo travel,1
solotravel grouptravel,1
solution india,1
solved online,1
something always,1
something may,1
something mean,1
something thinking,1
sometimes tend,1
song upsc,1
soni how,1
soo gnarly,1
soo gud,1
soo relaxed,1
soon enjoy,1
soon youtubeshorts,1
sooo much,1
sooo please,1
soport never,1
sorry mere,1
sound start,1
sound thank,1
sourab joshi,1
souravjoshi indianvlogs,1
souravjoshi souravjoshi,1
souravjoshi souravjoshivlogs,1
souravjoshivlogs dimplemalhanvlogs,1
souravjoshivlogs mrindianhacker,1
souravjvlogs souravjoshi,1
space don,1
special because,1
special dry,1
special khana,1
special moment,1
special occasion,1
special thank,1
spectrum historyfacts,1
speculativebiology thewatcher,1
spend money,1
spend vacation,1
spending productive,1
spending time,1
spending week,1
spent valentine,1
spicy thai,1
spider man,1
sport punjabisong,1
sportmy myfirstvlog,1
sports fan,1
sports formula,1
spots reveal,1
sprint mornings,1
squad isaac,1
sri akal,1
ssc aaj,1
ssc beginner,1
ssc delhi,1
ssc exam,1
ssc full,1
ssc government,1
ssc hours,1
ssc routine,1
ssc sscghl,1
ssc ssscgl,1
ssc student,1
ssc syllabus,1
ssc upsc,1
ssc vloa,1
ssccal studyvlog,1
ssccg ssc,1
ssccgl sscsteno,1
ssccgl studywithmesscaspirants,1
sscexam studvvlog,1
sscghl gaganpratapmaths,1
ssclife studentvlog,1
sscpreparation studylife,1
sscsteno sscexam,1
sse cgl,1
ssscgl upsc,1
sst honestly,1
stagnant want,1
stamps grwm,1
standalone distribution,1
standup comedy,1
start beginner,1
start class,1
start done,1
start feeling,1
start firstvideo,1
start firstvlog,1
start growth,1
start hai,1
start instead,1
start intention,1
start karo,1
start now,1
start perfect,1
start simple,1
start turn,1
started crossing,1
started dont,1
started fresh,1
started learning,1
started nezox,1
started okay,1
started sign,1
started subscribers,1
started zero,1
starting fresh,1
starting something,1
starting support,1
starting zero,1
startingearly productivemorning,1
startmyfirstvlog nehavlogs,1
startyoutubechannel youtubegrowth,1
state psc,1
station padta,1
station temple,1
stationery design,1
stationery kit,1
stationery studyvlog,1
statues might,1
status myfirstvlog,1
statutes might,1
stay motivated,1
stay true,1
stayconsistent everyviewmatters,1
stayed focused,1
staying hydrated,1
stbpsc aedo,1
stbpsc keywords,1
step beginning,1
step closer,1
step earn,1
step hai,1
step how,1
step nykaa,1
step process,1
step then,1
step tutorial,1
step tutorials,1
step way,1
stepping coworker,1
stick now,1
still taking,1
stop doing,1
stop eating,1
stop let,1
stop outputting,1
stop sneha,1
stop trying,1
stories community,1
stories help,1
story anime,1
story dav,1
story healthcare,1
story kaise,1
story preparing,1
story previous,1
storytelling cinematics,1
storytelling don,1
storytelling edits,1
storytelling how,1
storytelling life,1
storytelling visuals,1
stragey dijiye,1
strategies anyone,1
strategy bpsc,1
strategy cal,1
strategy cgl,1
strategy delhi,1
strategy drop,1
strategy english,1
strategy exam,1
strategy how,1
strategy jee,1
strategy last,1
strategy morning,1
strategy working,1
street exploring,1
street fast,1
streetfo indianfood,1
streetfood adventure,1
streetfood healthyeating,1
streetfood momos,1
streetfoodindia northindianfood,1
streetfoodindia streetfo,1
stress time,1
stretch start,1
stretched sparta,1
striving bring,1
strong block,1
strong congo,1
strong gaming,1
strong kelspersen,1
strong muscles,1
strong start,1
struggle real,1
struggle routine,1
struggle youtubeindia,1
struggles late,1
struggles second,1
stuck anywhere,1
student afterschool,1
student amstudy,1
student aur,1
student calm,1
student cma,1
student din,1
student english,1
student humanities,1
student notes,1
student peaceful,1
student preparing,1
student relates,1
student someone,1
student ssc,1
student started,1
student student,1
student students,1
student studygram,1
student tags,1
student tips,1
student vlogstudy,1
studentcomedy studyseries,1
studentgrowth youtubeindia,1
studenthustle studypressure,1
studentjourney humanities,1
studentjourney lifewithnu,1
studentlife aesthetic,1
studentlife collegevlog,1
studentlife cozyvibes,1
studentlife dailyroutine,1
studentlife education,1
studentlife focus,1
studentlife focusmode,1
studentlife focustime,1
studentlife hey,1
studentlife real,1
studentlife studentsuccess,1
studentlife studymotivation,1
studentlife universitylife,1
studentlifeindia how,1
studentlifeindia motivation,1
studentlifelndia feel,1
studentlifelndia upscjourney,1
studentlifelndia upscmotivation,1
studentlifelndia winterstudy,1
studentmotivation class,1
studentmotivation studentlife,1
studentmotivation studyvibes,1
studentproblems studentsofyoutube,1
studentproductivity educationshorts,1
studentrelatable class,1
studentroutine relatablecontent,1
students aestheticvlog,1
students after,1
students calm,1
students english,1
students grade,1
students humanities,1
students indian,1
students motivation,1
students student,1
students winter,1
studentslife aesthetic,1
studentsofyoutube youtubestudyvlog,1
studentstruggles goalsetting,1
studentstruggles officelife,1
studentsuccess studentslife,1
studentvibecheck desistudentvlog,1
studentvlog dailyroutine,1
studentvlog studyvlog,1
studies collection,1
studv colleqelife,1
studv indian,1
studv plan,1
studv ssc,1
studvvlog morningroutine,1
studyabroad studyadvice,1
studyadvice studyathome,1
studyaesthetic studyvlog,1
studyaestheticfail nofakestudy,1
studyathome routinevlog,1
studychallenge studyvlog,1
studycommunity indianstudent,1
studycontent jee,1
studydaily koreanstyle,1
studydiary notesmaking,1
studydiary productivity,1
studyflow examready,1
studyfocus productivity,1
studygirl indianyoutuber,1
studygoal aedo,1
studygoals timemanagement,1
studygram aesthetic,1
studygram studymotivation,1
studygrind lifewithnu,1
studygrind studytime,1
studyhacks cbseindia,1
studyhacks exampreparation,1
studyhacks studentlife,1
studyhard focus,1
studyhardorhardlystudy studyreelvibes,1
studyinspo examstrategy,1
studyinspo studyvlog,1
studyjourney focusandachieve,1
studylife exams,1
studylife ssclife,1
studylifereality studylife,1
studymood povschoollife,1
studymotivation aestheticstudy,1
studymotivation aestheticvlog,1
studymotivation class,1
studymotivation dayinlifeupsc,1
studymotivation grwm,1
studymotivation indianstudentlife,1
studymotivation learnwithme,1
studymotivation productiveday,1
studymotivation productivity,1
studymotivation ssccgl,1
studymotivation studentlifeindia,1
studymotivation studyhacks,1
studymotivation studymusic,1
studymotivation studytips,1
studymotivation studyvlog,1
studymotivation studywithme,1
studymotivation upscatudyvlog,1
studymotivation upscoptional,1
studymusic korean,1
studymusic pomodorotechnique,1
studymusic studytips,1
studypov povstudylife,1
studypressure schoolstruggles,1
studyrant povtodolist,1
studyreels jeepreparation,1
studyreelsindia grindneverstops,1
studyreelvibes teencreatorindia,1
studyroutine academicvlog,1
studyroutine competitiveexams,1
studyroutine cozy,1
studyroutine examtips,1
studyroutine irmydw,1
studyroutine morningvlog,1
studyroutine studentlifeindia,1
studyroutine studyhacks,1
studyroutine studyinspo,1
studyroutine studyvlog,1
studyroutine studywithme,1
studyroutine upscgrind,1
studyroutine upscvlog,1
studyschedule class,1
studyseries relatablestudypov,1
studysession studentlife,1
studyshorts indiancreator,1
studyshorts pomodoro,1
studysmart dreamanddoon,1
studysmarter success,1
studysuccess studyhacks,1
studytime examprep,1
studytimetimelapse studentproblems,1
studytips class,1
studytips focus,1
studytips morningroutine,1
studytips motivation,1
studytips studentlife,1
studytips students,1
studytips studygrind,1
studytok studyaesthetic,1
studytok studygram,1
studyvibes motivationforstudents,1
studyvibes studyhard,1
studyvibes studywithme,1
studyvlog aestheticstudy,1
studyvlog bhaiya,1
studyvlog bscstudyvlog,1
studyvlog cuet,1
studyvlog dailystudyvlog,1
studyvlog foryou,1
studyvlog ias,1
studyvlog lifestylevlog,1
studyvlog ministudyvlog,1
studyvlog morning,1
studyvlog motivation,1
studyvlog pov,1
studyvlog productivity,1
studyvlog relatablevlog,1
studyvlog studymotivation,1
studyvlog studyplanner,1
studyvlog studytips,1
studyvlog trandingshorts,1
studyvlog upscaspirant,1
studyvlog vlogindia,1
studyvlogindia cbseclass,1
studywithme aesthetic,1
studywithme aspirantaura,1
studywithme cpa,1
studywithme cute,1
studywithme minivlogs,1
studywithme morningroutine,1
studywithme motivation,1
studywithme productive,1
studywithme student,1
studywithme studentlife,1
studywithme studychallenge,1
studywithme studywithmelive,1
studywithme summerholidays,1
studywithmebsc bscstudentlife,1
studywithmeindia studywithmeupsc,1
studywithmelive asmr,1
studywithmelive stream,1
studywithmesscaspirants ssccal,1
studywithmesscaspirants ssccgl,1
studywithmeupsc aspirantslife,1
studywithmeupscaspirants aspirants,1
studyyoutuber studycontent,1
stuff rto,1
stuff spending,1
stuff thinking,1
stunning traditional,1
stupid stuff,1
stuti normal,1
stvlog vlogger,1
stvlog welcome,1
style attitude,1
style outdoor,1
style sat,1
style step,1
stylish look,1
stylish mehndi,1
stylishmehndi beautifulmehndi,1
suasana inti,1
sub btw,1
sub giveaways,1
sub other,1
sub real,1
sub which,1
subah start,1
subah uthna,1
subject after,1
subject complete,1
subject subject,1
subjects topic,1
subs yet,1
subscribed button,1
subscribed luck,1
subscribed support,1
subscribemychannel subscribers,1
subscribenow guidexmode,1
subscribenow likesharesubscribe,1
subscribenow supportme,1
subscribenow trendingvideo,1
subscribers bhaiya,1
subscribers count,1
subscribers mida,1
subscribers started,1
subscribers viralvlogs,1
subscribers year,1
subscribing enjoyed,1
subscribing stay,1
succeeded finally,1
success dailyroutine,1
success dailystudy,1
success found,1
success jee,1
success key,1
success link,1
success secret,1
success story,1
success strategy,1
success subscribemychannel,1
successful decided,1
successful men,1
successful other,1
successful say,1
successmindset hardwork,1
successmindset studyroutine,1
suitcase hindi,1
suitcase india,1
suitcase unboxing,1
sulochanayadavvlogs sulochanayadavvlogsvideo,1
sulochanayadavvlogsvideo vairal,1
sumit bhaiya,1
summer class,1
summer fruit,1
summer routine,1
summer summer,1
summer vibes,1
summerholidays studyvlog,1
super akka,1
super excited,1
super fast,1
super manchi,1
suport plz,1
suport vairal,1
supper trolley,1
support aapka,1
support appeal,1
support beginners,1
support big,1
support bro,1
support cheyadaniki,1
support each,1
support everyone,1
support ghar,1
support hashtags,1
support important,1
support keywords,1
support liking,1
support mehak,1
support milega,1
support newphone,1
support other,1
support please,1
support routine,1
support shere,1
support shortsfeed,1
support smallyoutubers,1
support step,1
support support,1
support supportmychannel,1
support telugu,1
supporteachother teluguyoutube,1
supporter formula,1
supporting each,1
supporting maanali,1
supporting mom,1
supporting thank,1
supportme growfast,1
supportme supportmychannel,1
supportmychannel pleasesupport,1
supportmychannel success,1
supports brain,1
supportsmallchannels telugucreator,1
supportsmallcreator growth,1
supportsmallcreators bikelife,1
supportsmallcreators contentcreator,1
supportsmallcreators hardwork,1
supportsmallcreators subscribenow,1
supportsmallcreators supportsmallcreators,1
sure firstvideo,1
sure growth,1
surely right,1
surprise birthday,1
surprise phone,1
surprises shortsstories,1
surprises what,1
survival games,1
svlogtalkshow shortsfeed,1
sweet treats,1
syllabus beginners,1
syllabus humanities,1
syllabus preparation,1
syllabus time,1
systems hopefullycinematic,1
tab post,1
table delhi,1
table hamen,1
table night,1
table reaction,1
table upsc,1
tag journey,1
tagmy videomymhhtfhfnfgfkjhesmy,1
tags aestheticvlog,1
tags class,1
tags gym,1
tags ignore,1
tags india,1
tags jee,1
tags lahar,1
tags london,1
tags tarbuj,1
tags wonyoungism,1
tak acche,1
tak zaroor,1
tak zarur,1
takeaways apply,1
takes follow,1
takes mood,1
taki aapko,1
taking shape,1
talha reviews,1
talk discipline,1
talk everything,1
talking aesthetic,1
talks enjoy,1
tamimi mehak,1
tamimi tanya,1
tanisha verma,1
tanya mittal,1
tanya real,1
tapi aku,1
tapioca ferrero,1
taqat hai,1
tarah kaise,1
tarbuj cutting,1
tarbuj hindi,1
tarbuj kalindar,1
tarbuj khane,1
tarbuj watermelon,1
target million,1
tarika practices,1
task vibe,1
taught patience,1
tbh sooo,1
tea cup,1
tebing vulkanik,1
tech editor,1
technique strong,1
techniques beginner,1
techniques hacks,1
techniques jee,1
teencreatorindia latenightmood,1
tekanan kepulauan,1
tell comedy,1
tell time,1
tell what,1
telugu algorithm,1
telugu channels,1
telugu community,1
telugu emotional,1
telugu growth,1
telugu shots,1
telugu support,1
telugu telugu,1
telugucreator shortsindia,1
teluguyoutube youtubeshorts,1
temple festival,1
templevlog festivalvlog,1
tend overlook,1
terbang watcher,1
terbentuk balik,1
terhubung dengan,1
terima kasih,1
term wellbeing,1
test weeks,1
tests compound,1
tethys adalah,1
tethys baru,1
tethys ini,1
tethys piece,1
tethys special,1
tethys speculative,1
tethys terima,1
texture soap,1
tha bhai,1
thaa india,1
thai spicy,1
than factual,1
than think,1
thanda fruit,1
thank adayinmylife,1
thank beautiful,1
thank bhaiya,1
thank everyone,1
thank kuch,1
thank love,1
thank much,1
thank please,1
thank see,1
thank spending,1
thank stay,1
thank studentlife,1
thank sumit,1
thank thank,1
thank thankyou,1
thank wonderful,1
thanks great,1
thanks keep,1
thanks mera,1
thanks see,1
thanks ssc,1
thanks understanding,1
thanksforwatching hanuman,1
thankyou akka,1
thankyou much,1
thankyou subscribers,1
thankyou thanksforwatching,1
thatgirl morningroutine,1
thatgirlroutine morningmotivation,1
thats foundation,1
thboards todoliststruggles,1
thbpsc biharspecial,1
thbpsc stbpsc,1
thclass class,1
thee aaj,1
theflavorlab spicy,1
then perfect,1
then starting,1
then student,1
there also,1
there imovie,1
there preparing,1
there thoughts,1
these clips,1
these files,1
these friends,1
these music,1
these things,1
thevishalks indian,1
thewatcher fantasyworldbuilding,1
thgrade biologyclass,1
thgrade examstrategy,1
thgrade pcbstudent,1
thi main,1
thi thnks,1
thing motivates,1
things enjoy,1
things kuromi,1
things life,1
things meaning,1
things overanalysing,1
things studytips,1
think couple,1
think feedback,1
thinking happy,1
thinking impulse,1
thinking thankyou,1
thnks alot,1
thoda camere,1
thoda motivation,1
thought sometimes,1
thoughts building,1
thoughts questions,1
three try,1
through ever,1
through panties,1
through podcast,1
through real,1
through stayed,1
through women,1
throughout week,1
thumbnail growth,1
thumbnail mobile,1
thumbnail thumbnail,1
thumbnail trick,1
thumbs don,1
thvlog youtub,1
tiktok compilation,1
tiktok editing,1
tiktok how,1
tiktok irmalomboky,1
tiktok laveau,1
tiktok what,1
tiktokviral funnyshorts,1
til next,1
till introduce,1
time agar,1
time also,1
time ann,1
time aur,1
time blog,1
time class,1
time decided,1
time doesn,1
time flexible,1
time focus,1
time friends,1
time kitne,1
time let,1
time meal,1
time morning,1
time music,1
time neend,1
time prefer,1
time session,1
time small,1
time stamps,1
time thaa,1
time upsc,1
time viralmy,1
time well,1
time which,1
timelapse studywithme,1
timemanagement asmrshorts,1
timemanagement focusonstudies,1
timer congratulations,1
timetable break,1
timetablefail productivityvlog,1
tiny tests,1
tip add,1
tips aesthetic,1
tips aims,1
tips along,1
tips authentic,1
tips beginners,1
tips bsc,1
tips class,1
tips couple,1
tips cozy,1
tips delhi,1
tips don,1
tips droppers,1
tips earn,1
tips editing,1
tips facts,1
tips fitness,1
tips genuine,1
tips grow,1
tips growth,1
tips haul,1
tips how,1
tips iitian,1
tips india,1
tips indian,1
tips lifestyle,1
tips nobacklog,1
tips passive,1
tips please,1
tips ssc,1
tips stay,1
tips strategy,1
tips students,1
tips telugu,1
tips tips,1
tips youtubetips,1
tired after,1
tired three,1
tkcreater islamiccreater,1
todoliststruggles productiveday,1
tofiq miya,1
together atmosphere,1
together become,1
together follow,1
together gyeongtaegidong,1
together jee,1
together option,1
together same,1
together stay,1
together studywithme,1
together support,1
together tell,1
toh aur,1
toh banta,1
toh cool,1
toh end,1
toh karein,1
toh sab,1
tone future,1
tone resonates,1
tone texture,1
too complicated,1
too giving,1
too growthaudio,1
too let,1
too many,1
too name,1
took lot,1
tools aur,1
top food,1
top street,1
topic sirf,1
topper academic,1
topper humanities,1
topper interview,1
topper motivation,1
topper routine,1
topper student,1
topper upsc,1
topper yeah,1
toppers humanities,1
toppers stop,1
tops hulk,1
topstudent studydaily,1
toronto what,1
tough didn,1
tough feel,1
tour food,1
tour hidden,1
tour top,1
tour village,1
tourist places,1
touristplaces beachvlog,1
tournament gameplay,1
towards becoming,1
track including,1
track simple,1
tracks since,1
tractor cars,1
tractors tractor,1
traditional whether,1
train india,1
train journey,1
trainjourney nightvlog,1
traits integrity,1
trandingshorts explore,1
transitions india,1
translates well,1
translator message,1
transparent body,1
transparent clening,1
transparent hot,1
transparent nighty,1
transparent panties,1
transparent panty,1
transparent shower,1
transparent yoga,1
travel bag,1
travel city,1
travel crazy,1
travel diary,1
travel entertainment,1
travel essentials,1
travel fashion,1
travel food,1
travel friends,1
travel fun,1
travel gear,1
travel group,1
travel indian,1
travel lifestyle,1
travel preparation,1
travel solo,1
travel tourist,1
traveladdict vlogginglife,1
travelbag newtrolley,1
travelblog hindikomedy,1
travelblogger contentcreator,1
travelessentials bagshopping,1
travelgram funlife,1
travelindia creatorli,1
travelindia exploreindia,1
traveljourney lifevlog,1
travelreels vloglife,1
travelvlog desivlog,1
travelvlog fashionblogger,1
travelwithfriends laughoutloud,1
treat life,1
treats mango,1
trendingmehndi viralmehndi,1
trendingnow lifestylevlog,1
trendingnow viralreels,1
trendingnow whatiateinaday,1
trendingnow youtubeviral,1
trendingreels shortfilm,1
trendingreels viralshorts,1
trendingshort contact,1
trendingshorts beautiful,1
trendingshorts comedy,1
trendingshorts hello,1
trendingshorts shortcontent,1
trendingshorts shortsfeed,1
trendingshorts trendingvideo,1
trendingshorts viralshorts,1
trendingshorts youtubeindia,1
trendingsong reelsmusic,1
trendingvideo creatorlife,1
trendingvideo trendingnow,1
trendingvlog everydaylook,1
trendingvlog exploremore,1
trendnow viralindia,1
trick blog,1
trick editing,1
trick kaise,1
trick magic,1
trick tricks,1
trick village,1
tricks app,1
tricks aur,1
tricks beginners,1
tricks free,1
tricks gaming,1
tricks hidden,1
tricks improve,1
tricks online,1
tricks peak,1
tried surge,1
triggeredinsaan souravjoshivlogs,1
trik vedio,1
trip growth,1
trip travel,1
trolibarang engineering,1
trolibelanja hargarakmurah,1
trolley aesthetic,1
trolley suitcase,1
trolley trolley,1
trolleybag travelbag,1
trolleymurah raksurabaya,1
trolleys amrrakgondola,1
trolleysupermarket electrichoist,1
truck how,1
true keep,1
true self,1
true word,1
trump meme,1
trust capability,1
trust own,1
try haul,1
try home,1
try link,1
try too,1
trying because,1
trying build,1
trying couple,1
trying during,1
trying food,1
trying gave,1
trying inviting,1
trying post,1
trying reset,1
trying stay,1
tuhaade pyar,1
tum bhi,1
tum kha,1
tum sabhi,1
tumhare liye,1
tumhe nhi,1
tumne apna,1
tuned dailyroutine,1
tuned till,1
turn passion,1
tushi upsc,1
tutorial cleaning,1
tutorial editing,1
tutorial girl,1
tutorial gujarati,1
tutorial help,1
tutorial how,1
tutorial mobile,1
tutorial transparent,1
tutorials aur,1
tutorials karte,1
tutorials life,1
tutorials online,1
tutorials tips,1
twinn cuteee,1
twist saath,1
twitter silaveau,1
tyari kru,1
type editing,1
type mehndi,1
type sure,1
udaan important,1
ultimate create,1
ultimate duo,1
unboxing aesthetic,1
unboxing firstvlog,1
unboxing namatavinadhi,1
unboxing phone,1
unboxing unboxingvideo,1
unboxingexperience budgetshopping,1
unboxingvideo unboxingexperience,1
under creative,1
understand everything,1
understand importance,1
understanding replies,1
unfiltered opinions,1
unforgettable moment,1
unfortunately removed,1
ungli leti,1
unique banna,1
unique combination,1
unique lifestyle,1
university college,1
university exam,1
universitylife schoollife,1
universitylife univlog,1
univlog backtoschool,1
unke liye,1
unlikely want,1
unlock supper,1
unmistakably authentic,1
unstuck actually,1
untadi income,1
until feel,1
untuk panjang,1
untuk para,1
untuk world,1
upcoming avunu,1
upcoming support,1
update hindi,1
update realistic,1
updates here,1
updates neet,1
updates surprises,1
updates thank,1
upliftment relatable,1
uplifts lifestyle,1
uploaded waiting,1
uploading getting,1
uploading series,1
upsc adayinmylife,1
upsc amisha,1
upsc aspirantsupsc,1
upsc bpscstrategy,1
upsc call,1
upsc current,1
upsc discipline,1
upsc early,1
upsc failure,1
upsc girl,1
upsc guidance,1
upsc hindi,1
upsc journey,1
upsc kaie,1
upsc material,1
upsc neet,1
upsc night,1
upsc pre,1
upsc real,1
upsc realistic,1
upsc state,1
upsc strategy,1
upsc time,1
upsc upscjourney,1
upsc upscstudyvlog,1
upsc vloa,1
upsc vloc,1
upsc vlod,1
upscaspirant upscjourney,1
upscaspirant viralvloa,1
upscaspirants studywithmeupscaspirants,1
upscatudyvlog studyvlog,1
upscbeginnertips upscstudyroutine,1
upsccoaching dreamcometrue,1
upsccse upscexam,1
upscexam dailyroutine,1
upscexam iasaspirants,1
upscgrind upscinspiration,1
upscinspiration earlymorningstudy,1
upscjourney csatprep,1
upscjourney ias,1
upscjourney upscexam,1
upsclover civilservices,1
upscmotivation studymotivation,1
upscmotivation studyvlog,1
upscmotivation studywithme,1
upscmotivational studymotivation,1
upscoptional upsccoaching,1
upscpreparationtips upscmotivational,1
upscstrategy cse,1
upscstudy upscaspirant,1
upscstudyroutine dailyvlogupsc,1
upscstudyvlog ias,1
upscstudyvlog preparation,1
upscstudyvlog studyvlog,1
upscvlog shortsfeed,1
upse hindi,1
urban experiences,1
urban lifestyle,1
use community,1
use mains,1
use part,1
use purpose,1
use tags,1
used current,1
used everyone,1
useful takeaways,1
useful updates,1
using mobile,1
using power,1
using translator,1
uske bad,1
uske liye,1
ussop stop,1
uthna vuzu,1
uttarakhand dreamanddoon,1
vacation journal,1
vacation lifeinindia,1
vacation malayalam,1
vacation next,1
vacations need,1
vacationvlog vacation,1
vachindi akka,1
vaginal wash,1
vairal cuties,1
vairal shortsfeed,1
vairal sulochana,1
valentine celebrating,1
validation college,1
value hard,1
vampire vampireextra,1
vampireextra vampires,1
vampires carlover,1
vampireyt vampire,1
variablespeedhoist inverterhoist,1
vastundhi sir,1
vedio cheyandi,1
vedio full,1
vedio gya,1
vedio jaye,1
vedio nainafirst,1
vedio thumbnail,1
vedio viralfirst,1
vedio youtubefavnainaviralfirst,1
vedioa pettadhu,1
vedioa pettali,1
veg sabji,1
verma life,1
version myself,1
versions use,1
vfdcontrolhoist variablespeedhoist,1
vibe aesthetic,1
vibe follow,1
vibe transparent,1
vibes aesthetic,1
vibes calm,1
vibes don,1
vibes gym,1
vibes home,1
vibes how,1
vibes life,1
vibes morning,1
vibes pretty,1
vibes then,1
vibrant chicago,1
vibrant home,1
vid bcz,1
vid classy,1
vid coming,1
vid dont,1
vid here,1
videoediting youtubetips,1
videokk kurach,1
videomy hindimy,1
videomymhhtfhfnfgfkjhesmy background,1
videoooo life,1
videoweek vlogmy,1
videowhat eat,1
vids sub,1
view growth,1
view how,1
view matters,1
viewers indonesia,1
viewers much,1
viewers worldwide,1
views follow,1
views increase,1
views kept,1
views learn,1
views mida,1
views pls,1
views ravadam,1
views remember,1
views subscribers,1
views tips,1
views unforgettable,1
views views,1
vikas divyakirti,1
village blog,1
village market,1
village status,1
village thumbnail,1
village village,1
villagelife marketvlog,1
villagevlog tags,1
vir youtubeshorts,1
viralcontent instareels,1
viralfirst vedio,1
viralindia newvideo,1
viralmehndi mehndiinspiration,1
viralmy indiamy,1
viralreels contentcreator,1
viralreels dailyshorts,1
viralreels trendingnow,1
viralreels viralsong,1
viralshorts copyright,1
viralshorts explorepage,1
viralshorts facts,1
viralshorts foryou,1
viralshorts how,1
viralshorts mana,1
viralshorts pls,1
viralshorts selfedit,1
viralshorts shortsvideo,1
viralshorts studymotivation,1
viralshorts trendingvideo,1
viralshorts triggeredinsaan,1
viralshorts yourtopic,1
viralshortsvideo neet,1
viralsong momosshorts,1
viralvideos vedio,1
viralvloa motivation,1
viralvlog explore,1
viralvlog minivlogindia,1
viralvlogs support,1
viralvlogs thankyou,1
viralvlogvideo dailyroutinevlog,1
viralyoutubeshorts studyvlog,1
vishayam gurinchi,1
visit related,1
visual baru,1
visual storytelling,1
visual world,1
visualreel youtubeblogger,1
visuals travel,1
visuals voiceovers,1
viwes milionplace,1
viwes viwes,1
vloa rules,1
vloa upsc,1
vloc aspirants,1
vlock india,1
vlock kaise,1
vlod life,1
vlod upsc,1
vlogaftercollege visualreel,1
vlogger answering,1
vlogger behind,1
vlogger chicago,1
vlogger chicagolife,1
vlogger college,1
vlogger dress,1
vlogger edit,1
vlogger ever,1
vlogger explore,1
vlogger family,1
vlogger fiza,1
vlogger funny,1
vlogger inspire,1
vlogger introduction,1
vlogger lifestyle,1
vlogger lifestylevlog,1
vlogger mere,1
vlogger minivlogs,1
vlogger morning,1
vlogger officalvideo,1
vlogger reset,1
vlogger subscribed,1
vlogger travel,1
vlogger viralvlogs,1
vlogger vlogger,1
vlogger vlogging,1
vlogger welcome,1
vlogger who,1
vloggerlife contentcreatorindia,1
vloggerlife indianvlogger,1
vloggerlife life,1
vloggerlife music,1
vloggerlife travelblogger,1
vloggg lots,1
vlogging beautiful,1
vlogging beginners,1
vlogging chic,1
vlogging girl,1
vlogging india,1
vlogging life,1
vlogging lifestyle,1
vlogging thumbnail,1
vloggingchannel indiavlogvideodaily,1
vlogginglife crazyvlog,1
vloghindi youtubevlog,1
vlogindia reelsindia,1
vlogindia routine,1
vloginhindi studyvlog,1
vloginindia grwmoutfit,1
vloglife dailystudentroutine,1
vloglife dailyvibes,1
vloglife indiadiaries,1
vloglife indianvlogger,1
vloglife malayalamdayinmylife,1
vloglife smartphone,1
vloglife youtubejourney,1
vlogmeraindian hello,1
vlogmy kaise,1
vlogmy time,1
vlogmy videoweek,1
vlognew trolley,1
vlogreels trendingvlog,1
vlogshorts shortsviral,1
vlogssc cgl,1
vlogstudy grader,1
vlogtalk show,1
vlogupdate welcomeback,1
vlogvideo newyoutubervlog,1
vlogyoutube feed,1
vloo ssc,1
vloo studv,1
vloqs upsc,1
voice how,1
voice welcome,1
voiced edited,1
voiceless showing,1
voiceless silent,1
voicelessvlog simplelife,1
voiceover cleaning,1
voiceovers transparent,1
voiceovervideo dailycleaningroutine,1
volcanic cliffs,1
vulkanik tekanan,1
vuzu karna,1
vxhatner goal,1
waightage kiye,1
wait answer,1
wait eating,1
wait plz,1
wait start,1
wait till,1
wait which,1
waiting kandirikaan,1
waiting perfection,1
waiting right,1
wake hydration,1
wake motivation,1
waking early,1
waktuku dengan,1
wali hai,1
wali hun,1
wall cleaning,1
wanderlust travelreels,1
want course,1
want earn,1
want enjoy,1
want feet,1
want less,1
want level,1
want morning,1
want night,1
want ruin,1
want something,1
want start,1
want unstuck,1
want what,1
want when,1
wanted learn,1
wanted see,1
wants improve,1
wants pleasure,1
wants worst,1
war funny,1
war hindi,1
war meme,1
wash gently,1
wash transparent,1
watched episode,1
watched fully,1
watched here,1
watched many,1
watcher cakrawala,1
watcher horizon,1
water forest,1
watermelon cutting,1
watermelon desivlog,1
watermelon eating,1
way become,1
way hold,1
way kelspersen,1
way talking,1
way what,1
way whether,1
wear how,1
wear tops,1
wearing favorite,1
websites goal,1
wedding motivational,1
weddings parties,1
week definitely,1
week experiments,1
week guys,1
week man,1
week pragati,1
week shared,1
week showing,1
weekinmylife lifestylevlog,1
weekly weekly,1
weekly wise,1
weeks track,1
wehi asli,1
weight michelle,1
weight street,1
welcome creative,1
welcome everyone,1
welcome finally,1
welcome gamer,1
welcome hey,1
welcome introduction,1
welcome join,1
welcome kelspersen,1
welcome little,1
welcome morning,1
welcome small,1
welcome ultimate,1
welcome world,1
welcomeback youtubechannel,1
welcomeback youtubejourney,1
well always,1
well back,1
well finally,1
well gotta,1
well grateful,1
well thank,1
well welcome,1
wellbeing expect,1
wellness routines,1
went life,1
went movie,1
what coming,1
what designed,1
what future,1
what kind,1
what learn,1
what lifestyle,1
what line,1
what matters,1
what pro,1
what right,1
what session,1
what think,1
what tough,1
what type,1
what works,1
whatiateinaday hourschallenge,1
whatiateinaday whatieatinaday,1
whatieatinaday khana,1
whatieatonmydayoff streetfood,1
whatsapp routine,1
when didn,1
when keep,1
when know,1
when overanalyse,1
when reach,1
when say,1
when stop,1
when time,1
when views,1
when want,1
where begin,1
where dose,1
where every,1
where lifestyle,1
where takes,1
where talk,1
where want,1
where worked,1
whether beginner,1
whether complete,1
whether curious,1
whether trying,1
which better,1
which class,1
which incorporated,1
which location,1
which niche,1
which pen,1
which scene,1
which supports,1
which time,1
while please,1
while since,1
while smallyoutuber,1
who love,1
who responds,1
who want,1
wholesome realistic,1
why each,1
why give,1
why love,1
why stay,1
why sub,1
why support,1
why ussop,1
wilayah kalian,1
winner gets,1
winter india,1
winter morning,1
winter upsc,1
wise stragey,1
wish lot,1
without being,1
without fake,1
without grow,1
without needing,1
without permission,1
without second,1
without talking,1
woh din,1
woke class,1
woke how,1
woke neet,1
women clean,1
women cleaning,1
won football,1
wonderful vedio,1
wonyoungism aesthetic,1
word imagine,1
word stick,1
words changed,1
words mean,1
work doing,1
work motivation,1
work next,1
work personal,1
work playlist,1
work rehta,1
work science,1
work smaller,1
worked hard,1
workflow grow,1
working aspirants,1
working mornigvibes,1
workout stretching,1
workout trendingshorts,1
works tiny,1
world building,1
world enjoy,1
world face,1
world local,1
world looked,1
world option,1
world other,1
world still,1
worldbuilding creative,1
worldbuilding dan,1
worldbuilding sinematik,1
worldbuilding speculativebiology,1
worldbuilding worldoftethys,1
worldoftethys worldbuilding,1
worldwide following,1
worry become,1
worry everyone,1
worst version,1
worst when,1
wow amazing,1
wow ang,1
wow momo,1
wow tea,1
woww proud,1
wowww love,1
write custom,1
write hypothesis,1
writer routine,1
writer topper,1
writing namaste,1
writing woww,1
wrong information,1
wrong world,1
yaad aaya,1
yaad rakho,1
yaar niceee,1
yadav elonins,1
yadav sulochana,1
yadav sulochanayadavvlogs,1
yah hai,1
yah shoot,1
yahan aapko,1
yahan regular,1
yall enjoy,1
yang belajar,1
yang berakar,1
yang lebih,1
yang masih,1
yang samar,1
yang sedang,1
yang terbang,1
yeah always,1
year aap,1
year after,1
year aindi,1
year bcz,1
year dropper,1
year dropping,1
year jee,1
year journey,1
year motivation,1
year sis,1
year sister,1
year struggles,1
year trying,1
year year,1
yearly exam,1
yeh married,1
yeh sirf,1
yek time,1
yela apply,1
yet another,1
yet stylish,1
yeyy uploaded,1
yoga tutorial,1
youareoneofakind doing,1
yourself favour,1
yourself perfection,1
yourself whether,1
yourself why,1
yourtopic yourtopicshorts,1
yourtopicshorts musicshorts,1
youtub thank,1
youtubealternative vlogaftercollege,1
youtubebeginners contentcreator,1
youtubeblogger youtubeinfluencer,1
youtubechannel newstart,1
youtubecreator indianyoutuber,1
youtubecreator youtubealternative,1
youtubefavnainaviralfirst vedio,1
youtubegrowth contentcreator,1
youtubegrowth gamingcouple,1
youtubegrowth subscribenow,1
youtubegrowth youtubeshortsviral,1
youtubeindia indianvlogger,1
youtubeindia shortsvideo,1
youtubeindia smallcreator,1
youtubeindia subscribenow,1
youtubeindia viralreels,1
youtubeindia vloggerlife,1
youtubeindia vloglife,1
youtubeinfluencer youtubeuploader,1
youtubeintros homevlog,1
youtubejourney contentcreator,1
youtubejourney hello,1
youtubejourney indian,1
youtubejourney indiancreatormy,1
youtubejourney newcreator,1
youtubejourney youtubebeginners,1
youtubemoney creative,1
youtubeprofile channelintro,1
youtubers kalisi,1
youtubers relate,1
youtubers support,1
youtubers without,1
youtubeshorts bairan,1
youtubeshorts bhumiglow,1
youtubeshorts cma,1
youtubeshorts collegegirl,1
youtubeshorts contentcreator,1
youtubeshorts editing,1
youtubeshorts explore,1
youtubeshorts growtogether,1
youtubeshorts gym,1
youtubeshorts introduction,1
youtubeshorts related,1
youtubeshorts shortsfeed,1
youtubeshorts skincare,1
youtubeshorts studyvlog,1
youtubeshorts theflavorlab,1
youtubeshorts trendingshort,1
youtubeshorts vloggerlife,1
youtubeshorts yek,1
youtubeshorts youtubeshorts,1
youtubeshorts youtubevloggers,1
youtubeshortsviral super,1
youtubestart channelintro,1
youtubestart newyoutuber,1
youtubestudyvlog povshorts,1
youtubetips freeediting,1
youtubetips startyoutubechannel,1
youtubetips youtubegrowth,1
youtubetrend shortsexperiment,1
youtubeuploader youtubeintros,1
youtubeviral shortsviral,1
youtubevlog reelsindia,1
youtubevlog routinevlog,1
youtubevlog vloginindia,1
youtubevloggers youtubecreator,1
youtubevloghindi viralvlogvideo,1
ytcreate videoediting,1
ytshortsindia birthday,1
ytshortsvideo foodvlog,1
yummy delhimomos,1
yummy gud,1
yummyfood yummy,1
zara what,1
zaroor dekho,1
zaroor karna,1
zaroor press,1
zarur dekhein,1
zarur kare,1
zero din,1
zero facing,1
zero gaming,1
zero hero,1
zero kya,1
zindagi badal,1
zoology aur,1
